{
  "generation": 65,
  "fitness": 2253.5488958990536,
  "food_eaten": 30,
  "timestamp": "2024-12-11T16:06:49.118950",
  "initial_state": {
    "snake_position": {
      "x": 28,
      "y": 15
    },
    "food_position": {
      "x": 18,
      "y": 0
    },
    "random_seed": [
      3,
      [
        3918969873,
        2894113586,
        490705588,
        4092692005,
        1475827934,
        3980510469,
        397455501,
        2831583886,
        3205062963,
        448166168,
        1095599192,
        1931567677,
        1592861346,
        335045250,
        539631959,
        4175743780,
        1480653193,
        3146559561,
        303225441,
        2673183305,
        2654709386,
        2086508849,
        2500800259,
        1345530172,
        3327535564,
        3742582453,
        4214599762,
        2798066343,
        3336388372,
        2667927867,
        3224310947,
        2632445579,
        1418814689,
        756904312,
        329122615,
        1583928075,
        1947905160,
        3674180642,
        2526380154,
        2997111045,
        1443734896,
        2816150060,
        424789111,
        3292661487,
        1591474135,
        939020550,
        1580382450,
        3742718457,
        1429270282,
        603079088,
        3956819120,
        41158718,
        2562667759,
        2319970336,
        3263852768,
        120843575,
        2650799066,
        2284197487,
        2319382271,
        655103916,
        4014802390,
        2450598285,
        1060196889,
        4164119601,
        1605214430,
        971515428,
        887216151,
        2469894488,
        2243978637,
        3989922804,
        3471158871,
        2321668736,
        3886350050,
        422692771,
        4075684381,
        2892714476,
        2171747468,
        4268553674,
        878353137,
        3489855941,
        2502103215,
        2983197010,
        3938179702,
        1212288294,
        3107976089,
        3238686689,
        3310469870,
        4050461674,
        2194510021,
        1219143523,
        932499860,
        2049514615,
        2122343358,
        2785671038,
        116231470,
        3856976730,
        1836138089,
        1873027016,
        293948927,
        643524071,
        1311232485,
        4192623857,
        1403736717,
        913078031,
        3036762217,
        1372354688,
        2389258302,
        3074980796,
        3215316445,
        3691989964,
        2433368654,
        1916772029,
        2603175397,
        2275643867,
        2156846978,
        601861971,
        949886093,
        1392386913,
        1049851362,
        594452810,
        150227172,
        320457949,
        523265442,
        3705222835,
        912555041,
        3948471411,
        1491467028,
        2743342049,
        3003850254,
        3306747865,
        796922772,
        2329814086,
        386572758,
        942560891,
        1144271476,
        2909857612,
        2375874537,
        1373477810,
        1414682006,
        2348621832,
        1868589605,
        2129636995,
        2170293682,
        1379464694,
        1194389080,
        2901781239,
        3157442289,
        2818881600,
        4023115950,
        3810455203,
        864705734,
        4203326827,
        66206058,
        3909772889,
        679374746,
        3974193915,
        2783632034,
        1984931751,
        570725483,
        3332835388,
        2282491692,
        1152693082,
        3268148452,
        3602233228,
        3140558226,
        1041408286,
        4004663722,
        1794995586,
        3838726972,
        2330496180,
        2959416124,
        1328902990,
        3896451995,
        2979742235,
        771617621,
        1269914456,
        621574707,
        1406618972,
        3889022473,
        297165002,
        3814483910,
        848065763,
        4163636,
        1713871753,
        642872944,
        4216104091,
        3479616283,
        3655873505,
        1393977572,
        2308616041,
        1561695366,
        3985954341,
        3750816609,
        3096771670,
        754756895,
        2581019724,
        3839908820,
        1296148101,
        2858904389,
        2432707521,
        218461959,
        2398599238,
        3060726137,
        2095266778,
        1424082002,
        2485631719,
        2888149423,
        1236056029,
        2825184124,
        2671996092,
        556547016,
        663434803,
        3609565444,
        3936649383,
        3643861937,
        52422361,
        1469894413,
        1227771019,
        2272782206,
        1664934511,
        2042711177,
        1014804556,
        165001215,
        3017428556,
        723133675,
        507627445,
        1416563495,
        2548407701,
        1549899481,
        2139840005,
        3750203143,
        2545560607,
        1836859665,
        1348100931,
        3150818222,
        1068331524,
        3145366384,
        1317156664,
        2516369159,
        38717803,
        1431299766,
        801257166,
        1311636466,
        845123207,
        756135103,
        3477613844,
        99691363,
        516603860,
        1504535852,
        1749800657,
        2408394878,
        3098512688,
        729828586,
        2335104948,
        1120645101,
        1850691888,
        2291485943,
        906848500,
        1177596679,
        577005495,
        1296070283,
        3316903689,
        3480517126,
        151827378,
        2778574354,
        3668200771,
        1854700477,
        4212310048,
        416908490,
        4245215689,
        2231899495,
        4286569907,
        2864167635,
        2343571697,
        861411489,
        1414430037,
        1882935165,
        1268046978,
        4190426668,
        962812191,
        705420087,
        519644723,
        800341903,
        3775027816,
        2728019257,
        3072670211,
        3032714979,
        207306953,
        2001120115,
        817495467,
        2926692877,
        2389903473,
        710421174,
        2948970094,
        4219526607,
        268410619,
        3303046728,
        1910103014,
        1541532487,
        3125757669,
        1450869502,
        2971663781,
        1749684081,
        1481055538,
        1466518414,
        185549817,
        906098661,
        1160707454,
        585210663,
        2077859092,
        1587531378,
        2580346888,
        1279040371,
        2811097399,
        476911923,
        4103888354,
        2414239887,
        3874444170,
        304713668,
        3697103754,
        3117553089,
        2818975402,
        2635258275,
        4287776361,
        2810949288,
        3252137710,
        3874008152,
        168891265,
        797829382,
        3273400358,
        1310649783,
        1413671022,
        2212021895,
        1579576047,
        2584029634,
        2909355285,
        1789366522,
        1259022158,
        938304479,
        2162195618,
        3383329084,
        3369457023,
        2030472323,
        187146409,
        3823045772,
        3508270779,
        1719514604,
        3135694594,
        2416355042,
        73511982,
        1944803110,
        1908646025,
        4107741899,
        1544790209,
        3041638298,
        592087284,
        2609231011,
        1605653794,
        2018103532,
        585264850,
        203852552,
        3165635492,
        3595220274,
        3152240631,
        2452265701,
        932366329,
        1643428493,
        275051222,
        2064482981,
        2356851276,
        122153255,
        2539179713,
        382377283,
        802789202,
        3955348277,
        2766153918,
        476419014,
        1662260651,
        3795190552,
        3334730504,
        1523705412,
        2635455658,
        4294368497,
        2567872846,
        4058546565,
        4151607030,
        4263551614,
        3948493100,
        3334137068,
        1266457078,
