{
  "generation": 33,
  "fitness": 2328.5496183206105,
  "food_eaten": 31,
  "timestamp": "2024-12-11T16:06:11.137468",
  "initial_state": {
    "snake_position": {
      "x": 1,
      "y": 24
    },
    "food_position": {
      "x": 11,
      "y": 8
    },
    "random_seed": [
      3,
      [
        1388375070,
        3643429111,
        1555586797,
        3123413929,
        1757030648,
        56430365,
        2490637531,
        3138524252,
        2455687317,
        3245907933,
        3317595892,
        3184678880,
        2924203111,
        238266899,
        2560996921,
        2344742106,
        1925069005,
        2896328415,
        3474721774,
        542951366,
        2536660541,
        707293693,
        1958995405,
        3002371791,
        2345183742,
        1349511005,
        1471170509,
        2909042576,
        2024647276,
        316986345,
        523672768,
        905766896,
        784946379,
        1473118645,
        3230702008,
        1867988914,
        221000388,
        3529596506,
        414561661,
        3562950778,
        1609534558,
        1592845857,
        776083441,
        1315863693,
        4154948590,
        3659502952,
        3310924495,
        1891909335,
        3527582161,
        1845733934,
        509885282,
        816071366,
        1304246121,
        2200177534,
        1385362170,
        522516208,
        1591694244,
        1543114270,
        124759594,
        3192669315,
        303369261,
        2600120144,
        2104450071,
        1735869440,
        117759490,
        2781885214,
        2009875214,
        1033900960,
        1638812862,
        2016183288,
        886587274,
        2957911699,
        340199278,
        3428899256,
        2881337241,
        2451708349,
        1694103589,
        4151101039,
        2553730029,
        2451280958,
        2990515420,
        3746046454,
        2798790489,
        3762537369,
        466547416,
        3140446208,
        2817841499,
        1309456868,
        2967547599,
        3265762796,
        2987930193,
        684095285,
        200799420,
        3132680349,
        1896025076,
        1783055200,
        645313097,
        909661119,
        1856606116,
        3113214692,
        243648103,
        49646016,
        2091435828,
        2571151812,
        2508539539,
        1219354728,
        224904228,
        1650111645,
        3362746222,
        479576015,
        1372081686,
        1337841045,
        850789389,
        433449786,
        3034545320,
        3389855987,
        2073356638,
        4197126343,
        3622007791,
        4225067435,
        2625500521,
        1171769313,
        3740947610,
        2963489635,
        2934679923,
        417935418,
        2697979614,
        19243457,
        3521563175,
        4030847916,
        945411973,
        2191614925,
        1225508625,
        1053754693,
        1992948383,
        1451838361,
        2829860622,
        141871820,
        4168772045,
        301744195,
        3830253688,
        2600500936,
        889525572,
        1406705965,
        2847751541,
        1029689241,
        3296447400,
        3590349152,
        1057095004,
        1764600497,
        395858310,
        913697489,
        1363433557,
        3721248195,
        2578900407,
        1103506477,
        3626346833,
        1537092698,
        297602058,
        646905640,
        2671865804,
        4127252396,
        2743647407,
        2536195804,
        3852304001,
        302918892,
        2821890815,
        1205570121,
        997883277,
        1569449586,
        4260728161,
        342203803,
        67654889,
        3783365582,
        531174914,
        13466723,
        440417564,
        1990517060,
        1452154463,
        1771854961,
        4286017997,
        1681556197,
        200673977,
        1610306119,
        4278435266,
        4246799357,
        2502824404,
        2115156943,
        1511124446,
        4112070460,
        2689497792,
        1830898137,
        1199734341,
        459432512,
        912604411,
        3271718164,
        3229563262,
        4120291062,
        1844130446,
        2326826566,
        2754889877,
        2886598173,
        3489493666,
        1353198450,
        36925751,
        3746663977,
        2793376231,
        1713466075,
        110444719,
        373225745,
        1588355148,
        1884427944,
        1329877888,
        1691725798,
        3735781009,
        1321253873,
        3268320573,
        2776654860,
        4213633475,
        13992168,
        3024833865,
        3179233633,
        1838314029,
        2252330456,
        3106484807,
        1465008309,
        1565427789,
        3734547595,
        1515505238,
        1901773663,
        2180863359,
        1619881415,
        2617621303,
        4110978330,
        3097626102,
        3180227214,
        283438420,
        675276259,
        3398779941,
        3888107236,
        3657341767,
        1285460771,
        474801663,
        12137558,
        1945112237,
        4156185807,
        2422430671,
        4268885194,
        2610074502,
        931940951,
        1420429043,
        4068604618,
        2393438885,
        1225891690,
        3818972127,
        3796744958,
        1353483458,
        3189396910,
        1533350109,
        3342129455,
        847235973,
        4273560063,
        2191474033,
        273907001,
        1224129577,
        230201593,
        3726751882,
        1703595487,
        1151053239,
        2728312582,
        1700590154,
        305442419,
        1763793656,
        804754,
        2789832534,
        2523716608,
        3508263792,
        632884603,
        159559995,
        1904600148,
        1058259001,
        330800525,
        4260638150,
        2331305531,
        4118839956,
        4148778206,
        2996668989,
        2335331460,
        1200808426,
        1188189151,
        3844868913,
        2225215610,
        835874165,
        3766819698,
        688024890,
        835051292,
        214151467,
        2636643508,
        3237027449,
        943097717,
        1534570310,
        2825735240,
        1431252947,
        4033376193,
        3868496901,
        2117537465,
        570864217,
        940357196,
        3868104917,
        127455449,
        3042886875,
        1204307970,
        709616437,
        2113063389,
        1987777407,
        2171047016,
        1222829417,
        272323346,
        1054817548,
        3760367579,
        4232145915,
        2976584156,
        392852229,
        2370727121,
        2359732284,
        2619502385,
        1563007786,
        3550161105,
        4092988957,
        1133718780,
        299559537,
        3507291389,
        2822981349,
        3069263489,
        1883686653,
        3226813365,
        1391927210,
        4054402066,
        3208777000,
        2679299521,
        4292969417,
        2801975140,
        1773478152,
        3362470637,
        3282849866,
        155097775,
        2435311924,
        2163892420,
        3672729617,
        529561592,
        759371278,
        3846144569,
        1289102812,
        4047075164,
        2041677242,
        392343721,
        1035448460,
        1371422193,
        3772695841,
        69545162,
        835727995,
        3082681901,
        2661648748,
        1705512091,
        1715567656,
        710696349,
        3435200092,
        2176906842,
        2666444581,
        3740948353,
        134282451,
        1774034570,
        2104467676,
        212378527,
        2487458771,
        1507938495,
        3580371868,
        1296391078,
        2113297716,
        3074456667,
        702993234,
        4007063154,
        1318873324,
        3117081155,
        112282950,
        4193331476,
        1545539529,
        2369193117,
        934481443,
        3029470748,
