{
  "generation": 27,
  "fitness": 2778.7909836065573,
  "food_eaten": 37,
  "timestamp": "2024-12-11T16:06:04.651683",
  "initial_state": {
    "snake_position": {
      "x": 12,
      "y": 19
    },
    "food_position": {
      "x": 9,
      "y": 0
    },
    "random_seed": [
      3,
      [
        3600132654,
        68208685,
        1982724953,
        3689723139,
        2064759597,
        2541155093,
        3153535112,
        1424593537,
        3444769688,
        2200998928,
        3879376703,
        1634927063,
        4098326953,
        3113842945,
        494065916,
        1734493698,
        1933395300,
        1599042029,
        3375483279,
        2811020591,
        1007795478,
        3988528184,
        589927344,
        4176015494,
        2225073396,
        510390217,
        2162267177,
        3681480076,
        2846895684,
        1795583500,
        1725268837,
        1250141447,
        779057152,
        3806358366,
        496192654,
        2037977833,
        1383826734,
        2725479468,
        3721643581,
        3355191541,
        3772128164,
        2188915975,
        1062435952,
        602058120,
        3597210390,
        3090447935,
        3480587764,
        610659755,
        2402688300,
        3616857141,
        857406555,
        705822518,
        457031749,
        2085932558,
        722279661,
        1796611106,
        2655713565,
        2211702114,
        1967235955,
        543264463,
        3969182733,
        1676067615,
        421552995,
        4180738293,
        304430798,
        298352604,
        3213143122,
        1989748515,
        2806034768,
        1570127031,
        3371385053,
        2037548638,
        3655718379,
        654706439,
        4139133094,
        586048735,
        2234744894,
        1550985420,
        4128132197,
        3446271786,
        401078670,
        985788766,
        932327645,
        2087411352,
        3837712328,
        1911360468,
        178123702,
        3186332316,
        1899727648,
        2678415395,
        2068661476,
        1624007081,
        1522573020,
        4157893360,
        272835697,
        3038553656,
        637842258,
        3871244984,
        2802020657,
        1223169971,
        2792922430,
        2476231212,
        897324715,
        1845645281,
        2241707757,
        3225372387,
        3982027905,
        1151628851,
        3119056114,
        4240048129,
        2635813280,
        2824956127,
        1733805029,
        2330473220,
        3440136290,
        879970791,
        4209658976,
        806658283,
        3204304543,
        2779973694,
        1040787833,
        4024134895,
        3908898675,
        592701991,
        1962834186,
        2626864032,
        2468434602,
        2209872006,
        1370239654,
        588001475,
        3789881607,
        2708740098,
        4286725647,
        2683720869,
        2740681215,
        3232377970,
        2509607705,
        1501645833,
        1091038754,
        2779997852,
        265390955,
        453639739,
        643183557,
        2822154261,
        3826382797,
        3397836781,
        1355143777,
        3019766954,
        764398542,
        3703744578,
        3354692621,
        251102127,
        1226275073,
        2155098209,
        2248489534,
        3272991372,
        89518860,
        87422069,
        1782069887,
        546710874,
        1331427065,
        159242582,
        3148310603,
        1914832006,
        2697695768,
        2851214368,
        1947736834,
        2000501567,
        1552682138,
        1680310348,
        3741225253,
        1307032916,
        76658907,
        528385807,
        931061628,
        232175094,
        3789142156,
        1692962843,
        2754689798,
        4001103581,
        1644558246,
        2532572316,
        2578179750,
        443363515,
        1388806843,
        1191450684,
        1996143495,
        203651783,
        837946525,
        1150876544,
        2006446277,
        4247465253,
        2809779002,
        226616498,
        3797993106,
        374144648,
        3117089917,
        1247623788,
        4175219157,
        2840778123,
        3453960243,
        1789715083,
        2837502673,
        3610064798,
        1246593764,
        3079125696,
        772988835,
        1286025478,
        2240359949,
        2244143616,
        2274597703,
        3554278366,
        2964746360,
        209873632,
        326793157,
        3050601698,
        29715918,
        364523529,
        806203345,
        2602045383,
        2278408902,
        3134624976,
        890157312,
        612477690,
        2909019476,
        2427538673,
        3332697139,
        279074800,
        916106840,
        4223964199,
        1899053181,
        2557975579,
        3008625710,
        587793468,
        90430398,
        4240426980,
        3182137486,
        2984634878,
        1649299151,
        2797964369,
        2469001980,
        916499353,
        4257618647,
        3181661683,
        2923134530,
        3560085233,
        1472043476,
        852436862,
        4279045234,
        1915083664,
        810150180,
        2367433361,
        2444910511,
        2042608883,
        2462065519,
        3202122917,
        4232528157,
        2047090861,
        2302408890,
        390855242,
        401772216,
        2577467270,
        3266356816,
        1360937879,
        4196024117,
        3403345370,
        1860343537,
        389849797,
        1409329412,
        2837766271,
        2766382211,
        1877331376,
        228701751,
        14529431,
        4189894700,
        2602745621,
        2179230592,
        416999055,
        3070784764,
        1944816708,
        2004823325,
        508452206,
        4115998926,
        2869039805,
        130819241,
        3408422063,
        3026694484,
        1027712161,
        1757745292,
        1969144153,
        2545338947,
        447492875,
        2187465091,
        3008011625,
        2013004385,
        362992649,
        3676796599,
        4150177338,
        3758027077,
        4157336989,
        2403100261,
        3504333457,
        1243126853,
        1542564996,
        1021015330,
        100133261,
        1448096464,
        2102666118,
        4124698756,
        557891783,
        217372080,
        2785516791,
        1206376628,
        1060775680,
        479374920,
        929306278,
        1906190444,
        2886248301,
        3128554194,
        533165627,
        293974095,
        1768094080,
        4099079275,
        3296182237,
        250324669,
        1703280066,
        3095438904,
        2664497614,
        1839294685,
        496212111,
        1273966198,
        1245840316,
        655035539,
        534219977,
        3736973007,
        3891502080,
        3873039120,
        225908341,
        4137796606,
        2376775889,
        2414472751,
        2017018801,
        448759571,
        1668135879,
        231976451,
        3198365476,
        4091571547,
        2825114869,
        3833843061,
        2373290745,
        240439144,
        2127087053,
        665506810,
        48061629,
        2694843714,
        3206331446,
        361237400,
        3732660225,
        3595463455,
        3217325605,
        332662974,
        663059719,
        1558302058,
        2996303085,
        3390761597,
        2767090033,
        2284282629,
        4128809369,
        1342614066,
        3851992489,
        2163362739,
        2420790004,
        3783869503,
        808681245,
        1024050096,
        2363051418,
        915314134,
        1979697267,
        1695471380,
        979098638,
        2001624820,
        1348499543,
        4167438209,
        2753238015,
        3924210327,
        3169871538,
        4008786270,
        3795505901,
        3233200489,
        3382075321,
