{
  "generation": 16,
  "fitness": 2254.1977611940297,
  "food_eaten": 30,
  "timestamp": "2024-12-11T16:05:54.210256",
  "initial_state": {
    "snake_position": {
      "x": 18,
      "y": 2
    },
    "food_position": {
      "x": 21,
      "y": 28
    },
    "random_seed": [
      3,
      [
        4113872990,
        1637332194,
        2227681729,
        3034746580,
        2019551112,
        4280326126,
        2961437392,
        2198855873,
        2873119887,
        3401368450,
        2661201507,
        3148527552,
        4094356023,
        910553290,
        3417761083,
        4175853022,
        1912619921,
        2161994876,
        673135306,
        594304652,
        27386177,
        275139330,
        284172309,
        2945090863,
        3790268019,
        3520478936,
        2727153115,
        96079893,
        874407376,
        2062778891,
        3806423456,
        2693311507,
        3746873082,
        3609368303,
        943513548,
        4240424473,
        2749670170,
        1644326687,
        89063640,
        567426266,
        85605248,
        222305487,
        3154254869,
        1191826483,
        2100133884,
        421766803,
        3547829885,
        2839121645,
        828081246,
        2657406422,
        3972332666,
        4024404191,
        3365016249,
        2930702207,
        683253975,
        4058911438,
        84704525,
        3027442809,
        3929242266,
        272034939,
        871290498,
        1195761900,
        2519473833,
        531404584,
        3245643383,
        3200668394,
        2384645011,
        3699323744,
        3504439246,
        3873672595,
        679712502,
        205486907,
        3836892180,
        3960345464,
        359551318,
        1022384455,
        3555384705,
        175715215,
        2134983264,
        1440599612,
        2487081057,
        1568519349,
        2781134199,
        2404326427,
        1231852077,
        4215330255,
        1446736164,
        1333462617,
        4140067762,
        1681337096,
        4287020158,
        2544084451,
        3930834990,
        3156068770,
        1864881486,
        4109439236,
        1060083638,
        2604803043,
        1201746767,
        3667820893,
        2763523539,
        2497656614,
        3985927592,
        4128400172,
        2989570379,
        1296322608,
        2391039403,
        1106296549,
        3835742590,
        3776922293,
        1816777071,
        2930270144,
        1061414008,
        702850354,
        2969313050,
        142499352,
        3610587041,
        4065443098,
        313364730,
        2389998702,
        1589631136,
        4054005838,
        798642059,
        390444715,
        951470069,
        2466266355,
        86222155,
        3727004241,
        2805883095,
        3912967959,
        1237746112,
        4195253745,
        1390217004,
        3665547635,
        3757453239,
        4250594031,
        3543093672,
        3782515198,
        3164368748,
        1690360261,
        1033063193,
        2144973392,
        1314132986,
        106906533,
        2205500396,
        3991192708,
        3066640843,
        2861621284,
        3152616435,
        2721546785,
        2920525126,
        1356926781,
        2186415761,
        261946518,
        895928930,
        1383299183,
        2140695770,
        3314642283,
        191832211,
        3170341249,
        1255587203,
        142018668,
        637236220,
        2287719132,
        3672070000,
        231405414,
        1439269201,
        2100387379,
        627879649,
        1796593133,
        965431758,
        4116368312,
        2594389731,
        1038200627,
        570264675,
        3935388420,
        1078470825,
        2653196172,
        3435540701,
        1204195536,
        1760584265,
        3772365750,
        3394307706,
        460654282,
        2955268267,
        384483038,
        3041130456,
        2760226219,
        1210291071,
        4289417868,
        3695340388,
        1017270457,
        2611645081,
        1649975091,
        108056551,
        777196539,
        883201017,
        3510525481,
        448256410,
        945251706,
        1807924825,
        3960776285,
        3958634424,
        2967692657,
        745076395,
        655841743,
        919431824,
        2247960866,
        2828697410,
        1157112068,
        1503283367,
        3946439983,
        125019938,
        1420677171,
        2765329596,
        3038371607,
        1952701729,
        3638749687,
        4043874333,
        3621252973,
        152659156,
        1648145379,
        754863273,
        3034664022,
        2013756981,
        354613770,
        1896626483,
        2142551371,
        4269071912,
        1675001147,
        4013071977,
        3576875506,
        1087779516,
        1469222226,
        260073714,
        2566722829,
        99897232,
        2788950073,
        149805445,
        3849438393,
        3088273874,
        3385934495,
        303572211,
        2509635326,
        3840302402,
        1502788361,
        2836026663,
        2736114580,
        2382118799,
        2869260668,
        2385014110,
        804797863,
        1141977557,
        3903270185,
        3237146978,
        4034279139,
        3931863455,
        560487446,
        4033341928,
        1963872918,
        4196084098,
        3709420848,
        2149015266,
        3732448636,
        1745517116,
        3850699230,
        2584183555,
        509043951,
        3999437126,
        1911725842,
        3659828137,
        527930933,
        3447669585,
        2014959469,
        3345118249,
        762708461,
        1338821615,
        346208242,
        1545203455,
        2881932155,
        2524533614,
        737118205,
        2446502965,
        2857044791,
        172764207,
        2332875566,
        840744346,
        1476505268,
        185476405,
        2030382475,
        2753610420,
        3208195240,
        1759822685,
        1599335635,
        1314173716,
        1727454807,
        3464699554,
        3283002560,
        413965520,
        4040269493,
        2554165163,
        1138400392,
        2716727430,
        3069593639,
        2181907889,
        3959579757,
        1499310809,
        3789552195,
        1502125406,
        2522199057,
        2147121881,
        2659778226,
        4245043646,
        2972620750,
        1764163736,
        980089492,
        2055798402,
        2506183615,
        2429741117,
        2369591955,
        1538594219,
        803598423,
        888304519,
        2048486103,
        4040926440,
        2771217939,
        1966355891,
        493701326,
        4176458983,
        2632155923,
        122265941,
        1956873256,
        3586585396,
        855555282,
        3167706881,
        2177731112,
        1388442493,
        2795213427,
        4255711169,
        538281530,
        3696921331,
        3248063872,
        1392678585,
        1591587631,
        1219944888,
        2423186854,
        1031671354,
        2478251311,
        4162372730,
        3529549259,
        3040579814,
        1234301224,
        1885247863,
        3736038328,
        3930433216,
        502344968,
        401449632,
        3603888897,
        2846485617,
        277711581,
        804265481,
        1271701368,
        1585304285,
        2753431767,
        304538587,
        3361541386,
        1252377504,
        3644955554,
        3496685853,
        1790330522,
        3273965030,
        1832646542,
        266802469,
        3358602304,
        1828069445,
        2626679991,
        1425132723,
        2016889355,
        3371619339,
        2878678402,
        513885242,
        3472084787,
        786789692,
        3767910755,
        1781143778,
        4216797133,
        3124535938,
        183431943,
        4047557085,
