{
  "generation": 72,
  "fitness": 3753.7955465587042,
  "food_eaten": 50,
  "timestamp": "2024-12-11T16:06:59.248169",
  "initial_state": {
    "snake_position": {
      "x": 13,
      "y": 19
    },
    "food_position": {
      "x": 9,
      "y": 11
    },
    "random_seed": [
      3,
      [
        3487344352,
        1694183360,
        4286737754,
        1131645156,
        2494877348,
        3615981683,
        706182022,
        1872726630,
        685263801,
        92296785,
        1281778910,
        1400832104,
        2545737101,
        1557669788,
        1175131089,
        1368941011,
        525763795,
        842079498,
        587641569,
        213951823,
        2584487205,
        1607538663,
        3726479451,
        2564685517,
        387631855,
        2584256573,
        1684096164,
        2098649444,
        245747189,
        2419158300,
        547076296,
        1790249672,
        1720468329,
        2424829587,
        1579816659,
        1586878354,
        1752035822,
        3486133947,
        882925868,
        1920962692,
        1749285210,
        1972466789,
        1786516976,
        1216678416,
        3920303702,
        3914990632,
        2843445470,
        858743105,
        2446717850,
        3362257193,
        1317844659,
        1255841268,
        2235877614,
        2382215913,
        4158541085,
        2264381867,
        2158956699,
        2939308688,
        2722083940,
        668208676,
        1498100116,
        3566191312,
        2640471066,
        3625654886,
        982887671,
        53441402,
        360140226,
        796618156,
        3026880407,
        1447337172,
        1243858915,
        2329498808,
        3378669728,
        3042134550,
        3454682144,
        3266247628,
        2392551621,
        706889961,
        3852844157,
        261951474,
        1828488089,
        3147090646,
        489933778,
        2464432236,
        349557273,
        1081272479,
        3555316238,
        1303597381,
        2953521210,
        967916104,
        1062727849,
        3922301954,
        1166338078,
        1444462880,
        4180470310,
        3567065723,
        2022304060,
        2586957471,
        1863632977,
        980104860,
        1972369225,
        108784592,
        2347828810,
        2730604244,
        114077137,
        4160113329,
        906507835,
        3005656597,
        3085206771,
        792051384,
        2119690917,
        2125412702,
        1867454248,
        3550042220,
        2938185615,
        1975988354,
        2584138464,
        1945474090,
        69380361,
        2303268471,
        1609924946,
        2877725262,
        1203235306,
        1792112976,
        1623129041,
        2195805657,
        1500838861,
        3713075167,
        2430597221,
        3380804720,
        728232732,
        3822126809,
        3270734354,
        4191882702,
        561899190,
        4217746618,
        2030502553,
        4097034594,
        3623210991,
        2337305679,
        1876147053,
        1632212248,
        1922932261,
        2718030555,
        484780168,
        3580179693,
        3092740128,
        2348965515,
        1211361849,
        1385358293,
        1624794297,
        1113131856,
        3489034690,
        2333720298,
        2266262155,
        3248173502,
        3106793576,
        3899210557,
        2476709674,
        2943584666,
        2549841891,
        4099913926,
        1934810180,
        1313142712,
        1338660855,
        3949285759,
        2319332047,
        3181632234,
        3456011794,
        3811592952,
        3235712986,
        2138634097,
        1905325491,
        1039246364,
        1447069917,
        1820520566,
        2432616829,
        909070783,
        1529350341,
        3201688547,
        1612622920,
        2347146841,
        1193891166,
        2486571870,
        3161637629,
        2691919367,
        1083003289,
        435099438,
        1155191343,
        2018655145,
        1162535485,
        1423156649,
        1079113943,
        2734961239,
        403363909,
        1699060135,
        323822794,
        1557288301,
        2586753583,
        3091085885,
        2002921467,
        1888166098,
        669354023,
        1698888715,
        723849103,
        2080547987,
        242476685,
        3751698894,
        1304732148,
        184418314,
        1571234836,
        3366256108,
        537635583,
        816899240,
        3882585442,
        2030879503,
        1924907103,
        3337829676,
        371594070,
        114540972,
        4268101092,
        3793392483,
        2260893907,
        2285388201,
        2426308179,
        2599568096,
        2720720929,
        3241577631,
        2284798826,
        845040832,
        3645234105,
        3228499005,
        1431589732,
        1996667983,
        3214804981,
        2915557748,
        3948434745,
        1478742297,
        1137476726,
        3591658772,
        3167531840,
        3187050457,
        4210411914,
        1353918812,
        3854537148,
        2627334114,
        180637383,
        710957479,
        932834353,
        676837404,
        2278142483,
        2382461243,
        2541032810,
        3475481585,
        3402080295,
        136076637,
        4168207039,
        1615394518,
        543399368,
        1335104126,
        1358768763,
        3469332524,
        2095220678,
        2986167357,
        3202034718,
        2695498455,
        2093505961,
        1582454683,
        1779782352,
        3450499783,
        2241171709,
        1715869119,
        2198152937,
        1586414545,
        1960622814,
        1615624131,
        2671503713,
        1738281152,
        3815108551,
        1816800666,
        103808327,
        2477397436,
        2395049698,
        4179206125,
        496312149,
        3120020879,
        3969478138,
        1506991375,
        1914580359,
        3112782107,
        2176121488,
        1730858077,
        3624402591,
        1314429908,
        1699378525,
        1629104965,
        1944577,
        3809134310,
        3480764607,
        1252767780,
        1216899793,
        3513709317,
        131544489,
        3130358044,
        2090745405,
        4284749862,
        634949024,
        452653175,
        937322072,
        1539205871,
        934292861,
        2232919185,
        2039309351,
        1884535972,
        594376628,
        3300803416,
        3616136183,
        3834750990,
        47644111,
        3140792764,
        308708091,
        3013447668,
        3978634103,
        4288452430,
        2547186016,
        3993409946,
        3347836957,
        1661338886,
        794374041,
        582941550,
        3875587465,
        1272130781,
        1261034313,
        1404774199,
        1176904593,
        1902964375,
        4106936951,
        230455610,
        692147215,
        2664524453,
        824413943,
        2698911558,
        2550826858,
        1735159075,
        3830708481,
        3742974695,
        2724420826,
        641705318,
        3799229542,
        4282275219,
        3738972576,
        1860390237,
        314826153,
        2700525673,
        2316344667,
        2040160742,
        2750596455,
        2881232945,
        3631480254,
        3207879885,
        2854564213,
        1044226856,
        4263281900,
        1585837232,
        3173207829,
        5093659,
        391581158,
        677417080,
        2578151455,
        918150513,
        457953455,
        1723145861,
        380120817,
        504839318,
        3233247947,
        2295730884,
        1356451707,
        3759800532,
        4114559877,
        1366430369,
        2421497551,
        1184178258,
        185165477,
        2653940231,
        2095297941,
        2545193686,
        2226861736,
        2620131298,
        2019881856,
