{
  "generation": 59,
  "fitness": 2403.265306122449,
  "food_eaten": 32,
  "timestamp": "2024-12-11T16:06:41.593712",
  "initial_state": {
    "snake_position": {
      "x": 17,
      "y": 23
    },
    "food_position": {
      "x": 26,
      "y": 22
    },
    "random_seed": [
      3,
      [
        2611018056,
        998149233,
        1048765555,
        3235591832,
        467564403,
        3592880277,
        582874641,
        2570022597,
        131532862,
        851275573,
        1727114095,
        3350252968,
        1170978411,
        2598650889,
        594519023,
        2126833371,
        1618092283,
        167988073,
        500460104,
        2931720538,
        2624152955,
        507118869,
        2411681896,
        2686754574,
        140803548,
        3289713891,
        844357383,
        1922774055,
        3859695950,
        236895314,
        3111255251,
        318053609,
        2260223446,
        449780439,
        4144515238,
        1383160481,
        3884690505,
        3971573448,
        1298595298,
        1070405701,
        1716914509,
        2530992356,
        2031999400,
        946627207,
        3577640927,
        2927689028,
        199119167,
        885703134,
        4082119012,
        3241449705,
        1710673399,
        3506428107,
        4084307000,
        4272342646,
        3722432477,
        1587240019,
        3710385356,
        4290337673,
        3688670466,
        572950028,
        3025085777,
        2556246027,
        2600410753,
        346361445,
        1637409870,
        331044801,
        208390829,
        48015595,
        3447605156,
        120538972,
        3820742956,
        978525809,
        2211205764,
        3011642656,
        3135627836,
        2302506760,
        3892894068,
        3741804832,
        1398456233,
        4190035612,
        3049249023,
        3346792838,
        166574201,
        208060218,
        72955058,
        3604349635,
        2218102533,
        2453391109,
        2235512620,
        4075228987,
        1744529665,
        3630070937,
        1115231214,
        3643393105,
        2925670249,
        1373040902,
        470238131,
        1594851359,
        127601789,
        4066543492,
        2216063761,
        3340855224,
        1582580472,
        1846943924,
        1419281216,
        2240683450,
        3800734363,
        3840005486,
        3615191235,
        195836617,
        3085971292,
        572464771,
        373900150,
        343123812,
        977772464,
        2071633554,
        3234051910,
        898134982,
        55468706,
        2833595498,
        2654899431,
        1473086801,
        2855486165,
        875217483,
        814598711,
        2695780456,
        2832637236,
        1264651848,
        45881782,
        3062649343,
        1730702403,
        3214177725,
        1260273001,
        2362546593,
        1376856196,
        2514998500,
        672815416,
        1593967986,
        3240828516,
        4173703086,
        39463136,
        2220774663,
        2268271111,
        1092944504,
        1926616784,
        1221376466,
        2393204616,
        3087776193,
        663465961,
        1342798897,
        2433561130,
        212870564,
        1313911980,
        4240803024,
        1035071417,
        2101636635,
        2440072470,
        4273813209,
        3352011266,
        1679840494,
        1316922035,
        3369208690,
        1344832659,
        661473148,
        3844774002,
        633003272,
        271299369,
        2030802001,
        3287212750,
        1396170476,
        1637833881,
        1854737090,
        2345181174,
        2166180336,
        846815066,
        1242302544,
        3227651405,
        1016048667,
        1686745544,
        266534120,
        3829931970,
        489746588,
        2275924610,
        1587548240,
        2664614202,
        3154097522,
        3824671581,
        822735733,
        2534112434,
        84996776,
        3059878600,
        3440097646,
        3709088181,
        3741967388,
        10143813,
        3897070296,
        1092150005,
        722743687,
        2523092843,
        3622075164,
        1504152697,
        944539746,
        2780087565,
        2759886986,
        776227849,
        3562024367,
        3343733639,
        1641396606,
        1684585229,
        2151847867,
        1790267860,
        2672360959,
        866067174,
        4134787146,
        899168290,
        1338165100,
        30925381,
        2254782056,
        2341260408,
        2351394497,
        2762823984,
        891756514,
        3775759689,
        2412206607,
        1261284840,
        4181347861,
        2329378620,
        2477163879,
        1202014383,
        2161146363,
        2507595653,
        2447373253,
        2930133544,
        1114404903,
        4281998034,
        3589671715,
        2105508964,
        2621738802,
        1039680191,
        2127174638,
        1565307804,
        1436446420,
        1925849695,
        3858792038,
        488980130,
        894579910,
        4107458712,
        1855072143,
        18643163,
        2179862710,
        2111319233,
        2577697563,
        3615588104,
        3837212777,
        3536662933,
        3590300782,
        3023821731,
        3412914106,
        1429392925,
        3098340485,
        2172099023,
        2846474400,
        136243977,
        3373293631,
        2888432600,
        3646582228,
        3105534883,
        4251848847,
        3580866187,
        2035974423,
        2365981837,
        2530710867,
        43991673,
        2335688323,
        2531807056,
        1744795721,
        886902470,
        2137170345,
        952585145,
        102441364,
        3359657706,
        937303825,
        4120252951,
        1061896042,
        2364395729,
        3733908051,
        174138369,
        1056332475,
        1333502865,
        2723962695,
        404269321,
        366576807,
        1052424413,
        3231557210,
        1551649327,
        3257622033,
        1664999631,
        885042250,
        4107834120,
        3436383021,
        3958613083,
        3352964649,
        505351429,
        351762942,
        2119373487,
        3804749075,
        2036665164,
        2077025039,
        1022608586,
        17535904,
        3571652706,
        2191087144,
        3910206869,
        478717578,
        3968568738,
        4123237148,
        4074736479,
        2759275022,
        2316326788,
        3083439719,
        565095706,
        194696792,
        65347917,
        2509165844,
        89259090,
        3158236446,
        3821536701,
        1967447534,
        674076254,
        2234882546,
        4226231578,
        3042398475,
        446562955,
        1739529748,
        3182572276,
        619064012,
        3788008665,
        241340141,
        650126496,
        3550707304,
        2127284439,
        3269572462,
        1909949866,
        151282724,
        2198953926,
        4164482156,
        3691457216,
        2652868782,
        4117194063,
        1467479958,
        2607994216,
        940713514,
        3835605583,
        2891945261,
        1045746813,
        3934393284,
        1903987384,
        1651650968,
        369644698,
        1584659549,
        708852545,
        2912024741,
        3241826852,
        1689229944,
        902683534,
        1543387041,
        1728864422,
        1629547181,
        3974043699,
        1692777188,
        1766504074,
        65290115,
        417243089,
        2422110707,
        2663578859,
        1744273298,
        3084634391,
        107469270,
        2057355048,
        2474744212,
        2487453272,
        219856464,
        1228817857,
        2695670733,
        3111965426,
        2014977439,
        154834766,
        1219260864,
        2791992262,
        133567093,
