{
  "generation": 61,
  "fitness": 2777.917981072555,
  "food_eaten": 37,
  "timestamp": "2024-12-11T16:06:43.923299",
  "initial_state": {
    "snake_position": {
      "x": 3,
      "y": 22
    },
    "food_position": {
      "x": 19,
      "y": 15
    },
    "random_seed": [
      3,
      [
        1492417866,
        2288477609,
        557249095,
        3997621917,
        1859697743,
        3611568615,
        551612522,
        1361547646,
        4112011530,
        1358059797,
        3535246108,
        3247334112,
        3645420227,
        423206020,
        397183527,
        1922580914,
        3736171534,
        3623723928,
        1509830672,
        2927970990,
        249329509,
        1869204959,
        4121371260,
        309096381,
        412188043,
        3460095673,
        1785671823,
        251252992,
        2930542501,
        2080961627,
        2678940480,
        3233713444,
        3238221403,
        1413863818,
        3438098460,
        2061309643,
        694957541,
        1640095332,
        3172379452,
        2457334356,
        1580583436,
        3413905482,
        238500211,
        900663401,
        1903295953,
        3954187401,
        3134734736,
        2109912315,
        2859652507,
        442830415,
        1159529632,
        1256452108,
        3370452913,
        262372608,
        3903989702,
        1969729214,
        130269625,
        1259550382,
        831452234,
        1217720139,
        2763934501,
        1661942537,
        1769618460,
        1840762167,
        252304908,
        2628187981,
        3232039476,
        1087262622,
        679241671,
        1814196939,
        1851410928,
        3096720737,
        2461496698,
        831323832,
        160938802,
        3071357206,
        2191341024,
        1436336258,
        380711056,
        541532992,
        322676788,
        1250314053,
        877303655,
        3759573893,
        2473870689,
        2300919016,
        336231904,
        994091915,
        906099078,
        3361750019,
        2988681960,
        2453389384,
        3366627865,
        2081096351,
        1031630531,
        1580648431,
        347647904,
        4080309177,
        365194074,
        3776699097,
        2191525943,
        115027758,
        2079996612,
        2578332226,
        2497725194,
        3556113595,
        3895919887,
        4034772584,
        3464019081,
        760677217,
        1100886328,
        492302872,
        3681820264,
        898896159,
        3229183403,
        576628034,
        403359526,
        2978617195,
        1620105328,
        4015388999,
        3749418616,
        4167810864,
        3234642334,
        2537297944,
        892601372,
        2712841546,
        1574048214,
        3248373538,
        1283208881,
        2762284722,
        413204874,
        1724466059,
        1802934540,
        2149056897,
        2195794670,
        1111372738,
        122216252,
        328423454,
        2353558102,
        559965079,
        3886742834,
        2242326998,
        1578417972,
        188637124,
        2480270804,
        450184193,
        2841170805,
        567282492,
        3473998778,
        2494502265,
        1998867018,
        1379148500,
        2322576642,
        151169138,
        1004832587,
        3781112416,
        3732463499,
        2147119987,
        384866706,
        970101009,
        1233607596,
        3830070078,
        379918372,
        1919306663,
        3459050511,
        1785694578,
        2278862748,
        2702940606,
        1252737721,
        2616638969,
        836782352,
        2822212008,
        3907634831,
        2712995388,
        388758662,
        2086629661,
        3472609403,
        4219011313,
        2264187437,
        3273880533,
        2669271422,
        1999567677,
        4240182561,
        2202142034,
        2273440415,
        969735670,
        1259808384,
        1981137819,
        966890159,
        606940092,
        1809503833,
        1791163668,
        3968785533,
        2318272227,
        2193745669,
        2601135184,
        3058127998,
        2992265734,
        3589134316,
        2540074349,
        1137402734,
        917453008,
        1405553507,
        4106997213,
        4052156215,
        402302232,
        338433717,
        2505702363,
        2915047244,
        1930237043,
        800830574,
        4092740117,
        3444421124,
        640229190,
        153803915,
        1341643003,
        7263458,
        178586126,
        982970293,
        2073188043,
        4155278184,
        1778471919,
        2918215197,
        8510973,
        4198677519,
        4138520601,
        3608995896,
        1771854373,
        2343232134,
        1697430563,
        2810017680,
        2476002063,
        2499750029,
        3303148698,
        2611798432,
        625720782,
        3699512337,
        3771656816,
        3139820222,
        2186220233,
        2346076726,
        3253486457,
        632632190,
        2284024566,
        614308534,
        2270958366,
        2748723116,
        889740135,
        112780964,
        4034256378,
        1020476709,
        1095335036,
        3618679070,
        3338661431,
        1289517673,
        4182584330,
        1382969507,
        1225104977,
        3434378960,
        3870911213,
        428408345,
        3919994586,
        1456892185,
        977943867,
        1851948454,
        2476959712,
        4235540229,
        2051604841,
        2823711344,
        269016737,
        2073577656,
        2369195732,
        2217564561,
        1295160862,
        3188038731,
        629635698,
        2191554791,
        3236710550,
        3990522243,
        3939761780,
        1732471287,
        1798392285,
        1656181318,
        2593098163,
        3642636460,
        239282536,
        3454854282,
        851817,
        4014581383,
        2409932979,
        1055372998,
        3388832777,
        862543951,
        2375600832,
        2758858223,
        197310835,
        1844209116,
        3337978172,
        812306480,
        932640316,
        22690362,
        2756061193,
        2324295625,
        3618891737,
        3557765171,
        1394444174,
        3010246011,
        1300782645,
        2848321196,
        136803095,
        1806347633,
        494672356,
        1651910682,
        51235372,
        1625929153,
        1098332248,
        581396074,
        164582792,
        778606253,
        591786008,
        1285379522,
        1259102029,
        4145631873,
        1038216117,
        3838421495,
        2918011871,
        4188188275,
        2861738778,
        1685379190,
        3408969847,
        1949401186,
        2565335114,
        199773761,
        3855403031,
        1658339734,
        4090595786,
        2870925500,
        3130434,
        1596725669,
        352907123,
        4228785507,
        531640321,
        1156952085,
        3148574788,
        3282513695,
        3897038732,
        358496911,
        1031082280,
        612468934,
        1523934289,
        2830923400,
        1896493112,
        578789072,
        2386162092,
        1119108797,
        3922980401,
        2472803599,
        3070197675,
        3866667084,
        1698223566,
        1511978383,
        3248876221,
        3833165923,
        3738359718,
        2244577094,
        1145227022,
        3014958200,
        2546665206,
        1213693444,
        2861170145,
        4227468501,
        194238135,
        2059422008,
        1762534230,
        3079549481,
        206205252,
        3859426056,
        3201114433,
        1492599200,
        1428481448,
        3308263373,
        275350482,
        1506407806,
        3352473058,
        4206972264,
        1979877742,
        3872962063,
        4005155338,
        2237843820,
        2581129829,
