{
  "generation": 39,
  "fitness": 2253.5321821036105,
  "food_eaten": 30,
  "timestamp": "2024-12-11T16:06:18.165086",
  "initial_state": {
    "snake_position": {
      "x": 14,
      "y": 1
    },
    "food_position": {
      "x": 29,
      "y": 5
    },
    "random_seed": [
      3,
      [
        3218985089,
        204819619,
        359104560,
        1767566559,
        313263390,
        2155205571,
        574553271,
        2367231511,
        69423697,
        1066526206,
        115226699,
        186601211,
        2587831834,
        427169723,
        2004082481,
        3382469872,
        2472499575,
        563931289,
        3373065116,
        3200454782,
        3447597923,
        2516363320,
        811342620,
        765903220,
        1127671605,
        2527325918,
        2485497012,
        3737791952,
        3895560479,
        3529630209,
        2205801051,
        854439523,
        4269323426,
        2229448777,
        2593377209,
        2410210831,
        2426141348,
        2925144026,
        2734231496,
        1130194313,
        667490944,
        2971016691,
        360553496,
        2053873994,
        3781205076,
        3467904380,
        4076718764,
        2954735744,
        391144846,
        1126740111,
        243645537,
        2194240076,
        983666283,
        3694100181,
        3764434905,
        2364911873,
        2395202868,
        2427343124,
        2988980454,
        2927993306,
        907906502,
        1748337757,
        1413659507,
        3233956606,
        4231349119,
        2598338816,
        1242791065,
        190133348,
        689084937,
        509961150,
        1043246598,
        1626234491,
        2293797022,
        4156769407,
        899682876,
        472540650,
        1557866079,
        2315993865,
        1344834597,
        211495051,
        1067159302,
        1661411354,
        4046273707,
        228998798,
        1989487141,
        2707489647,
        2272108558,
        2530045803,
        771169723,
        3854482632,
        56675695,
        371885530,
        2861762420,
        4084200863,
        682607488,
        2227693646,
        1971832050,
        3524278103,
        709762837,
        1023168640,
        4012337295,
        289444641,
        3329078281,
        1107642264,
        670206258,
        3096088663,
        1367282378,
        1387922329,
        2059831145,
        3222889632,
        3053953027,
        987384852,
        1293722132,
        355073411,
        76801846,
        2131509519,
        2182506066,
        3092473296,
        2750623318,
        2351342275,
        4208121209,
        3210814180,
        1034674318,
        1601436999,
        2613024874,
        2172902339,
        2775723136,
        563245097,
        2778784412,
        3409127011,
        1077289046,
        3210256302,
        3665485477,
        3762775708,
        2964395215,
        3932761511,
        205125629,
        3483795370,
        1403912007,
        3590617547,
        3330667014,
        2825846466,
        2953391385,
        2791626183,
        1359501286,
        3292979185,
        3537247638,
        4153435174,
        4095247279,
        355907215,
        1783069434,
        3652947108,
        3337777124,
        1408631008,
        849141033,
        3307783815,
        2500910400,
        1521373761,
        3591156309,
        1635530265,
        3306660857,
        593317165,
        3184679,
        1948125325,
        3065741964,
        887411186,
        126465659,
        3782592825,
        763572718,
        549074019,
        1345279828,
        3119487292,
        65955820,
        3691597023,
        1642149978,
        1440667978,
        3468759846,
        219791859,
        3318288277,
        556947718,
        3542541578,
        2824301111,
        2756307498,
        2504071099,
        835116078,
        446720144,
        1708933919,
        1823027579,
        3877454963,
        3746053174,
        2722565464,
        2785206217,
        1331873556,
        113480267,
        2971919104,
        3148426023,
        2129857840,
        1233959419,
        3417599000,
        1717908427,
        1943142099,
        3312190503,
        4074267607,
        3483387186,
        688763963,
        3848068100,
        182864667,
        703740005,
        3835409569,
        3410114144,
        3148686773,
        47991972,
        1052730573,
        834010866,
        3914555465,
        1285460863,
        483279117,
        4060382928,
        4164256368,
        3492683435,
        2037564515,
        2769574719,
        264410580,
        2926549814,
        1809578527,
        108009338,
        1351172370,
        1540951510,
        619046338,
        2053581705,
        4142349076,
        4214618571,
        1683485386,
        1335625290,
        304395171,
        2204939517,
        1936984489,
        4163096787,
        3685210833,
        4018898902,
        2295663184,
        1468131904,
        1454579292,
        587553439,
        1907752993,
        3695867078,
        3847854820,
        3307469911,
        3780894900,
        3850876613,
        4250084399,
        1091871652,
        280289439,
        1689233301,
        2462445226,
        2728596211,
        1048847156,
        2977237151,
        1481121583,
        1975176014,
        4205755036,
        3477410088,
        155401564,
        3645978723,
        2935068882,
        1490392554,
        1221146834,
        1402916578,
        1655383564,
        2401891922,
        412314742,
        298628643,
        2121326632,
        1517309117,
        3680273462,
        3659408660,
        4021621677,
        745835422,
        322972400,
        3740918272,
        3117316269,
        3137886806,
        2938712802,
        3851768897,
        2868456085,
        2243659219,
        3230156474,
        3322187734,
        1019583802,
        996024743,
        262207155,
        1360745700,
        2704327126,
        364194160,
        428792239,
        557993484,
        1915790402,
        2883411597,
        3575969687,
        1124022464,
        536874752,
        2054914947,
        812307559,
        2073892721,
        4288720187,
        1130510886,
        2153419223,
        1125952094,
        1440051864,
        2255783575,
        2311094673,
        1416731076,
        3002170992,
        2669395891,
        850748652,
        2136428459,
        3091641616,
        3003862225,
        584023226,
        2426872893,
        3920641445,
        702851606,
        2431982237,
        3206130102,
        2929061940,
        2589122841,
        181829056,
        3503304493,
        1189971072,
        1657944174,
        663723249,
        3146344086,
        3955896646,
        1931644430,
        2238133882,
        2835521014,
        2357179735,
        2654119813,
        2849255038,
        3599821700,
        4284659890,
        1677978443,
        3231653366,
        1093597272,
        944769466,
        647088304,
        3783965764,
        789140484,
        2460388095,
        1455841915,
        2236065465,
        3200410269,
        2313158777,
        2691019657,
        695593589,
        437480796,
        3526143251,
        2437474470,
        1336176493,
        1160026327,
        705604130,
        2630000611,
        3102975188,
        3815028894,
        2787925432,
        3004883118,
        1693324818,
        4145168971,
        802757032,
        3796718755,
        4120012334,
        2796638705,
        3539452042,
        3626718595,
        4183703430,
        3336890221,
        1826349734,
        2558365751,
        1414869742,
        79698730,
        1081513372,
        4197768146,
        1910319225,
        2227680518,
        1974039520,
        852205616,
        3427811366,
        2328607540,
        4278468573,
        957319380,
