{
  "generation": 63,
  "fitness": 3078.176652892562,
  "food_eaten": 41,
  "timestamp": "2024-12-11T16:06:46.501991",
  "initial_state": {
    "snake_position": {
      "x": 18,
      "y": 16
    },
    "food_position": {
      "x": 5,
      "y": 29
    },
    "random_seed": [
      3,
      [
        347505222,
        2149163889,
        3536684963,
        1027296602,
        2766128805,
        3135018283,
        1587036569,
        2806700961,
        607765791,
        3492421730,
        1153553963,
        3558444400,
        2748747444,
        4222198218,
        2763052327,
        2607944820,
        1478773797,
        3364254719,
        2085294046,
        2655901378,
        2537350875,
        1167405359,
        1694260357,
        414352777,
        917110909,
        3095254677,
        1827802402,
        936281593,
        2962407152,
        1461584007,
        3514247140,
        3784684898,
        2905370687,
        616229475,
        1466174521,
        1587995382,
        2685988708,
        2643890996,
        521665195,
        1636732077,
        3217383933,
        3010929818,
        403589463,
        2107339171,
        2726213066,
        621515745,
        1414179093,
        2398285718,
        2791839561,
        1412840042,
        4227837468,
        957536276,
        878961131,
        3743162945,
        2556723393,
        73293624,
        2784475409,
        495313521,
        1050325303,
        3097273114,
        1075664960,
        3966485196,
        3014834916,
        2390361678,
        2598863745,
        491403787,
        4207062790,
        1167491488,
        1049702396,
        897427635,
        2984016697,
        2032727936,
        1530842620,
        3187949021,
        752058280,
        1089290038,
        2242110479,
        3434510553,
        834963467,
        4151320345,
        38940879,
        623352900,
        2231864111,
        75643936,
        315509844,
        1917744490,
        826348083,
        3485900609,
        4263127734,
        3570688193,
        3728835782,
        136282547,
        1146530627,
        3805365424,
        1258053751,
        2916682040,
        170638331,
        3721046750,
        3197169519,
        3434118933,
        2472080220,
        744354851,
        727276451,
        505106342,
        2298232585,
        54453063,
        2820156002,
        3143275434,
        1048337685,
        348055593,
        615419122,
        1861809758,
        1289236913,
        2973484063,
        481344068,
        1706611876,
        2739992096,
        462847918,
        817834593,
        1772734731,
        2047579759,
        853235403,
        2650814659,
        1323358527,
        1618792964,
        483274024,
        261276903,
        764844345,
        3441059986,
        3120399240,
        3541194631,
        4016600419,
        2071231420,
        2561762239,
        3319840382,
        1548360361,
        9197505,
        3586940550,
        4061287660,
        571676679,
        3459289930,
        2763769219,
        1851272610,
        1640970501,
        2794484792,
        2445232031,
        3704758208,
        3564007706,
        2208677557,
        3821833866,
        4149700390,
        693526657,
        1676409826,
        877165925,
        3460197690,
        2454260017,
        2840415267,
        140793769,
        3723726955,
        1888060801,
        3446722658,
        954471134,
        1397573777,
        2726031048,
        2668462797,
        2076953917,
        1688415442,
        112254559,
        426027854,
        1788763973,
        2511534198,
        2323498876,
        462349696,
        4193547930,
        967133033,
        2301082891,
        1661883338,
        3828554150,
        1475260726,
        4027881237,
        2125921615,
        2004030103,
        2981513043,
        3060699765,
        1210993725,
        2039669443,
        3880887300,
        818405682,
        2446962138,
        1014426721,
        2528713435,
        2899619749,
        411215285,
        2417140545,
        1733621176,
        3745418140,
        1471492023,
        3192847773,
        2936545804,
        2331535381,
        2360285904,
        2734495655,
        2144126893,
        1893584049,
        1024689249,
        1778397342,
        3750279706,
        3590007495,
        1574437742,
        958927985,
        2524074119,
        1991096882,
        277669838,
        2352680842,
        3233475542,
        3162368699,
        914434042,
        3509184043,
        3814245202,
        2289874683,
        953344715,
        4131023424,
        2819765596,
        3460197284,
        1314091782,
        3053877129,
        911401890,
        4269265454,
        1595911656,
        2790791077,
        1784936169,
        2042997453,
        185841318,
        1691255243,
        1876287382,
        30215197,
        2789165511,
        1980419984,
        3172450704,
        1140995260,
        845121483,
        1294753881,
        2805822460,
        214377802,
        4017069350,
        1717722937,
        1909247363,
        1132708941,
        3241430336,
        3677947941,
        612354924,
        448535863,
        3279520717,
        3907327201,
        856815039,
        1070095256,
        2026545037,
        1378516903,
        3808217484,
        1067765993,
        298673946,
        379479477,
        867068860,
        116860583,
        680956868,
        2667036066,
        2465859224,
        861127951,
        3694215310,
        2507156954,
        1121743978,
        2725717958,
        2664314849,
        1425473808,
        3854157305,
        3991274980,
        3005674642,
        3369696824,
        1643345939,
        2737200091,
        2765493178,
        1293350081,
        2545517161,
        2846135765,
        3157420230,
        1322935781,
        2445139222,
        388116934,
        1410296219,
        2094317842,
        3164708842,
        3107931547,
        1674067045,
        3711856520,
        664151738,
        2577944560,
        3209230612,
        3508791624,
        2295684898,
        318506604,
        96634918,
        2925904736,
        2084216392,
        3796547367,
        3292215881,
        3177086546,
        1100937954,
        2711129903,
        2735485015,
        195102618,
        1225631463,
        1841462992,
        3746170245,
        524861699,
        2013982192,
        1026880594,
        2649305706,
        4104816372,
        267521922,
        1736350949,
        1149395245,
        814727695,
        1717732795,
        1120461049,
        3317108645,
        3857805527,
        3033942529,
        2559248576,
        1619359640,
        857012526,
        2859443228,
        3212501255,
        2888763484,
        552130292,
        720420799,
        2734531861,
        3754475581,
        2768522419,
        2410197610,
        559670120,
        2956260273,
        1160100698,
        1745436189,
        648234970,
        3216083242,
        2315404235,
        1209991388,
        1058903645,
        2123830834,
        3254255187,
        93033942,
        2465090897,
        1604487536,
        1292877576,
        665308256,
        3579434903,
        1453189838,
        2778150458,
        2402182285,
        2811572775,
        4288301232,
        3130132252,
        121124182,
        2106107678,
        2310610146,
        2793032508,
        1247373869,
        3162063115,
        2980618605,
        1746155334,
        1874755014,
        742723507,
        406564632,
        4249448036,
        4185356300,
        1619678818,
        505266797,
        750344123,
        483360723,
        1854322984,
        2554821746,
        3851436926,
        1649792477,
        3181807743,
        1002136069,
        53204950,
        2112695124,
        1301506753,
        2414133865,
        922382825,
