{
  "generation": 93,
  "fitness": 3453.5825545171338,
  "food_eaten": 46,
  "timestamp": "2024-12-11T16:07:34.005366",
  "initial_state": {
    "snake_position": {
      "x": 11,
      "y": 6
    },
    "food_position": {
      "x": 14,
      "y": 20
    },
    "random_seed": [
      3,
      [
        536442465,
        3300078761,
        1166354493,
        3801336453,
        70672124,
        21616455,
        2775018135,
        3827153232,
        3092189048,
        1689341980,
        3752199881,
        865203958,
        523662673,
        2941851318,
        2350026293,
        2331878818,
        2731360282,
        2505573954,
        2866114628,
        2525774175,
        188480672,
        3709268,
        4068631445,
        3305520369,
        229595518,
        3898012941,
        3764389594,
        991827400,
        420479771,
        317970298,
        2506015237,
        1593416305,
        2858302870,
        862022650,
        10181448,
        3320555255,
        49880076,
        306059085,
        3651251925,
        1224221682,
        1168751988,
        1329980922,
        1451961849,
        2909550034,
        3238054993,
        1139574165,
        3831359910,
        701991126,
        1378611933,
        1244062092,
        863764907,
        740720828,
        900401692,
        3054417065,
        961608536,
        3352662479,
        2653309418,
        3129227325,
        2580859907,
        3715929088,
        11579509,
        92198063,
        4283118929,
        1580785775,
        2419687845,
        217162567,
        1489111492,
        2316981856,
        1908172493,
        1709492456,
        1740180269,
        881902822,
        908564669,
        1224796088,
        531049461,
        1396718669,
        3477776821,
        2866503268,
        1696513165,
        4191969738,
        2668028707,
        2143405047,
        2285522306,
        3277665000,
        182968359,
        872601920,
        1818126937,
        3696676884,
        754399229,
        4274738889,
        283538603,
        1364448931,
        3394358520,
        2379697,
        1253031239,
        3010693955,
        1459566635,
        2503795823,
        3844879308,
        3234571158,
        2519713305,
        2977634745,
        3782873292,
        3552051145,
        302115867,
        2646535118,
        1621966459,
        2009986820,
        1230783655,
        2549806515,
        3173541924,
        1316495815,
        3770288144,
        1352142953,
        3461971924,
        564459691,
        3262014807,
        499183062,
        402561827,
        117066255,
        2228279231,
        2913063868,
        1845867796,
        982603373,
        3653019310,
        536183838,
        2902944202,
        3232855951,
        923567190,
        908758100,
        2765408823,
        4141048369,
        1916405689,
        176038642,
        2578494498,
        3127531959,
        1178910062,
        3188847112,
        4235225172,
        169727887,
        2412539569,
        1453387332,
        1337430580,
        3000915296,
        4234576684,
        3794067758,
        3456574712,
        524735731,
        3272335011,
        174384200,
        1598161848,
        641541777,
        1657547767,
        3303304853,
        3237422797,
        721512716,
        205981135,
        2683318442,
        529851799,
        487583831,
        4252523069,
        718445161,
        2938341006,
        2366083293,
        609724012,
        2156633595,
        448823196,
        2057970118,
        1628496224,
        1578299083,
        1261495736,
        29222791,
        1748946901,
        2645935661,
        1303170309,
        2787638261,
        4085646987,
        2021602088,
        176457652,
        148020570,
        24729982,
        106799725,
        4155895254,
        2930988897,
        1344499562,
        3951816335,
        3941218058,
        330719283,
        2227262334,
        2323478784,
        1405752690,
        442699834,
        2145674375,
        1699609359,
        4100524831,
        3048697226,
        3342356948,
        3848987724,
        2924088733,
        4094060654,
        2277850727,
        578451413,
        2158737254,
        737451059,
        3485694617,
        3070273507,
        3829446911,
        202238510,
        1651716636,
        358383904,
        2721885104,
        4152712312,
        3420036191,
        3263101327,
        908623174,
        2182467304,
        1796797222,
        3811312299,
        2125968375,
        412333361,
        2766881339,
        532548378,
        168486428,
        585021653,
        2406716122,
        593768685,
        1323073668,
        3723859910,
        2343052636,
        4023381832,
        815110710,
        4073867199,
        2525587589,
        907872518,
        3352962558,
        1986127271,
        1062340745,
        3243948870,
        679384729,
        1318576762,
        3564290281,
        1143382324,
        3177649159,
        1560397160,
        808773196,
        1957231560,
        1407368336,
        1681822472,
        495380614,
        1141291076,
        1055986078,
        1578403984,
        3132552741,
        3997846821,
        2322422370,
        372300451,
        1976374295,
        16249964,
        2169379247,
        2727036217,
        3867889521,
        2836623777,
        3429133228,
        1163983461,
        3153551024,
        4204627282,
        1811996211,
        4006598050,
        1405999018,
        798940388,
        2468726772,
        3309251390,
        1924812857,
        2890546397,
        1314999219,
        3310750565,
        640210662,
        613772493,
        2686637414,
        2139625854,
        987144219,
        54196429,
        1255916285,
        3617063241,
        945638059,
        1356585611,
        105912520,
        4082322411,
        3419726114,
        1145241241,
        2057283211,
        2600679857,
        493853417,
        2388594622,
        2181394379,
        1969847719,
        2187466956,
        242185535,
        3730082458,
        1411280373,
        1045350949,
        1999418674,
        195425503,
        1160898482,
        3243312052,
        1277763291,
        3477800100,
        1570851675,
        1565471861,
        3474022222,
        4293737703,
        1234433259,
        2794403543,
        990639986,
        632748201,
        473516802,
        806481543,
        1299453303,
        821905595,
        4075449084,
        1235896121,
        3501004081,
        1075396854,
        3882528583,
        1811138952,
        2525844484,
        901233465,
        3842960553,
        4044162942,
        3890458900,
        2320325746,
        4164235952,
        3894821898,
        3761132846,
        1203315262,
        3296476342,
        3118707069,
        141193081,
        2660527544,
        2695271189,
        2327002766,
        4158253394,
        437996275,
        520562474,
        4038315055,
        3060083903,
        2187388915,
        1021061445,
        1461163961,
        3457335794,
        1579809538,
        2513253155,
        449223986,
        1719735506,
        1998963407,
        3510742088,
        421972309,
        292967206,
        3554084956,
        2461759985,
        2305202594,
        1472295473,
        237636978,
        3814553116,
        3276219928,
        2332482593,
        849374480,
        3262590413,
        2978527591,
        1268309967,
        1736007233,
        4040848693,
        2905695204,
        1492838808,
        2351900364,
        1829229389,
        2389692319,
        2508157637,
        3567843707,
        469979483,
        3970483266,
        3728673369,
        2369202773,
        2889756111,
        2963514421,
        731958269,
        764272815,
        2850488528,
        2411694639,
        222294479,
        4047393252,
