{
  "generation": 50,
  "fitness": 2853.4172661870502,
  "food_eaten": 38,
  "timestamp": "2024-12-11T16:06:30.770528",
  "initial_state": {
    "snake_position": {
      "x": 22,
      "y": 28
    },
    "food_position": {
      "x": 8,
      "y": 3
    },
    "random_seed": [
      3,
      [
        1592262052,
        3713325028,
        2602490643,
        196327762,
        2017602460,
        41607846,
        3574400844,
        634457805,
        2678287317,
        2723057288,
        1120771392,
        3926275682,
        2518864561,
        825277212,
        501621457,
        277510682,
        1906754715,
        4103255926,
        754152582,
        1385174092,
        1629691260,
        177266384,
        1071902330,
        3324420486,
        2718715746,
        1445534027,
        2839238231,
        4073615826,
        3258759282,
        3150675024,
        119760977,
        1659908041,
        2600635705,
        2992347074,
        15645830,
        160323911,
        2580562942,
        2642671327,
        4267629780,
        3425140559,
        761231941,
        992634664,
        3915874967,
        2478733024,
        4282565671,
        3651975642,
        862392515,
        2819714519,
        2185567067,
        961103058,
        157347988,
        2746161650,
        3850218354,
        1833598207,
        1550269366,
        2694546472,
        1730524214,
        1014562915,
        3789724428,
        2109758672,
        316435166,
        2522937297,
        3662933667,
        2210445208,
        901069286,
        2428073922,
        355176094,
        2604849050,
        4713312,
        893560626,
        1014195733,
        2843421853,
        3548878442,
        2103410016,
        1487150043,
        2821385693,
        2635851488,
        3420771288,
        2230465739,
        2437359373,
        3371676814,
        1619728662,
        935496717,
        93653746,
        1484694017,
        3152857801,
        1699501657,
        3264517495,
        1389187575,
        1666934029,
        2480529898,
        34540593,
        1600979902,
        1403575690,
        3220439711,
        256831999,
        4291759050,
        1592861988,
        70330897,
        811268850,
        3398967014,
        1728882819,
        1664239087,
        3056226082,
        2185581862,
        4152275639,
        3462271673,
        1226596133,
        2289018299,
        2621243285,
        1095882933,
        1764064113,
        2379283840,
        2751783299,
        2912979340,
        1593666364,
        1153611078,
        1323135438,
        1709066204,
        856214938,
        2482288727,
        1797690024,
        275627267,
        2256059211,
        3798235970,
        289346420,
        1814347803,
        3113330993,
        1398759221,
        3196347870,
        3415334550,
        1646887673,
        3103480373,
        3467234902,
        749424665,
        1591279000,
        2549526956,
        1801175484,
        2806727290,
        3734373521,
        4196218404,
        4137130728,
        2930004865,
        2642444814,
        2235694974,
        442266737,
        1775913038,
        2856319597,
        114392318,
        4101077016,
        1916184518,
        3697931630,
        3397225287,
        1261827306,
        3283583708,
        3083350735,
        2222716599,
        3001410221,
        1677545884,
        3407384920,
        2787313900,
        1953878086,
        3105029923,
        2903120572,
        4280493785,
        3100332307,
        3964687892,
        3277055007,
        878328228,
        3233155516,
        973319556,
        3921537787,
        3991113051,
        1050900817,
        3734835710,
        33080971,
        2700429034,
        1614596747,
        925367848,
        90502594,
        4254339684,
        1095847576,
        1632573202,
        2600510541,
        155064357,
        2286288055,
        3402958895,
        3316567571,
        3445445045,
        998115303,
        2134609548,
        2958009079,
        716897972,
        1157216454,
        4128757155,
        4041037710,
        4036492287,
        994911615,
        1572765347,
        1525702589,
        1594643663,
        3154048104,
        4275106834,
        1797800329,
        2515839579,
        3819029384,
        2546595928,
        4628656,
        711466513,
        218430822,
        3171763927,
        3393937314,
        690965421,
        2271992234,
        2649200547,
        521707685,
        175534869,
        1858118193,
        1178339640,
        1680650116,
        3930981902,
        1071241783,
        3794114605,
        3830957559,
        386187120,
        1807120828,
        927880788,
        1044341762,
        1145036508,
        2227036484,
        2562655482,
        1882780509,
        3094245231,
        2943060977,
        112591621,
        604838909,
        3918585618,
        1534655470,
        3358114966,
        1899953760,
        1786696593,
        629787661,
        4248457213,
        3233631677,
        282578103,
        3950168394,
        2512221724,
        4815735,
        2537261005,
        2844128776,
        4095129157,
        3612506710,
        1055141084,
        4288210047,
        3452483717,
        1092450009,
        2727095094,
        4090859883,
        4272440930,
        2266223253,
        2998641135,
        586960098,
        3541652590,
        2257912952,
        2131721265,
        2996130454,
        3760130207,
        2420273253,
        781468445,
        1060563902,
        3324553052,
        289720216,
        2523416283,
        2224532038,
        4257862097,
        2134780838,
        497175489,
        485089925,
        2155924048,
        4075572412,
        2782534854,
        3728610417,
        204085124,
        950395881,
        937542757,
        2398711215,
        1186688128,
        3617571779,
        1568755580,
        3728961332,
        3431963710,
        1468990592,
        1175883516,
        251240143,
        3940131103,
        3950062906,
        115077518,
        2655201756,
        1103973167,
        70003725,
        2072080841,
        1983529289,
        2018489566,
        1330849382,
        2496854712,
        1291533706,
        661034867,
        1783343737,
        423177861,
        3986057448,
        1582043962,
        509235326,
        1434762737,
        3333916839,
        3873508302,
        2876898432,
        1604094248,
        3846837354,
        1958608395,
        3376574473,
        4011425458,
        1367133509,
        3163373984,
        2244267913,
        535993305,
        3799996229,
        148886038,
        3067136449,
        859100898,
        4276803427,
        380013989,
        826876185,
        1130180298,
        2943669888,
        3970128623,
        3207671510,
        2134938207,
        3857161643,
        641097949,
        2706166914,
        3927970212,
        980040589,
        2479633977,
        2325020688,
        3350407686,
        3083273428,
        2206269042,
        2308751106,
        237714452,
        3279521124,
        1787499740,
        3638725421,
        1106933112,
        2382794935,
        11436613,
        3609779253,
        3230504856,
        30868038,
        1537879550,
        3635578251,
        3091048593,
        3466663833,
        2813209771,
        1998990896,
        366254310,
        280319291,
        4063387130,
        15811482,
        1944920374,
        2646435047,
        3547718599,
        3479026021,
        1513025388,
        3934395931,
        2398566597,
        1384723271,
        3221863464,
        4173569442,
        1852831492,
        1109992285,
        2160612220,
        3921692126,
        136604283,
        3202795308,
        4007631314,
        2804571181,
        2225048574,
        3838398153,
        3536785106,
        2683982363,
