{
  "generation": 75,
  "fitness": 3378.8308740068105,
  "food_eaten": 45,
  "timestamp": "2024-12-11T16:07:03.541686",
  "initial_state": {
    "snake_position": {
      "x": 16,
      "y": 18
    },
    "food_position": {
      "x": 2,
      "y": 4
    },
    "random_seed": [
      3,
      [
        123122068,
        138834977,
        3463364593,
        2668136241,
        1557991899,
        2710360589,
        4005721842,
        1231399269,
        3085647406,
        2995054184,
        1813412052,
        3278925713,
        444947281,
        3523956145,
        4266387525,
        440947590,
        1127767086,
        1118254575,
        3293437011,
        2497125304,
        1942094140,
        3230375907,
        1483030849,
        1916612712,
        2083585768,
        1725249237,
        3210657045,
        870453935,
        4227137767,
        3723265708,
        543987568,
        681610686,
        4226556952,
        1233907820,
        1551607395,
        1003286258,
        371743708,
        2480532278,
        2761498761,
        4254644469,
        2192255919,
        289991094,
        494298406,
        1181593309,
        501287006,
        243128168,
        1600312751,
        1919338868,
        1810610777,
        1967560321,
        2497539422,
        378327135,
        1925411825,
        2193424464,
        2557534871,
        1387732280,
        2356122939,
        2963430058,
        1081802298,
        3528906852,
        3609876155,
        1457969812,
        4292439059,
        653282142,
        2831276012,
        3302628850,
        3152891180,
        4260031419,
        3120341602,
        1863137583,
        3216692904,
        2466986665,
        1037426715,
        2268193481,
        717214708,
        3984956436,
        1220984743,
        3731819220,
        1956222328,
        1661001312,
        13363187,
        4040172023,
        3975082464,
        2584016062,
        2170457934,
        4027051117,
        2761857125,
        112855536,
        2826369108,
        3578687872,
        2934954173,
        4084295062,
        1011791592,
        1535069671,
        3161053668,
        3808842678,
        356519122,
        180545363,
        3256808367,
        3829243738,
        2798923225,
        514778728,
        2117258869,
        2751237277,
        3845605458,
        3138911530,
        913441571,
        2675176139,
        2019638762,
        2151957258,
        701792014,
        579997714,
        1329680625,
        2524493334,
        1826106509,
        3111354942,
        1096264228,
        192821074,
        1707548005,
        3093064728,
        3440018442,
        958521280,
        2721761899,
        3283703270,
        1565321173,
        3734536500,
        3094061686,
        2313415823,
        4069778720,
        1618898290,
        4066964986,
        365768453,
        3619227883,
        3589083603,
        311322538,
        440085019,
        4030106542,
        739287766,
        3515474643,
        124876509,
        3348749997,
        1342894261,
        1274303661,
        4108425918,
        4006132065,
        625715305,
        2253161310,
        3232879839,
        838035160,
        2648800652,
        967972196,
        639356577,
        3687764084,
        3115809784,
        609586998,
        994452720,
        1148581414,
        1540204298,
        3807654858,
        4200002177,
        86163361,
        1428605875,
        3711363751,
        1771542402,
        3016159094,
        4050076413,
        2826359225,
        4169889000,
        1565090120,
        1430122124,
        4198492352,
        3650883062,
        1963733473,
        1417184428,
        2886345823,
        2454011306,
        758623546,
        919353898,
        4031882952,
        1382112288,
        1519454160,
        4083534822,
        3560405975,
        2241997270,
        2179790309,
        1759133170,
        454474461,
        4185982190,
        4045290288,
        661073184,
        2779319067,
        2864068354,
        3982732338,
        1577010253,
        3683232460,
        3438071413,
        3520791214,
        2308689563,
        3810202446,
        1845947345,
        332658386,
        287176242,
        2941674332,
        2212716640,
        4081980031,
        126187932,
        928099963,
        3954922653,
        2597056818,
        1312620896,
        2649971594,
        3533289147,
        2479349449,
        2717250226,
        1853263702,
        1406793375,
        1401591084,
        402459960,
        2375823459,
        2469735034,
        1729085829,
        3995211022,
        3803461566,
        3598544985,
        3754778904,
        940709464,
        3519432816,
        3909860615,
        1482431471,
        846952315,
        1660428026,
        409883355,
        361932458,
        406857430,
        729172663,
        3687889552,
        2739714157,
        4255036633,
        1099090153,
        783172633,
        2638056751,
        3880911526,
        3916270001,
        34376415,
        1739719741,
        2412204340,
        2333712890,
        293291931,
        3195526945,
        2878496897,
        824692879,
        55013548,
        144007604,
        257909717,
        4045320545,
        1357743430,
        2372372869,
        1077595607,
        1001731535,
        2686798476,
        2131734593,
        2912270087,
        1638807409,
        852514123,
        3352522823,
        2314610625,
        3193763216,
        2038292368,
        3525441245,
        1386029006,
        1352828761,
        1377958755,
        1992127074,
        3465215281,
        1808557679,
        910197040,
        1527709226,
        1167078511,
        3403907530,
        434737498,
        3652926297,
        4135470127,
        1826041681,
        1508347649,
        818509429,
        3442273968,
        2823894187,
        896954004,
        3598858703,
        3136045454,
        3064194767,
        3050584397,
        2930171713,
        3142253156,
        1040494202,
        2857927851,
        1696055777,
        2669165742,
        799333803,
        3834495500,
        644214281,
        1791142484,
        3236052507,
        595280518,
        3265989371,
        2089857086,
        779240238,
        3767284209,
        3134222515,
        950582272,
        1180986771,
        656596718,
        526039359,
        823883798,
        108851689,
        1357089007,
        828666467,
        3598700798,
        3447485829,
        169299336,
        3040512064,
        2442201919,
        1027807969,
        999681845,
        3892897221,
        3509216025,
        513732112,
        3160666654,
        3449734682,
        1229783735,
        414753508,
        2409481573,
        2648445374,
        2833700018,
        3463428973,
        1562651164,
        252950807,
        1829816354,
        471155092,
        530541964,
        3053088477,
        266276165,
        3392130735,
        2720043710,
        2299678826,
        95425497,
        1779597078,
        2478952858,
        394981161,
        689147973,
        3555882307,
        3514206897,
        977628740,
        3406224927,
        870121161,
        2691032209,
        1073201525,
        1280655881,
        1178387116,
        1995635379,
        1233026789,
        948321472,
        2768758402,
        249777762,
        377171933,
        3997700598,
        189965658,
        4149412950,
        567277616,
        1293698040,
        946383832,
        2593008374,
        2258945124,
        2431541853,
        2036751854,
        3725364183,
        2389983794,
        183602091,
        2627091321,
        2937154447,
        41362157,
        938573432,
        1290213824,
        964029282,
        889088749,
        3171178338,
        2624308048,
        4097089013,
        695983196,
        3684271066,
