{
  "generation": 10,
  "fitness": 1054.468085106383,
  "food_eaten": 14,
  "timestamp": "2024-12-11T16:05:51.228541",
  "initial_state": {
    "snake_position": {
      "x": 27,
      "y": 6
    },
    "food_position": {
      "x": 10,
      "y": 22
    },
    "random_seed": [
      3,
      [
        1906420403,
        3399807880,
        2926121322,
        373159884,
        2987300359,
        1255393942,
        1007996218,
        261099410,
        763269340,
        4045657649,
        1102885795,
        1351883596,
        770290649,
        2799706524,
        830735010,
        1920883888,
        479237946,
        3655192404,
        913627397,
        4002785193,
        1550030219,
        3905888125,
        3791771160,
        3727703289,
        4035751917,
        380629207,
        900462432,
        3029404892,
        2407500237,
        3570001157,
        3674951897,
        3300751083,
        329594876,
        3820477129,
        4255901069,
        3269138075,
        3655207844,
        3417175886,
        3762148364,
        3211337361,
        2870603199,
        1399877834,
        2968213266,
        3825955050,
        741234177,
        1270633765,
        3459899667,
        3114503247,
        1146200163,
        2277519074,
        116516839,
        3499510139,
        537102707,
        2185032324,
        3346582753,
        2640625233,
        3224770946,
        3728583211,
        2590143843,
        2682624425,
        3950343849,
        1445733186,
        2689362520,
        283484517,
        3538904234,
        3547343341,
        3581798281,
        293680451,
        2266884466,
        2899325482,
        3928531777,
        4042398167,
        3517656395,
        495814552,
        1411986160,
        4140391982,
        1540757257,
        398616235,
        1497157073,
        4187398784,
        8762174,
        3390544707,
        2509903104,
        3008429919,
        645886907,
        3748107187,
        3538851828,
        1042351719,
        1893994765,
        1935011139,
        366755433,
        3220045819,
        1967032632,
        4049388035,
        1870021008,
        3502400574,
        3163044925,
        2976158732,
        2948894604,
        1539977472,
        1752294015,
        2708031569,
        4238233672,
        1570518557,
        2982721496,
        3188406102,
        1771966072,
        113382616,
        2998033815,
        1186501908,
        243993318,
        1894076076,
        1121014718,
        4096347462,
        2763475757,
        1741915006,
        2826973229,
        494368545,
        1650867512,
        2959542811,
        1826306110,
        3867068496,
        779846535,
        600485511,
        3008338922,
        3631787769,
        888142368,
        3485812506,
        3794768744,
        2988179409,
        460019193,
        3206782191,
        3908989373,
        3667491565,
        2173231903,
        1421118058,
        2647003314,
        3348524198,
        3068179271,
        2556596883,
        2957309194,
        2622626811,
        2692655526,
        203366641,
        3867810485,
        3347142294,
        4212707012,
        3086234452,
        2665121626,
        3978568642,
        2660551305,
        3641548474,
        1222043827,
        2694881446,
        3109783354,
        539738700,
        1427040988,
        3905995637,
        924884689,
        3878910522,
        260122814,
        44067586,
        942853553,
        1793118205,
        1167715693,
        1791079688,
        1862726115,
        1098610251,
        3012648113,
        530316295,
        2315294081,
        1893873796,
        1306460961,
        4067800030,
        2511862365,
        1251364755,
        649648432,
        1133415087,
        900461310,
        2856595294,
        4041600815,
        1096217916,
        4544465,
        3181030677,
        802771206,
        4028918804,
        3936417903,
        2073059447,
        2966171732,
        3293349155,
        779236091,
        3047966922,
        535845324,
        861206726,
        3405624089,
        3302547588,
        690710006,
        1397880444,
        4062069109,
        2810093663,
        4026106843,
        557890596,
        2304892272,
        3227463428,
        840681508,
        1055408951,
        1080955715,
        2955790877,
        1850321467,
        1409114221,
        1787278451,
        4105123254,
        1327616846,
        1601193148,
        592596858,
        1607314851,
        2002091751,
        2979222702,
        921666524,
        4066609984,
        151937207,
        1864627151,
        4128867850,
        987924576,
        4258496033,
        3608816730,
        686550157,
        3088175744,
        1333194933,
        2967925615,
        1136912221,
        1578532650,
        2030674711,
        1932800167,
        3649200463,
        46649189,
        76307061,
        2926482773,
        2868844618,
        2776501257,
        1903270911,
        3557642669,
        823586956,
        3896510918,
        2006107093,
        2089982926,
        1767615427,
        1620550104,
        2908942618,
        1876941013,
        800834063,
        1475906103,
        2340813315,
        3249556652,
        3170413659,
        2985951012,
        2951103953,
        351700815,
        1103179640,
        1569890072,
        3735748513,
        2220856595,
        2082362037,
        234615230,
        1880563324,
        3206927215,
        3606627685,
        4018234578,
        632167082,
        2776241566,
        3624241523,
        3194761440,
        1532440701,
        142570120,
        700450249,
        1676092759,
        2829346444,
        1857787880,
        2886670621,
        372444310,
        2169328871,
        670852456,
        603669721,
        3504293196,
        2974752804,
        2766790157,
        1441096007,
        872427308,
        3424906565,
        1837072688,
        400808002,
        2967866480,
        585453947,
        1454815195,
        1638054065,
        457788822,
        870880180,
        3995110194,
        3649823192,
        3856999205,
        131863729,
        2247704447,
        113851707,
        2969803630,
        3187405405,
        1446948881,
        618232688,
        1246020208,
        3001762510,
        2513667689,
        1107091926,
        2316887262,
        1548082674,
        1182304422,
        60178006,
        1691410850,
        878821902,
        427626644,
        1805128543,
        2428395895,
        737654530,
        2774359524,
        1648917236,
        1616340032,
        1001877212,
        2324163334,
        2505065810,
        4261960936,
        3412849862,
        2765228445,
        2231781451,
        2567676503,
        2559646648,
        749106560,
        3968669809,
        3049978677,
        2886984843,
        86384361,
        4063916780,
        962873300,
        3422003558,
        3141014334,
        568824379,
        2262716098,
        2868817871,
        1122744547,
        4229123310,
        2570938197,
        4014804354,
        538448784,
        1851683960,
        986857520,
        3731305314,
        2738821578,
        3658773914,
        3592362799,
        1748531956,
        1893440660,
        2509097123,
        1143044253,
        3389379324,
        301283657,
        543324124,
        3378281568,
        3025777378,
        3824275944,
        1187335190,
        651308706,
        3258082485,
        3193532918,
        3762912125,
        2834205706,
        1289843694,
        1740965086,
        1589411133,
        2316215122,
        92816860,
        3082781061,
        1304011736,
        42371092,
        1728900834,
        1206031709,
        338129645,
        3214346627,
        1868926162,
        4018421711,
        1911683193,
        204883615,
        260581733,
        2981510315,
