{
  "generation": 12,
  "fitness": 1503.512880562061,
  "food_eaten": 20,
  "timestamp": "2024-12-11T16:05:52.115352",
  "initial_state": {
    "snake_position": {
      "x": 11,
      "y": 9
    },
    "food_position": {
      "x": 28,
      "y": 28
    },
    "random_seed": [
      3,
      [
        3695086,
        2202008474,
        3194961567,
        803377190,
        4084261980,
        2752439203,
        2179453774,
        1190598638,
        1107070236,
        394189929,
        2149087019,
        1954242385,
        958760556,
        224548379,
        3493128413,
        1980301643,
        3681592174,
        1167315379,
        1952509146,
        3568312749,
        2515597699,
        72283961,
        237053394,
        2654314776,
        4152004930,
        3001963551,
        1126243611,
        793771063,
        2333064612,
        3247509843,
        3666077879,
        815923976,
        2442392404,
        706274569,
        2931630394,
        1084611006,
        2555283661,
        3578378358,
        3620183239,
        1326065867,
        3095759955,
        1331010305,
        302529966,
        918852252,
        1361871621,
        2940312888,
        1423516925,
        40013589,
        3227886794,
        4173095811,
        2309714841,
        2891898428,
        804358334,
        3786295226,
        1165157983,
        337421639,
        1992440660,
        3520350391,
        4002507932,
        4008315107,
        2763004238,
        2335445514,
        3586823226,
        1276869163,
        4191282228,
        4180925131,
        580578515,
        2388120875,
        3459243167,
        455199633,
        1469407513,
        2295867583,
        2016476883,
        1550059724,
        3603503900,
        1738487153,
        1629936866,
        2671001618,
        1704251413,
        3579986231,
        1296201271,
        509005414,
        1910901089,
        2074323114,
        3520821067,
        430541910,
        2346716858,
        1543642004,
        1136636821,
        3666765535,
        671833750,
        2437484887,
        1734144723,
        3960098949,
        1244401878,
        1066222944,
        4187305402,
        734827539,
        2159993855,
        2573775554,
        2668164671,
        1443499480,
        162804202,
        101139240,
        3083019608,
        3286104212,
        2965282563,
        18355648,
        2698865221,
        2056712068,
        1268154541,
        2056913331,
        4254713750,
        537596720,
        2694640560,
        3676168063,
        955967560,
        1311498708,
        2594331835,
        2029606353,
        3644025883,
        4216018265,
        214835669,
        2658990208,
        1378110377,
        1287176115,
        3636465721,
        4135911700,
        1896203905,
        993520924,
        2869900736,
        3246203868,
        2727124713,
        2721858588,
        1349825073,
        2209745418,
        338106567,
        2958329970,
        3088936027,
        2050650500,
        2488140700,
        2326224151,
        3927819953,
        1330619092,
        529267806,
        1460867654,
        352724635,
        4260384330,
        1524657010,
        1368687103,
        1180046674,
        1672951662,
        3518951316,
        3654676971,
        4266309020,
        1972088652,
        2139378354,
        424894816,
        2536679119,
        561004793,
        2904515906,
        2350628419,
        3710511222,
        1814442073,
        2148846702,
        4212289419,
        2168783147,
        3293077751,
        1965596796,
        406202535,
        394277828,
        487255242,
        3016437830,
        1003970045,
        3375647147,
        3277024673,
        39705225,
        3623015720,
        679901557,
        246909566,
        3092967591,
        2224130534,
        3519253264,
        2077451052,
        2258416333,
        292776367,
        1902741963,
        1488340209,
        1248565006,
        1241497759,
        2566088072,
        1662104488,
        319721236,
        686752535,
        154291267,
        887342074,
        4220756009,
        2192969163,
        2639101574,
        2572389797,
        51236188,
        2704134405,
        3655878490,
        1473288071,
        312405063,
        759919184,
        4224549570,
        3707200581,
        3748278933,
        1872560722,
        782254034,
        929134893,
        2877721457,
        4264540493,
        3804246000,
        921979426,
        1336526698,
        3288102174,
        8067083,
        3461497981,
        3207266108,
        4284053908,
        183483176,
        3845257731,
        2090538186,
        2124245034,
        4008078011,
        2642529831,
        2912773459,
        4292643093,
        2774490599,
        73283373,
        523978244,
        323713678,
        851536280,
        1600100514,
        1784753526,
        2021992688,
        706480622,
        3636802383,
        1108451350,
        2224327408,
        267803840,
        2768981381,
        3360613514,
        1227998227,
        3870983759,
        2531318704,
        3631800177,
        930424118,
        1392837556,
        870589165,
        949130847,
        4284345017,
        3432942007,
        1249491006,
        3070506627,
        1094712038,
        1502907193,
        3531303768,
        4036547813,
        372231694,
        1434756699,
        3692562508,
        3541017166,
        3023498546,
        1498928161,
        4015566701,
        2907775232,
        3612894518,
        1583972182,
        3576755505,
        1670817965,
        1036337136,
        2239011773,
        483488942,
        201411891,
        246897358,
        3797612226,
        96551047,
        355311736,
        2614465393,
        861251250,
        408615594,
        3810204613,
        1280701081,
        3442351774,
        3236261504,
        2012029384,
        1407838608,
        2382497975,
        2227052692,
        1019447960,
        774941475,
        1722167853,
        452715479,
        3486553787,
        1172689525,
        3155900710,
        2476963618,
        2317417120,
        1633589375,
        3247289799,
        2668225063,
        108744035,
        2201568564,
        2958145656,
        583663122,
        4118827251,
        3855455169,
        3260988621,
        245375629,
        1486362883,
        1444036992,
        1137835384,
        3458067199,
        3762153643,
        3788217370,
        2166710142,
        227948516,
        943481022,
        1918784846,
        3493797825,
        1800793552,
        2301695819,
        651323068,
        3248679185,
        433540146,
        2672562055,
        3950322784,
        487347122,
        257848287,
        377046549,
        3090864409,
        186273159,
        4075753607,
        3236594773,
        2782407601,
        288938269,
        1066270746,
        2358685825,
        4855875,
        900007095,
        4161693958,
        2227049587,
        997379634,
        2354457663,
        88100643,
        2311763179,
        1333830818,
        3799144703,
        3547724709,
        1469457576,
        3894303729,
        3394287563,
        3207655359,
        3323500122,
        3104381045,
        639203533,
        3757699118,
        3483365992,
        2263854565,
        2531639761,
        3318788583,
        2780287466,
        4069501706,
        539989363,
        1492201881,
        3830680529,
        1423680731,
        2289880858,
        3141524936,
        3791170032,
        179411232,
        1006639810,
        1682327586,
        3255624297,
        4172536937,
        3114956713,
        1025541486,
        705318795,
        2819443216,
        4076026738,
        528776654,
        1331305419,
        644301465,
        3885695478,
        486805452,
        1653755494,
        2459778094,
