{
  "generation": 89,
  "fitness": 3228.5054347826085,
  "food_eaten": 43,
  "timestamp": "2024-12-11T16:07:27.641310",
  "initial_state": {
    "snake_position": {
      "x": 9,
      "y": 12
    },
    "food_position": {
      "x": 29,
      "y": 4
    },
    "random_seed": [
      3,
      [
        2817324792,
        523893102,
        2466983445,
        1559722711,
        1762871873,
        1127216704,
        2726531109,
        208808798,
        790503975,
        4271680050,
        708008366,
        1786131319,
        1496250175,
        4162010944,
        2034700829,
        2031597939,
        3252368442,
        1831372749,
        2450998846,
        3790769177,
        1791522570,
        3298613647,
        2072982279,
        649673583,
        3698451463,
        3561528408,
        2639333071,
        3464186053,
        1228737672,
        2285186095,
        3102824877,
        1434756099,
        473618858,
        2303728859,
        4048322332,
        2047695067,
        4226681401,
        1219634846,
        3553965068,
        1913343064,
        2306425212,
        1300671746,
        3013640747,
        1286366135,
        577137320,
        92993140,
        3420942168,
        752649289,
        4026045712,
        8454476,
        736854683,
        1244116346,
        1922779602,
        2787156816,
        1549316353,
        916537007,
        1166093230,
        2334390033,
        2014520971,
        3339208223,
        3656063882,
        3936272905,
        145733314,
        2089879691,
        1874787542,
        2210072592,
        4166622934,
        677108628,
        3469176231,
        3958938765,
        1484229462,
        3669858323,
        2460694186,
        4009365776,
        2539251643,
        1942479380,
        1523952330,
        2377160424,
        2001256984,
        185373162,
        3545927232,
        2948257358,
        1196663046,
        2114934665,
        1891270846,
        418909548,
        3299446054,
        2109699915,
        3119141396,
        549160885,
        1985709306,
        179050503,
        264965954,
        3852380796,
        2066160694,
        3327827870,
        3591588990,
        794232756,
        692036568,
        3620310860,
        277795343,
        3511806190,
        3599544873,
        865926740,
        843922268,
        3987318179,
        2726445132,
        511838307,
        2567074760,
        77395368,
        3448689807,
        927456403,
        159735413,
        6740279,
        3280841293,
        1268193873,
        1694391937,
        2387184261,
        3342050078,
        3042953785,
        3607721148,
        2516003607,
        286797198,
        3218917203,
        2547257503,
        3569563253,
        2928899197,
        3206589677,
        4186479681,
        711189099,
        4028799761,
        3409660273,
        2154213703,
        2882221646,
        2782600475,
        2773402212,
        1880380589,
        1235331320,
        524428687,
        1189662031,
        2067392759,
        713478101,
        2191247975,
        4258392553,
        906286171,
        69037373,
        3992718698,
        2247606312,
        1452442081,
        4131136050,
        2963515406,
        3885082022,
        2726852931,
        1890163754,
        4113730777,
        3698555195,
        1202798961,
        3455010699,
        1039102812,
        757115423,
        3115271920,
        2662802300,
        2890681591,
        2342680041,
        1902727091,
        2775343796,
        1519098985,
        566264923,
        3258926688,
        3210845606,
        3898957519,
        1059816270,
        1207595073,
        4118143327,
        2068001763,
        779527432,
        3337289378,
        2144466374,
        2070612799,
        1705280796,
        2579525869,
        1354234858,
        1132120418,
        2058514928,
        2354779850,
        839213021,
        1714460469,
        383011981,
        883334618,
        584820933,
        2134589370,
        3192430722,
        3307421832,
        3610183727,
        1273894540,
        3060296438,
        692616457,
        730938616,
        960832774,
        1025825144,
        4205899032,
        852550255,
        170148702,
        2638065922,
        2411293030,
        1478248823,
        3851167451,
        2411746668,
        2146604843,
        3545882901,
        2161127226,
        97190106,
        2847145341,
        3337333781,
        97707120,
        892047369,
        3820766326,
        2119812756,
        1266412015,
        3876128436,
        342084589,
        2299811786,
        2828473811,
        3349551273,
        3546377487,
        1467456967,
        1500061241,
        1813944224,
        1519903411,
        3358698162,
        2552266805,
        2403906878,
        2856101025,
        2834955437,
        967112963,
        254595703,
        1867566170,
        722122803,
        3991724448,
        3201801063,
        3729042465,
        246672634,
        297461505,
        2501463701,
        132749684,
        1036186188,
        3594658123,
        1442828230,
        3117578011,
        2729736665,
        2349800058,
        802468050,
        3856263423,
        4093125518,
        1115237202,
        1104192035,
        1057874390,
        2432956870,
        450409230,
        1946276510,
        1074803742,
        9232244,
        2204811498,
        1898562395,
        2520021869,
        1482410555,
        3612569804,
        3400131440,
        3826187913,
        1309615145,
        313188954,
        1298491510,
        1885440591,
        955613922,
        1290154309,
        1068517447,
        3836561167,
        445658136,
        296810249,
        3682791402,
        798181630,
        2340952014,
        3844432083,
        2797684351,
        3553449118,
        4217723621,
        1166433183,
        853154182,
        555712756,
        537897210,
        3730314317,
        69204527,
        475758648,
        2122685048,
        3740977641,
        2591457419,
        2292004093,
        278931672,
        3302731555,
        1191037466,
        3676617507,
        212775068,
        162695914,
        1079553047,
        1912425690,
        664243335,
        3533233512,
        1246111555,
        3085925000,
        3157254249,
        3348781980,
        3201881416,
        1130562246,
        2542555727,
        3972912675,
        2736957567,
        3127136507,
        407965802,
        1780638334,
        1028984631,
        1538251598,
        266338929,
        908968595,
        2072613187,
        2814494796,
        1593481317,
        1476858136,
        3819678268,
        2753294661,
        3812885540,
        3247220515,
        61782110,
        2848342230,
        3936956631,
        3358699902,
        2624303788,
        1799802170,
        452403507,
        4007344928,
        1745978489,
        4223859231,
        2182184862,
        2976539346,
        3417402128,
        573623190,
        1017446245,
        2813363794,
        2747393241,
        2711477352,
        2997537013,
        3349768302,
        1319896217,
        2542351583,
        3693654183,
        1661507825,
        3531196298,
        1972989214,
        4254188764,
        1413521380,
        3433479746,
        3146573062,
        2362032558,
        3075013380,
        2786434194,
        2909501505,
        2981198012,
        379677483,
        2086806124,
        415219353,
        1488742034,
        1929254966,
        3154541199,
        1278315169,
        2368317193,
        2985479172,
        3373602356,
        3139799859,
        1518494151,
        3098177438,
        4183950290,
        2985580138,
        2654446052,
        294051595,
        590476222,
        4153449223,
        3679066779,
        3042250800,
        1984276387,
        3987643173,
        1584251844,
