{
  "generation": 14,
  "fitness": 1054.356846473029,
  "food_eaten": 14,
  "timestamp": "2024-12-11T16:05:53.077521",
  "initial_state": {
    "snake_position": {
      "x": 17,
      "y": 27
    },
    "food_position": {
      "x": 8,
      "y": 18
    },
    "random_seed": [
      3,
      [
        2718363269,
        3191213549,
        1015893583,
        1201524058,
        4269650783,
        2689276840,
        3600588263,
        2974900357,
        248675627,
        193132784,
        1217108154,
        547551586,
        786319513,
        2102678638,
        3097956158,
        502874878,
        1910165804,
        2494393419,
        2083258398,
        3088085394,
        1241170584,
        1565227807,
        1285430710,
        3620617629,
        1299840282,
        733628555,
        1839404329,
        3391681746,
        1276021974,
        2234500764,
        2397178816,
        1529010474,
        1783479876,
        4129649273,
        3113421456,
        4069016358,
        3118582955,
        2768153217,
        296137152,
        1639593552,
        4038703512,
        2572426594,
        686378778,
        3332010849,
        494176825,
        2889959994,
        579296396,
        4123272498,
        1277029459,
        2135955295,
        3181872611,
        1850559534,
        3881164565,
        3541086984,
        152313802,
        2908531677,
        2752180580,
        2523959764,
        155709746,
        3054673629,
        2201465028,
        271265745,
        459776730,
        2703419470,
        1415541120,
        2330082298,
        3367469280,
        3802310434,
        634856533,
        2594555171,
        1928032801,
        103824705,
        2042360849,
        4174168105,
        2821012091,
        3134295008,
        1737814184,
        1684470503,
        533043607,
        3482021999,
        1303011661,
        1855384203,
        2874681406,
        1709557804,
        4174165191,
        3451215148,
        4253258264,
        1251483647,
        2412860343,
        1261503751,
        1210757962,
        2625891160,
        1008369795,
        825738423,
        2673255342,
        1481710014,
        2436008688,
        1173021353,
        2238167866,
        529491094,
        2965064806,
        1126855419,
        1066799174,
        749554234,
        1245374751,
        2200553895,
        285712442,
        2398205693,
        1341613056,
        2297426823,
        3996689621,
        4001700677,
        2506506359,
        3428311503,
        4066120261,
        2133041142,
        2845701459,
        2302232163,
        2885462725,
        4246367635,
        1636360525,
        1126099041,
        3870998358,
        1329410680,
        1483873562,
        2710232209,
        4139643520,
        1234110702,
        145109550,
        1259574900,
        921017498,
        2220391880,
        3255541483,
        185314351,
        2898699255,
        1285066680,
        245437798,
        1726469517,
        4002172041,
        1506325307,
        255975259,
        4109217578,
        2423564919,
        1764475828,
        447812970,
        1102200915,
        1021483950,
        287368216,
        3110511704,
        2484733980,
        989502574,
        1265796927,
        655223245,
        269444563,
        1093694840,
        3440879838,
        2817654718,
        4250167634,
        2934760534,
        451818318,
        1227661092,
        2649255760,
        3321631065,
        30278861,
        4282688797,
        1027406295,
        1478769275,
        170482106,
        715088301,
        977245513,
        2910812472,
        2432292987,
        2250133844,
        4206384855,
        2846471801,
        3361384456,
        3248449848,
        3037007691,
        1075242512,
        4147171134,
        2543195338,
        1603512412,
        1680835871,
        757820685,
        1567919809,
        1243357609,
        612828778,
        4082645148,
        3677456921,
        676946716,
        1512765374,
        2232466180,
        3065174412,
        3574970967,
        3163020517,
        1445360082,
        2430335134,
        1785025578,
        1289590408,
        801770449,
        1825333751,
        2117252111,
        320780163,
        1991114386,
        3007528026,
        3580183267,
        895128591,
        1188510440,
        2648227953,
        932507862,
        3933506514,
        2593050017,
        2828453970,
        871124880,
        2237930080,
        973701217,
        2788750190,
        3239193736,
        471599061,
        2753338394,
        3780812084,
        3325461081,
        1153622526,
        3723137498,
        1188717403,
        1512412000,
        3958803241,
        3298513254,
        3894483648,
        1926443674,
        2295757938,
        158175237,
        2676332870,
        3338629830,
        2082446651,
        3685308169,
        2025375350,
        2318189347,
        1064063394,
        4099884910,
        4272930699,
        3181773223,
        815461843,
        1924197560,
        2887184991,
        1840259204,
        3945181412,
        1828317001,
        3715192101,
        3897311203,
        3378884527,
        3389740395,
        80590035,
        4286748504,
        3231795163,
        2153684158,
        2383418761,
        222479746,
        1685768866,
        3579097842,
        874539581,
        2405767735,
        3566223237,
        2365760561,
        3484138963,
        2705136352,
        3511801045,
        1807107136,
        930876953,
        476041316,
        3382237859,
        3635326226,
        1696988994,
        354755369,
        1606735842,
        2860008865,
        1484137480,
        1389726110,
        1534609285,
        2227359267,
        4133400016,
        770829063,
        174988824,
        3333915859,
        3931814359,
        4014196481,
        151198861,
        1438613031,
        3993910857,
        2545443334,
        3495099452,
        1360494131,
        3986993510,
        113589869,
        3228051192,
        2575067404,
        4090666624,
        904980864,
        2549650739,
        1465950143,
        2971557503,
        2779587023,
        693101856,
        745195674,
        2422223198,
        2502215314,
        470302167,
        4087752346,
        1646135157,
        855226548,
        1050537743,
        3102689283,
        1943570774,
        2878115450,
        2712334478,
        4109845369,
        4271133676,
        2532513875,
        4100058842,
        3161083617,
        4128362840,
        672914168,
        3042983764,
        2292037761,
        4118401171,
        2174341564,
        2981829655,
        3443986678,
        1128976393,
        2475721315,
        1955898352,
        330024039,
        2432959816,
        377505125,
        2932943973,
        376216449,
        2916033146,
        3895584165,
        1638137140,
        3368950711,
        1814481793,
        38472556,
        4078034795,
        252880779,
        718132574,
        417154495,
        2740934439,
        1317099120,
        1084035612,
        2157220796,
        2472446341,
        3013148842,
        1370635370,
        500115614,
        1017356203,
        1245955531,
        1615195459,
        505490822,
        97217964,
        3401755963,
        1791395338,
        731306975,
        443357709,
        3419140936,
        1352392370,
        3864145722,
        193516361,
        4063916682,
        3050714987,
        138211405,
        4263805535,
        2904582436,
        3263886721,
        3404493395,
        2116379823,
        1378500402,
        2839934782,
        3854422705,
        2835449359,
        2017962046,
        1623673979,
        2693408527,
        1426087497,
        431166727,
        123850805,
        1100176480,
        2186365976,
        2494670747,
        464026981,
