{
  "generation": 91,
  "fitness": 2928.575794621027,
  "food_eaten": 39,
  "timestamp": "2024-12-11T16:07:30.860626",
  "initial_state": {
    "snake_position": {
      "x": 17,
      "y": 8
    },
    "food_position": {
      "x": 0,
      "y": 10
    },
    "random_seed": [
      3,
      [
        3164198626,
        1875082522,
        4034003719,
        1495663307,
        4226256926,
        809015144,
        1303805904,
        2164806485,
        3647711390,
        3396887114,
        1695182274,
        2924435328,
        1067902408,
        1369801115,
        291183834,
        2309750249,
        1365939890,
        2052504769,
        3018713357,
        2763415632,
        2419017062,
        3035790467,
        2741904527,
        710055779,
        3211028231,
        2927106021,
        2560285842,
        2374266754,
        354851099,
        3354389054,
        3679088355,
        983996098,
        889826812,
        3447952355,
        2049821068,
        2634520681,
        1594530444,
        2518420729,
        1807389012,
        137075627,
        772652383,
        3616256504,
        170452087,
        1453155487,
        591865718,
        2921382492,
        4078779248,
        3434909224,
        1509540852,
        2165980369,
        1832210542,
        1151121872,
        4080183751,
        618114953,
        980211720,
        2772881341,
        3975293000,
        1060540388,
        1239873802,
        4066063216,
        3253539333,
        3400283640,
        879949659,
        1813321649,
        1468660310,
        3062109945,
        2900553736,
        2241252459,
        3778469377,
        1078496957,
        1331133898,
        1655711416,
        4067152845,
        2913030858,
        2293078223,
        3360968608,
        2729452152,
        4266921985,
        577076098,
        1579110921,
        1843766785,
        624748608,
        2653614184,
        457800555,
        3883166572,
        3438957157,
        1825379283,
        72382394,
        708387803,
        602219680,
        2522736915,
        3646323431,
        1329998206,
        868820584,
        3261537939,
        3472058374,
        529660966,
        376734080,
        3501589463,
        964714386,
        1407184146,
        399869047,
        1590785104,
        578547111,
        3013679933,
        228376372,
        1857432412,
        3176211836,
        3094192056,
        959329704,
        1780186148,
        3760079604,
        2662540608,
        1955837177,
        4019519002,
        483902613,
        592890527,
        1972637307,
        1586985088,
        3937603231,
        2006497049,
        737401824,
        3445181635,
        3920219982,
        362420716,
        2055385023,
        3052048509,
        3094115054,
        3322695134,
        3079755250,
        4065452036,
        3523707252,
        1728192228,
        4132590759,
        3931991687,
        1837061011,
        972407967,
        3569643739,
        4186451408,
        946801296,
        2773376198,
        2519798316,
        2244523936,
        1791079364,
        3184571169,
        2483028643,
        827480844,
        1960713641,
        1356697480,
        2913476416,
        2664179234,
        183575611,
        338551375,
        1571753287,
        2959042549,
        2047070731,
        515580630,
        1395611343,
        3635295505,
        4144034411,
        1535710952,
        788032369,
        2660460949,
        294903202,
        2017082424,
        1045337612,
        1435377890,
        751393649,
        2527314381,
        56723481,
        3226325342,
        3064157535,
        309083440,
        1402570985,
        875925511,
        593749540,
        421497904,
        3729166065,
        705087538,
        458641466,
        3244542997,
        2393481908,
        3717563684,
        2143414121,
        631279441,
        2461571273,
        726583921,
        320329998,
        2497593679,
        4020240662,
        700844360,
        2836770557,
        103278050,
        2371695454,
        2645212063,
        856045156,
        2455475475,
        3826639617,
        228460091,
        1703064533,
        1070890771,
        2098030068,
        1391360668,
        93072327,
        1901162278,
        1093356761,
        455447639,
        3040368371,
        803547259,
        1701718426,
        1214611864,
        1986484810,
        3600612903,
        973343939,
        4127672108,
        3687324727,
        2955437034,
        410944701,
        3488531544,
        4018662160,
        1317132083,
        633574066,
        336838752,
        4122909624,
        1415546605,
        3321968146,
        1555072510,
        351293765,
        495853199,
        1475314262,
        2322564981,
        1275543824,
        4257945244,
        674787,
        3039137409,
        3868958341,
        913423219,
        2699678214,
        3723470268,
        2987026876,
        1361644365,
        2555704190,
        3668839948,
        3514504259,
        3082805040,
        1937449552,
        3408671262,
        679795136,
        577301979,
        3557228102,
        910376059,
        3305716621,
        497244536,
        507462243,
        2064003177,
        3352792971,
        3732488368,
        1014210517,
        397932190,
        3111174755,
        2890125015,
        577661335,
        903945828,
        2194430454,
        1201536451,
        3432559953,
        3134181647,
        3561721546,
        3133522206,
        1735125794,
        1728278435,
        3880321760,
        3261441187,
        139705920,
        2655529466,
        895231083,
        3997515886,
        1531705109,
        2714672030,
        62254447,
        1682708560,
        1184926514,
        3330116896,
        3304688581,
        2053666733,
        1719960160,
        298928624,
        493210903,
        88821637,
        3375334993,
        3647270728,
        3120982108,
        2663990173,
        957662929,
        1697774901,
        3212243217,
        2185494807,
        4023168036,
        1211680351,
        3081409014,
        2853151751,
        1401841033,
        3914624912,
        977166986,
        76818186,
        468983994,
        2316288295,
        255033459,
        2946334240,
        3791717596,
        1498558447,
        1931530189,
        2369403920,
        1120964219,
        3140832115,
        2425787306,
        3672218481,
        3582697048,
        3697050246,
        1861565933,
        3624669309,
        2591042119,
        884101864,
        2340602864,
        268771033,
        597433492,
        1075456088,
        2359326079,
        1257008350,
        1603295339,
        680306818,
        1763993283,
        1219871651,
        1759481761,
        2495057130,
        4240036406,
        1352293237,
        2606385108,
        1228841850,
        957220044,
        412500121,
        3266784368,
        2614769412,
        3198044190,
        97893500,
        152908061,
        2251718371,
        1326389757,
        2649265538,
        2238074303,
        3448440311,
        4154689421,
        3146441155,
        2549011780,
        3325556879,
        3804024029,
        1154165792,
        1393934523,
        2067287555,
        3905904660,
        2761556760,
        1954147086,
        2995580553,
        1189293519,
        742423770,
        4023067085,
        2853749913,
        3062321927,
        3796856224,
        668876297,
        316059316,
        1319725217,
        1561633139,
        3869478651,
        3877716604,
        3614918193,
        694795199,
        1504036289,
        1585738007,
        1263803846,
        2288212326,
        4047530791,
        3226907547,
        3677199995,
        2022254072,
        1150973229,
        923392205,
        1027582610,
        3612948833,
        3001845040,
