{
  "generation": 49,
  "fitness": 2778.4600997506236,
  "food_eaten": 37,
  "timestamp": "2024-12-11T16:06:29.494075",
  "initial_state": {
    "snake_position": {
      "x": 5,
      "y": 11
    },
    "food_position": {
      "x": 17,
      "y": 19
    },
    "random_seed": [
      3,
      [
        633592484,
        4028703300,
        162598912,
        3693717173,
        1252243051,
        4285164253,
        1768450195,
        2016337593,
        4238973618,
        1258790247,
        3750292389,
        354325740,
        3617291078,
        3311586894,
        2783366099,
        1509655375,
        1890997555,
        3952675431,
        3935313994,
        269773387,
        2205294675,
        3489944409,
        1587552651,
        3544042574,
        669619883,
        1473211242,
        1817720996,
        875602154,
        2387197703,
        3551092698,
        2991523719,
        3564260475,
        961354368,
        984043782,
        4053413030,
        4178817769,
        801688377,
        91211904,
        2018747089,
        3532498984,
        1066527274,
        879430165,
        2046950160,
        3404129902,
        2541262029,
        3125521243,
        45126990,
        591045975,
        3389906965,
        123322629,
        1420096309,
        4212712920,
        1202787274,
        4200987164,
        3651645376,
        2143610599,
        3683286343,
        3663077808,
        3759849863,
        1153090775,
        850168113,
        640658761,
        3388678071,
        222858793,
        3158587785,
        3411143040,
        718543775,
        2139444697,
        3704472812,
        1845787139,
        3443549686,
        2053212361,
        936688913,
        1379950632,
        3571160114,
        3508381424,
        2234637004,
        1834748543,
        2608368521,
        3608205947,
        1432719208,
        1690712866,
        3077186377,
        95367808,
        1321725907,
        4110240372,
        1884535459,
        3409979981,
        1311676059,
        3096973409,
        1971166459,
        3518322146,
        1831110487,
        3360423229,
        2997523067,
        940282785,
        3039945747,
        1580270164,
        3658210924,
        326023787,
        1970631905,
        3860076179,
        3093701271,
        1846024106,
        3503268726,
        16895725,
        2237509918,
        158711409,
        1481093255,
        549909542,
        1050527798,
        1646491374,
        3315488391,
        2170264291,
        1237611250,
        2896457612,
        3128869362,
        2459129747,
        3377400417,
        2409328947,
        2321545174,
        468342039,
        3178705558,
        4255582599,
        1825781544,
        783257072,
        2489701458,
        2103644001,
        3050061798,
        4105523044,
        657710477,
        2529650592,
        4120558912,
        2029278224,
        2759826749,
        2275990355,
        2996492686,
        487007334,
        2015762966,
        2664824730,
        4039534817,
        3545740789,
        1015861354,
        219277464,
        9291897,
        2045212402,
        2773396159,
        829585590,
        161543908,
        931294967,
        4059640686,
        3058730963,
        1819657982,
        3694276608,
        4239650016,
        1915402992,
        840740039,
        2798861145,
        3175382517,
        2364363303,
        3626710073,
        2901935764,
        3221193231,
        703240576,
        3214642045,
        558132206,
        1488825306,
        403863691,
        2526923519,
        2860286730,
        4095200839,
        91298498,
        896434550,
        2111414145,
        968286869,
        3030489118,
        2928664407,
        404076657,
        3361857753,
        1063170165,
        1884983673,
        2666501887,
        3641402404,
        1940259851,
        1116619221,
        3190036548,
        518266857,
        4207139475,
        3938505918,
        2748772097,
        2705643118,
        973550697,
        3193711998,
        474173490,
        1763939509,
        679441341,
        8219971,
        1613568735,
        3326075140,
        2210174908,
        3391752387,
        1404287914,
        2318411070,
        1975939525,
        3164680588,
        1253571506,
        1669019282,
        3573720020,
        3886702325,
        952168194,
        231134644,
        3779476027,
        544057957,
        1857250218,
        3291385767,
        3399483450,
        860015855,
        3563037892,
        367739184,
        3400448131,
        860439796,
        2488335790,
        4201448119,
        1291984480,
        4260868332,
        1396098784,
        3220911737,
        2191183172,
        2882694544,
        3560639688,
        951802300,
        3280669162,
        3198088508,
        4149288817,
        1034209160,
        3029648474,
        2739351078,
        4224435772,
        3773873280,
        2756758834,
        1880208226,
        28861449,
        1165017642,
        3327080584,
        28080918,
        3972071891,
        3006268255,
        2719114310,
        2606124318,
        4051204602,
        2092136405,
        1326302488,
        1400474004,
        812046501,
        2293866061,
        1758157033,
        4181642298,
        744202041,
        3864302370,
        2033621230,
        3673232559,
        1777158901,
        664516495,
        3632739202,
        2835570877,
        2359745434,
        3353062417,
        1225739358,
        933498774,
        1563738148,
        519435148,
        2857241417,
        2497268267,
        4169400302,
        1632354750,
        96304210,
        1736451669,
        2751447282,
        2622265644,
        2874859143,
        3151514960,
        2592770004,
        2398162087,
        756845963,
        2372272689,
        326497442,
        73646761,
        3565849240,
        2153352057,
        2857348744,
        2207707027,
        271192797,
        3757196114,
        2776048575,
        1580539034,
        1414936955,
        506182330,
        304205274,
        1279570920,
        54205596,
        2523215092,
        898234019,
        1478526141,
        3905585606,
        2482655861,
        3853700807,
        3720594527,
        3110592876,
        3853991574,
        1531049391,
        430126987,
        3948472689,
        3552829212,
        851780572,
        3011955414,
        780009939,
        70446698,
        848622446,
        2526508320,
        4201790901,
        936383676,
        2533206453,
        2110055191,
        2395376670,
        2067963495,
        4245568180,
        1898472838,
        3382221070,
        4094728111,
        3434517042,
        3075152168,
        1676701428,
        3783110313,
        2738142016,
        3244025778,
        2913743273,
        4063047382,
        1342317669,
        3885110982,
        63942965,
        2134808853,
        2476995977,
        2783065916,
        3301825325,
        3229841103,
        3901944746,
        3320291241,
        3900872357,
        1481974313,
        2762540792,
        3537095604,
        2459371475,
        3559668760,
        2482106007,
        1831832502,
        1691169421,
        1158200111,
        3424598821,
        692861488,
        3736584579,
        2696106429,
        2837285995,
        3464329302,
        1296032882,
        3337318018,
        3977449023,
        2504920151,
        3134911746,
        3227216871,
        2894379369,
        1368057322,
        2380648727,
        3286562622,
        4250903075,
        810312407,
        3003989291,
        2627548949,
        3034037301,
        3443306842,
        3999214496,
        3779852443,
        4165601848,
        3909732,
        440862034,
        3991772930,
        3199898844,
        1299508622,
        2282709855,
        3219393980,
        1369733003,
