{
  "generation": 62,
  "fitness": 3003.5714285714284,
  "food_eaten": 40,
  "timestamp": "2024-12-11T16:06:45.206758",
  "initial_state": {
    "snake_position": {
      "x": 22,
      "y": 13
    },
    "food_position": {
      "x": 6,
      "y": 19
    },
    "random_seed": [
      3,
      [
        271947875,
        2902833090,
        1036548284,
        3801612046,
        733326483,
        1924824153,
        378599347,
        2767878231,
        3370100153,
        240517685,
        3980020437,
        28316742,
        3547889376,
        113345325,
        2986060828,
        793939152,
        3474234305,
        172332178,
        3929357022,
        1278453673,
        871740862,
        1871103913,
        2128055525,
        1122636429,
        1261124699,
        407826764,
        667957775,
        1015622787,
        3897406830,
        4075115021,
        2176651592,
        1034132108,
        3091738589,
        956467996,
        4200428689,
        2906063558,
        4213183016,
        2282400691,
        1882527168,
        4272642565,
        2223425824,
        3946519180,
        460956841,
        2349428753,
        1043136174,
        3004250990,
        2740032183,
        627418165,
        34520931,
        2493276450,
        888261816,
        466513191,
        841839392,
        1636671837,
        864335173,
        2921348866,
        665672505,
        4038023016,
        2133436706,
        3714079826,
        1803356981,
        609725556,
        325836926,
        1651018152,
        183069056,
        2110870862,
        2568461003,
        79795582,
        1705138833,
        1808272816,
        103435970,
        1097452257,
        4005106393,
        569817420,
        2840820780,
        2241740543,
        504162961,
        3360362816,
        1069118619,
        1053543533,
        2313048895,
        645775308,
        1615256730,
        3381079700,
        2739042519,
        197580647,
        184237205,
        4181404893,
        797263371,
        4215142895,
        77596660,
        2754146205,
        735408129,
        3953138157,
        1125106262,
        4055534076,
        4215806565,
        2050791901,
        1323849100,
        4077723651,
        718191045,
        3199409542,
        737763603,
        3492557212,
        455787143,
        4195631463,
        2952915574,
        1849249464,
        3031859031,
        3170088343,
        315329285,
        1011845507,
        1226335951,
        223082813,
        1403013998,
        4060278333,
        3708771838,
        1630797583,
        2969640768,
        4063365098,
        799066000,
        2361106710,
        558585562,
        1839670333,
        3692631465,
        1730396813,
        2091932942,
        1264902464,
        2855791373,
        3534777610,
        3864783058,
        3718492222,
        2518427659,
        2079495881,
        1956297944,
        3097459901,
        3058652138,
        1823393730,
        2067950975,
        2565383186,
        1009176467,
        1470878927,
        378397952,
        299362328,
        1610305008,
        3354478665,
        3521708397,
        3432091417,
        1535338310,
        664846138,
        454871508,
        4281229455,
        3270579685,
        201719136,
        3285428752,
        1949992640,
        3733244850,
        752287653,
        2641634757,
        4257776775,
        4047411421,
        903995013,
        2468405319,
        2516151603,
        1235646167,
        1523685075,
        882110060,
        3342277987,
        1546775348,
        1556957225,
        3775446038,
        201726544,
        1302140721,
        826311249,
        3996899628,
        479292620,
        3376307168,
        2629615795,
        3452058590,
        248303548,
        3543826316,
        3032560973,
        3817221207,
        1090952270,
        184467648,
        334323826,
        3243357716,
        1806746737,
        3477548697,
        1293490997,
        3584499624,
        2400159693,
        728326908,
        940150319,
        1738275751,
        2133924632,
        3869575310,
        4050316382,
        3251379486,
        711130887,
        154676196,
        2092398039,
        2137252275,
        463405497,
        1051820188,
        110461663,
        3403361341,
        1052614425,
        1076626649,
        3964042738,
        1345644968,
        943679263,
        2315429225,
        4088339953,
        2696767744,
        3997419309,
        143325006,
        1890398066,
        46496604,
        1789114794,
        2952248332,
        45925897,
        2901239201,
        576856470,
        3339461549,
        2611184182,
        3321744981,
        4030607555,
        581941154,
        3733116564,
        3480236705,
        21350795,
        1277546770,
        2489767238,
        2069046168,
        3897926581,
        4182843290,
        446956658,
        940386857,
        3331523249,
        2112989166,
        2327713431,
        3966555994,
        2938851276,
        1117575227,
        3813219377,
        376885872,
        2132079144,
        485602512,
        4116330122,
        4210998536,
        879404503,
        3674310289,
        2752094770,
        2982666836,
        4267393036,
        953773437,
        1739334582,
        3076339511,
        1618821808,
        3099772498,
        4128178741,
        1934116090,
        2408159633,
        2377740567,
        2086176428,
        3442676124,
        908962380,
        3189567577,
        36781163,
        4027176691,
        1568318882,
        3418465910,
        3334237892,
        3214882415,
        4040289658,
        1041253598,
        2196634462,
        2545396562,
        556672886,
        4042428935,
        2794237405,
        1968837243,
        1368037086,
        467143906,
        3829540639,
        2167506217,
        189831936,
        1514980338,
        2009009255,
        3093584011,
        2485099595,
        419750876,
        2680489976,
        124070953,
        304040591,
        3564925752,
        2571567346,
        1579566394,
        802577924,
        1083013756,
        1377127151,
        2705414311,
        1360742265,
        1501384347,
        4109324890,
        3923622837,
        2269018944,
        66849651,
        943465097,
        1116662571,
        461048296,
        2779917775,
        659886813,
        3569020191,
        2271945281,
        664016750,
        1603963568,
        869908389,
        3821055814,
        732941807,
        556554916,
        3181481186,
        3924167169,
        173960780,
        3378483437,
        3100336071,
        1514898700,
        2786569693,
        3000381030,
        4254866219,
        3748117519,
        3895541492,
        739329155,
        4123749808,
        3163903834,
        1220645152,
        1194217700,
        3642715564,
        3943637129,
        816380654,
        1356993476,
        2628447506,
        4051907743,
        2785675559,
        4282681343,
        3433924832,
        2457863997,
        410543000,
        2857629598,
        3311466703,
        2352207594,
        2567825971,
        1614139901,
        2866529069,
        4286785804,
        1202093702,
        3909189437,
        1458723633,
        3930210195,
        1798648523,
        430350911,
        3171565357,
        3525469367,
        137710521,
        2226561507,
        1981210898,
        1558356346,
        4264802466,
        2757309256,
        1518442055,
        3471490939,
        3364476955,
        2043640234,
        4076624765,
        3325038751,
        2634553502,
        2257514786,
        4088048968,
        3815806360,
        2040398324,
        1413843512,
        3246835930,
        3815049372,
        4055031872,
        4144960849,
        2972790711,
        1496797295,
        1064730523,
        3416686485,
