{
  "generation": 40,
  "fitness": 2778.680371352785,
  "food_eaten": 37,
  "timestamp": "2024-12-11T16:06:19.321772",
  "initial_state": {
    "snake_position": {
      "x": 0,
      "y": 28
    },
    "food_position": {
      "x": 3,
      "y": 5
    },
    "random_seed": [
      3,
      [
        1491666229,
        3770344396,
        147106097,
        4065368225,
        1172982586,
        1566591982,
        1544072739,
        4241169715,
        1881019576,
        760676359,
        85032769,
        3918561138,
        373535847,
        298277115,
        3403217549,
        2757675715,
        492107527,
        2946637157,
        1437801050,
        1594005618,
        4110835417,
        1835207731,
        3703187592,
        2637415567,
        3597422779,
        1431196638,
        4240217226,
        3533704397,
        547112976,
        2678188098,
        1715100673,
        962884791,
        4026905880,
        1293275974,
        1297443311,
        2979123953,
        2583868326,
        2487342845,
        2375065067,
        2526692447,
        3743899444,
        1606236543,
        1563693693,
        2163905083,
        1151277686,
        1136319467,
        1421771285,
        3571704291,
        2264164135,
        1527129134,
        2432350299,
        459974363,
        4277437745,
        2799389714,
        2430482739,
        343016376,
        4258940313,
        3002815447,
        459571829,
        1436968970,
        891451099,
        2807230904,
        2336539930,
        2258315171,
        1655690931,
        834169269,
        1583544792,
        458336668,
        3280124536,
        3649538963,
        3787503213,
        4157370588,
        1009597746,
        1879018577,
        3451228771,
        2401596438,
        586110921,
        3465611840,
        600452299,
        1362199047,
        3140892901,
        3932538179,
        3953210169,
        740756519,
        1847459358,
        4234405248,
        392889403,
        358415906,
        388920771,
        2386832343,
        3795461652,
        2508496523,
        2279421803,
        564647857,
        632327099,
        1080464524,
        1357668155,
        2392610999,
        1577246151,
        748764087,
        3225807425,
        2737263000,
        963483804,
        3087743310,
        1623516624,
        4219636476,
        3149431169,
        607054726,
        3393568894,
        2524981043,
        785745201,
        3942505952,
        2481662684,
        2286253614,
        3607743516,
        666718196,
        43140050,
        2934480490,
        4198883458,
        2494606911,
        1868724267,
        469165470,
        2604148034,
        4008323159,
        287868179,
        209703658,
        3692384955,
        2232922743,
        2128384012,
        1428531114,
        1857491608,
        2049286237,
        1660678768,
        2202021094,
        3076048839,
        2010814907,
        2994811237,
        1993532143,
        94151840,
        4219197737,
        2342312536,
        1461555072,
        401353341,
        2376620659,
        1479081426,
        2573257561,
        3716110132,
        943157715,
        1160959137,
        637728149,
        3166798536,
        111570692,
        3089665719,
        4008984772,
        2713936413,
        998509546,
        2373537203,
        3726643201,
        1443515883,
        1315140622,
        690698055,
        2918584359,
        3461925289,
        2821824055,
        1577250605,
        2013956525,
        2666038914,
        4072430611,
        4078532335,
        4127910981,
        1617018434,
        380501103,
        2221530114,
        1387329344,
        3791715815,
        1571878548,
        285540618,
        2604185001,
        740999558,
        3759771255,
        3557825111,
        3006452973,
        1557079392,
        817577121,
        912051655,
        3368915701,
        3047119513,
        3655640985,
        2695363777,
        2056854193,
        3389161380,
        2644889518,
        1310146762,
        1967130532,
        2085007704,
        3739601525,
        3743878766,
        3618251084,
        4274685589,
        2232005124,
        2778889258,
        4143480274,
        3986928448,
        1631101863,
        3826780929,
        4232820629,
        3788426207,
        626444953,
        240510070,
        2610972592,
        704677229,
        19918427,
        1565573772,
        325627826,
        539362157,
        4056065282,
        139242202,
        1755426529,
        1501747756,
        3573029537,
        3741057717,
        2292512855,
        3212515899,
        456531859,
        3449396289,
        756532965,
        1077072414,
        3673775346,
        3414526507,
        1320198012,
        3595289322,
        2122371400,
        4111755496,
        2829229011,
        1403866119,
        3664769934,
        3792815962,
        3268790380,
        1864744596,
        1306654629,
        658984800,
        3781576270,
        493674145,
        2422130034,
        2869575147,
        1473544953,
        898835228,
        974715463,
        2600795373,
        3993841992,
        3773035178,
        3575551562,
        1583170695,
        1438011258,
        1794877158,
        345679929,
        540222239,
        142928364,
        3631300631,
        3169011065,
        2445886498,
        3793638120,
        3189335356,
        3087588087,
        1767487148,
        1955881581,
        4036216733,
        1937890038,
        103937822,
        899309944,
        584164918,
        6477822,
        2494197270,
        4288700016,
        3593014415,
        2773754178,
        3694231621,
        3370440555,
        1970423873,
        1047870425,
        3664057318,
        322578919,
        704819300,
        3394291297,
        2339579134,
        4206757715,
        2410556803,
        1413978888,
        2790237521,
        365673108,
        1095301137,
        4216922057,
        459043190,
        1125347051,
        2667512521,
        1538155446,
        4193017915,
        4209199153,
        2196989843,
        2683101817,
        1191825201,
        2306496031,
        3794672370,
        3092027659,
        3292529697,
        113501287,
        1363688947,
        4053985637,
        3273267916,
        3371942447,
        1487265351,
        1618192194,
        1943579550,
        3910538026,
        936086060,
        4143999585,
        3200868765,
        763718291,
        2471004506,
        1402522622,
        1025935874,
        1260451926,
        905440103,
        4227938240,
        3084489795,
        3361094261,
        3121771789,
        327141015,
        3723722568,
        1729718662,
        14951213,
        3135886586,
        3121161781,
        1648471514,
        3354379547,
        3252974933,
        709085787,
        1801752161,
        2240470017,
        3408188181,
        2334918576,
        158721400,
        4107330665,
        1098851645,
        3742743074,
        1284255407,
        4275543009,
        3440848849,
        760992608,
        2507732370,
        1380641668,
        2047548074,
        2493192260,
        1960017911,
        2994668232,
        1958058633,
        2427308856,
        1106930040,
        381265035,
        3263367063,
        1957913253,
        3559682534,
        1538957314,
        4042352524,
        860990704,
        3940952785,
        3901790127,
        2702564958,
        2201208243,
        1644072643,
        516652412,
        3119115362,
        991759140,
        3786462208,
        1364641900,
        747852180,
        736023277,
        542791147,
        1472760742,
        1064454775,
        1401576808,
        2114059232,
        1191073459,
        3753866401,
        2705312005,
        3151641902,
        353297105,
        2365873916,
        1735656081,
