{
  "generation": 82,
  "fitness": 2853.6917098445597,
  "food_eaten": 38,
  "timestamp": "2024-12-11T16:07:14.988248",
  "initial_state": {
    "snake_position": {
      "x": 18,
      "y": 7
    },
    "food_position": {
      "x": 16,
      "y": 17
    },
    "random_seed": [
      3,
      [
        2750900611,
        1183423006,
        2418706733,
        2046766038,
        1619264249,
        4097807503,
        428271334,
        1355394262,
        4120911785,
        2111647365,
        1411278296,
        3867749973,
        3730185379,
        1376399145,
        464207659,
        4191192075,
        2869181711,
        2936069395,
        3644190209,
        660177782,
        3350363754,
        3223619965,
        4231453586,
        1537248438,
        2710626872,
        805654429,
        3759192943,
        3615765442,
        1239828745,
        460751766,
        357585653,
        88111202,
        2877456183,
        1847961468,
        4218827103,
        3449978220,
        3020973822,
        4201144926,
        2285938389,
        1965581824,
        1633155296,
        4123245481,
        4129709670,
        739536207,
        4221511571,
        1590161587,
        414682657,
        1190349256,
        352067593,
        1949655543,
        1761000022,
        573538321,
        3779446426,
        1320775256,
        2139869557,
        428349731,
        218359651,
        2812430865,
        4090209426,
        3247896726,
        283391141,
        3336173877,
        885705877,
        2201204761,
        1848100299,
        3952848461,
        572208445,
        412588762,
        355065514,
        2820683920,
        3845766032,
        2622743956,
        1924597129,
        2554286430,
        152116938,
        2178001310,
        2225417359,
        4236492746,
        1267085318,
        817129706,
        1459330849,
        3189291390,
        2605996896,
        2109252113,
        302176065,
        1242654425,
        513531931,
        3514662463,
        1861466302,
        363713310,
        27947277,
        1700842268,
        3889600934,
        254113615,
        727131759,
        1704215916,
        560217220,
        3992895424,
        162264637,
        326001087,
        3003338561,
        1028126749,
        272065052,
        1956261857,
        900616761,
        3017469289,
        3118197120,
        3616860889,
        1978566961,
        3355012461,
        276838606,
        2023244361,
        2595812603,
        283586951,
        873290382,
        1874446623,
        3558915054,
        3293551489,
        3015422040,
        1604546998,
        319352809,
        2541888884,
        3566641138,
        1854760537,
        1947592468,
        3826953569,
        1613132265,
        3572854317,
        4187431728,
        1827558471,
        3701266763,
        1659845831,
        3211133892,
        1776848625,
        2551820354,
        49579654,
        2400037786,
        1274778482,
        2985691283,
        847515948,
        1989095395,
        1137337476,
        2485709114,
        79523010,
        2545130389,
        627674806,
        143280817,
        1168843401,
        284189695,
        2463873990,
        2798998843,
        3920764898,
        3097335153,
        2173346952,
        2898928400,
        309561503,
        2702058522,
        376607754,
        2668636176,
        121048618,
        2340234520,
        706748113,
        1720614407,
        3961128900,
        1178589501,
        2765491979,
        953498544,
        2723922437,
        3797833497,
        675265964,
        1376009626,
        91343000,
        1515592607,
        2355362113,
        2093511377,
        3620932668,
        1590535904,
        766728205,
        2440145887,
        2613054890,
        75306170,
        549299161,
        126135516,
        124061437,
        768214500,
        3705529464,
        1691043823,
        1448628272,
        2385030588,
        3559570467,
        1074991843,
        1620761005,
        441863518,
        604632834,
        1084510344,
        2501180621,
        1714718366,
        1297014906,
        3948151642,
        3706255208,
        3016288589,
        2313127749,
        2954921961,
        2043310588,
        841012860,
        254926795,
        2403259737,
        2225067222,
        1633500206,
        20652168,
        2239406572,
        2569271540,
        551606380,
        3863669339,
        4113786244,
        4263315620,
        1398270477,
        4202511956,
        2345563237,
        433428873,
        3831770409,
        2049317803,
        794951605,
        2092785185,
        2708639249,
        3866367173,
        2138773748,
        3825661460,
        3499202511,
        3030038861,
        1495367908,
        3678482649,
        2176654646,
        3048137397,
        1064720843,
        734214935,
        3642852131,
        324450866,
        4131728251,
        3179043353,
        793858035,
        3980298908,
        2814589045,
        3803568037,
        4236975146,
        4223191926,
        4167397526,
        3976972139,
        1631079511,
        1678543197,
        2925937852,
        2140490054,
        4281972627,
        459805265,
        125767252,
        549426514,
        586626388,
        298758406,
        2177069025,
        2555220939,
        3322718022,
        2320628888,
        3047151208,
        2269277161,
        3179149443,
        2377938192,
        2641682583,
        3085714349,
        811020939,
        4127210936,
        180460200,
        1592310099,
        946658159,
        3457146380,
        2476353492,
        1481519753,
        2270927418,
        1943809536,
        2932907589,
        257267383,
        1729439261,
        3752663127,
        1250252948,
        1967761925,
        1667430022,
        4214639325,
        2872301949,
        1264171903,
        2490663855,
        978739337,
        3759613521,
        1605786780,
        4259376022,
        2990545637,
        3471443947,
        1750440589,
        2074875042,
        3303599907,
        2672726271,
        2246225821,
        4170925769,
        1806433953,
        451640089,
        735590942,
        36577014,
        1162365536,
        1431496427,
        1116611428,
        1380637630,
        2391043286,
        454419688,
        680364859,
        3769591507,
        3007106105,
        1642351044,
        2391683702,
        886591203,
        2196670331,
        3314326664,
        2325615288,
        2969267933,
        1761317421,
        3607257247,
        142417468,
        1890051826,
        1502379709,
        4116476334,
        2716432042,
        935146749,
        331572624,
        2436833066,
        4180180104,
        1512650486,
        1960052186,
        3795413928,
        2245458716,
        1086668565,
        2951993789,
        340226167,
        2960685183,
        3465540661,
        2877581574,
        1951468800,
        2268646124,
        1799523415,
        1926438029,
        1338569234,
        3209967939,
        4039629423,
        2477678334,
        4004056641,
        2629393709,
        560986196,
        3087151191,
        281108842,
        1795450150,
        1402770241,
        990093422,
        2825088802,
        4287792170,
        577039962,
        1832998741,
        3200632791,
        2478726360,
        2381013590,
        3136561943,
        2458792700,
        2740889246,
        555213325,
        746016775,
        2033812397,
        530862488,
        2123128233,
        3846917625,
        2127908657,
        2292502985,
        3299844757,
        4253143955,
        705834926,
        680752820,
        780691994,
        1072459494,
        683282009,
        2054863431,
        2375426265,
        3615910870,
        1526980315,
        3842638598,
        3976804235,
        3569192071,
