{
  "generation": 36,
  "fitness": 2553.7444933920706,
  "food_eaten": 34,
  "timestamp": "2024-12-11T16:06:14.625231",
  "initial_state": {
    "snake_position": {
      "x": 6,
      "y": 22
    },
    "food_position": {
      "x": 12,
      "y": 7
    },
    "random_seed": [
      3,
      [
        2048545989,
        2791483954,
        3317321386,
        2748140274,
        3818227102,
        3319883077,
        726144746,
        662783125,
        3426792475,
        1464083856,
        2736314121,
        1117118751,
        2863013704,
        2633530667,
        1346633732,
        3519728208,
        2613623776,
        4083198002,
        1615831221,
        802959783,
        1702624410,
        1278392349,
        331362185,
        1828464978,
        2935686449,
        2674007540,
        2652809070,
        2301060807,
        4194636638,
        1804182156,
        3497165063,
        3890760170,
        1590518208,
        2761380407,
        3859572324,
        504623962,
        3833435440,
        2856848896,
        324239188,
        987952436,
        307201298,
        429439088,
        1534625531,
        788356914,
        2829599824,
        3975784872,
        1682455421,
        1974328184,
        1777792186,
        2941492671,
        11478028,
        746419231,
        4039565920,
        214724860,
        1545665606,
        3223514964,
        672029390,
        1078687521,
        2398296058,
        81832535,
        4181397320,
        2005763597,
        3940271924,
        3877285191,
        1918114587,
        3555078260,
        291547044,
        2494713777,
        1391994256,
        353366539,
        2893984775,
        3372355770,
        3884134138,
        2443203061,
        1125315581,
        1602712927,
        3469751431,
        860051806,
        2181166286,
        1935744002,
        2399972596,
        491077188,
        1637574147,
        579476732,
        1072212989,
        1049277044,
        3166914489,
        547737816,
        3432306966,
        523852654,
        716056728,
        3243051439,
        1386156308,
        750355671,
        4079765358,
        2865339976,
        3316205839,
        160516353,
        3232941223,
        3754048535,
        902592641,
        1343012754,
        2718312275,
        2216281357,
        2363718306,
        3670968678,
        2478591817,
        3114855752,
        3235565566,
        724975961,
        3822285642,
        3208351379,
        3053135596,
        2916700608,
        3557030606,
        1062226287,
        1519501612,
        328564933,
        2330468255,
        2575363209,
        3500701688,
        845045370,
        3759170904,
        1427286904,
        3506779608,
        3144571229,
        531838271,
        2314506478,
        2875719527,
        3805054149,
        2710143247,
        4285499840,
        3861044931,
        1899000511,
        2068322907,
        3197483922,
        247431111,
        2054897253,
        1573597646,
        3457282131,
        782457827,
        2410436991,
        752856068,
        808205881,
        1955841060,
        3250764459,
        1919526513,
        1256363046,
        4275254200,
        1725265967,
        2851273724,
        3653449684,
        2144273858,
        2742516326,
        917836979,
        3730884821,
        2690762024,
        3861829310,
        1529127114,
        2372005682,
        3292493251,
        571005139,
        1164632905,
        2708600460,
        3383602893,
        3287236478,
        3846139331,
        4111714174,
        899988317,
        1005267208,
        2766837650,
        2650433396,
        1490070185,
        1395960374,
        193240939,
        3716207366,
        3424857212,
        926123345,
        536684784,
        2911214996,
        2510028401,
        3689770358,
        3371187917,
        1735149201,
        4078850101,
        3282643200,
        712361063,
        3945565299,
        56221735,
        3579165728,
        1582014913,
        703282396,
        34739227,
        3643050648,
        1530588084,
        4013730886,
        3237001458,
        1485743230,
        3041747681,
        4191671475,
        1912791584,
        2196060408,
        210913892,
        3725287117,
        2887546651,
        3876939496,
        584504447,
        802396563,
        1745511082,
        583634147,
        1504976365,
        2573342143,
        374655974,
        3902438515,
        1476096215,
        626654148,
        2888293194,
        61655433,
        2749999234,
        697991540,
        962916590,
        3640027543,
        1240475969,
        700652216,
        73854588,
        3957427485,
        797396199,
        1782177949,
        3971813687,
        2406788442,
        1769636955,
        2874431266,
        888469644,
        2193489303,
        2158177463,
        2585711681,
        188790088,
        1583489735,
        1212509136,
        898366152,
        4049848889,
        960575876,
        4189330908,
        2110253142,
        2909954432,
        3765407938,
        3457499162,
        3717294808,
        1437539407,
        1962316556,
        3726907716,
        2856125434,
        920191040,
        554347214,
        4143274610,
        3736750034,
        1358656113,
        1083841367,
        1354639043,
        1305957029,
        2654546173,
        987060153,
        2532817030,
        4004934868,
        821833507,
        1863306443,
        2635475174,
        2552688828,
        104248819,
        1426489007,
        284497568,
        892073872,
        1557753354,
        3887249928,
        100635908,
        1204572490,
        4287541087,
        769174568,
        543431914,
        880197195,
        2471902187,
        3379383845,
        2459431024,
        278899432,
        375922570,
        3931168785,
        359430515,
        3999830294,
        3620893758,
        351248307,
        1864038119,
        2172568889,
        3437735239,
        3014497551,
        2724040835,
        4279833823,
        2735987281,
        4063443116,
        3452407622,
        3290486176,
        1566073628,
        726731712,
        2390764266,
        2413915075,
        237554864,
        428056441,
        770812350,
        2951810074,
        4141802458,
        208650483,
        1917170789,
        2667245043,
        3946023314,
        3705779215,
        1372271155,
        112783053,
        3131362006,
        740925513,
        345114981,
        2149905719,
        851850425,
        4157811669,
        1278313756,
        4277356821,
        2999015198,
        2340501659,
        3555098297,
        2271150985,
        1032475634,
        3492815407,
        2516375191,
        3382966374,
        3400311981,
        1845687052,
        3180326856,
        3630499478,
        1102556513,
        3404563142,
        2884354418,
        3820430228,
        2035277467,
        1697503473,
        1508599850,
        1306898785,
        3694965160,
        1686726574,
        3583314683,
        1393580258,
        2132993277,
        2114973551,
        2132906496,
        665958289,
        2009158248,
        2656004032,
        3980678614,
        274955249,
        863346565,
        921331975,
        934191987,
        4212016439,
        3932638129,
        4170900559,
        3553171468,
        1499918378,
        2658845116,
        3056676244,
        2199540425,
        1993417103,
        3218989736,
        1382702485,
        2312849026,
        4148883434,
        3437512378,
        2278270576,
        415195708,
        3970268972,
        281938704,
        4239781907,
        3642678598,
        999081777,
        3147244961,
        2559995165,
        117688259,
        651439862,
        3080289557,
        799138078,
        3509640362,
        632811398,
        914920623,
        1439795657,
