{
  "generation": 53,
  "fitness": 2403.7151702786377,
  "food_eaten": 32,
  "timestamp": "2024-12-11T16:06:34.464066",
  "initial_state": {
    "snake_position": {
      "x": 4,
      "y": 4
    },
    "food_position": {
      "x": 17,
      "y": 19
    },
    "random_seed": [
      3,
      [
        1315724269,
        3667900476,
        514378846,
        1241868178,
        3423368871,
        838996666,
        2456534866,
        914320989,
        2352637159,
        3376336302,
        1193726301,
        3819117070,
        1662108297,
        3329401087,
        1619488021,
        3026452344,
        2179263136,
        324306268,
        1014680135,
        3753604861,
        3640672782,
        1324069426,
        2328342882,
        1963564675,
        1256862781,
        487459100,
        2928040075,
        2562668680,
        1206878265,
        2549544497,
        2490372468,
        2567908094,
        2013152494,
        649882351,
        1631461018,
        674055978,
        4043284075,
        2849076860,
        1893604890,
        1588878268,
        1486778735,
        2919328712,
        4187100504,
        394343921,
        503784106,
        2192278734,
        249020245,
        3801123730,
        4177329852,
        333624691,
        1740355375,
        1249837296,
        3901707249,
        87997587,
        1952084508,
        3302571999,
        505228026,
        3661678834,
        3993590642,
        364937287,
        1693606817,
        1627353731,
        2922916101,
        2325993589,
        2340676203,
        3289995876,
        1983854861,
        1130156575,
        3969913338,
        45062122,
        3133851424,
        139621,
        2471658270,
        2476164583,
        745967307,
        1551453311,
        556556617,
        201384791,
        3655352372,
        3049437890,
        1205807616,
        3390035003,
        820410394,
        610066477,
        2075168817,
        1666525740,
        1119029149,
        2245934314,
        3377592494,
        1796254991,
        2274199810,
        3142512984,
        250631036,
        532043348,
        986140529,
        2827397143,
        1189262068,
        333484975,
        658216097,
        3139658358,
        869123781,
        1529553229,
        1433533869,
        1224403290,
        966459756,
        2640598877,
        2386965364,
        4229772010,
        147788509,
        815357272,
        1508330378,
        1126814214,
        4186881104,
        1290618446,
        1653669762,
        1963752283,
        1033657895,
        1726708325,
        1271892704,
        765053897,
        310532510,
        2627408964,
        1383590358,
        1896359586,
        4038709934,
        3031556502,
        1537684229,
        889248067,
        3067660896,
        2560665215,
        3915684584,
        3081903778,
        3936640762,
        771179075,
        507885774,
        2454106307,
        177025181,
        1283996506,
        3929662185,
        3968948651,
        1500662446,
        4165902937,
        1300357925,
        4070728442,
        3733547765,
        4150237452,
        1983262612,
        903342944,
        2183654127,
        926139684,
        953449374,
        2675125222,
        440525954,
        610038910,
        3168012732,
        2617084656,
        1395669720,
        4256756691,
        4136899411,
        1069363414,
        2837388934,
        3428242728,
        1365162127,
        2353113711,
        3519187460,
        819304408,
        1755377034,
        3961359854,
        1081162588,
        2785951648,
        822668812,
        1369425150,
        2079456109,
        1173843093,
        2858458717,
        972077188,
        2916699443,
        2312498175,
        4047392731,
        473000570,
        2507226322,
        4240583535,
        2222974073,
        2233121537,
        3605283697,
        945613492,
        284435584,
        2323868399,
        710161543,
        3685089548,
        1794963318,
        244443444,
        3914775115,
        1087642196,
        3352207840,
        961253830,
        1637633393,
        360867454,
        1551142459,
        111028529,
        2850979419,
        1063435630,
        3596206901,
        2027042831,
        12427838,
        1371726215,
        130105770,
        370601503,
        69278574,
        3502762569,
        3376809792,
        4087399140,
        1482874053,
        4175399814,
        800666550,
        3537725192,
        702591600,
        1314747656,
        3566767281,
        72506109,
        1533194890,
        1118613638,
        4009754265,
        1586221429,
        2607811636,
        3559456339,
        4154308094,
        1815996909,
        4123965546,
        513107468,
        1058716438,
        448161412,
        1301965057,
        2694647045,
        763009250,
        2676324301,
        2039075618,
        1537732523,
        4184223125,
        1077587054,
        3342314695,
        508811601,
        1861168971,
        200336945,
        1684813758,
        4042055798,
        1193313502,
        440864483,
        3740936727,
        1950323653,
        443891664,
        2533249661,
        3349793809,
        4112644747,
        1006460915,
        1501644445,
        2053258123,
        3428695488,
        914933972,
        3691146303,
        1374505840,
        2741408446,
        3753533899,
        1361707183,
        2956350271,
        525439404,
        660647608,
        148301459,
        1236634004,
        4234384462,
        2572251553,
        3913256381,
        3137511467,
        74265531,
        2506273233,
        4252858499,
        1027756281,
        1144617521,
        568603169,
        2472290143,
        3416513772,
        3736676259,
        3169591430,
        3621647257,
        3871327648,
        2783484558,
        3387810786,
        1560075593,
        1392405959,
        3722702637,
        1414917581,
        6430507,
        2756428977,
        3611495863,
        1792494117,
        1369677177,
        2836858497,
        432699300,
        147549862,
        3698140619,
        1748518786,
        1750245099,
        410782178,
        1086933039,
        753461938,
        147123426,
        1564633106,
        1998069578,
        811982283,
        1017637391,
        2837261054,
        859785929,
        1702930807,
        3860155659,
        1195980614,
        3572355889,
        2524229946,
        1919561705,
        2381273362,
        343931275,
        3037727881,
        2877166403,
        1200467741,
        714332575,
        3640025504,
        3188619697,
        858289536,
        2692231919,
        2942153414,
        1669207348,
        152344876,
        1193250753,
        1654924856,
        2220969840,
        742490709,
        418606759,
        1576129159,
        2168651837,
        2024892884,
        4016801493,
        94417912,
        549369420,
        3361690551,
        1874996964,
        611560685,
        2258836336,
        3757715293,
        3463658488,
        1052833229,
        784782238,
        2664054536,
        944676089,
        1542722028,
        1205327441,
        130921609,
        2195705932,
        3950048471,
        4175913354,
        1836619882,
        2996545842,
        3688370501,
        1713191403,
        281545382,
        1014773415,
        3634410018,
        201159486,
        1383657315,
        3171786275,
        2185241603,
        1081270019,
        1859548871,
        435108641,
        1221687350,
        1220402606,
        3099828568,
        1792823776,
        2564285656,
        3012463386,
        1238119666,
        3876825326,
        262525829,
        1049473601,
        4253661851,
        1067971966,
        2396692969,
        3968033375,
        20661954,
        4053343789,
        2910711866,
        1381090945,
