{
  "generation": 78,
  "fitness": 3228.7719298245615,
  "food_eaten": 43,
  "timestamp": "2024-12-11T16:07:08.371082",
  "initial_state": {
    "snake_position": {
      "x": 17,
      "y": 16
    },
    "food_position": {
      "x": 11,
      "y": 16
    },
    "random_seed": [
      3,
      [
        2169336927,
        42392856,
        258380964,
        4003603343,
        2150970152,
        3224485332,
        767357418,
        2290155257,
        2585066033,
        3845816828,
        4286789743,
        2603301255,
        2752473327,
        1847350260,
        13219564,
        1855091355,
        1427364393,
        1311874146,
        1999961527,
        3785146306,
        3438418827,
        1197524,
        1485938700,
        2985193026,
        1433259356,
        3448805563,
        4274460858,
        2975014640,
        2383424822,
        439458300,
        2545644655,
        2503848585,
        3990251576,
        1107169793,
        4006289871,
        3967547623,
        3934195958,
        2262690628,
        2043145359,
        719881974,
        421280716,
        1534891634,
        2286002371,
        3130071698,
        1941259902,
        3109149125,
        1273885757,
        4059546386,
        3826803001,
        504642622,
        2589925589,
        267883612,
        2987950107,
        2345862373,
        2814916635,
        3148579539,
        3732657180,
        2210443204,
        683957149,
        509903444,
        2829317730,
        1099206263,
        2208194844,
        1276206689,
        313831577,
        877956986,
        872376120,
        2671864502,
        3394007954,
        3432250677,
        2556465229,
        710181709,
        403338853,
        2984961044,
        2096817190,
        331183261,
        1640336424,
        2309767603,
        2453898337,
        3407942004,
        2358587841,
        2416391385,
        420035517,
        1687649327,
        3775713982,
        489068446,
        3659857252,
        1854686438,
        2769922080,
        1045479265,
        1856481968,
        3637506251,
        2171005137,
        831258143,
        3335002192,
        1258906195,
        426710593,
        305862184,
        2763458845,
        244952793,
        1483400117,
        2102578916,
        3896754335,
        2799761322,
        2258333546,
        3489033912,
        842805841,
        3729567334,
        1728359716,
        3059146441,
        436118822,
        2472670264,
        1794863866,
        787668860,
        79581608,
        2417029531,
        2850716683,
        2880124702,
        2325487906,
        1456423875,
        2881487150,
        2491197299,
        1527757458,
        810627685,
        3730671990,
        4093243852,
        2994964740,
        2998496302,
        2118754961,
        1280334650,
        1850952676,
        861824332,
        3986735103,
        1603340613,
        4060174248,
        2030419810,
        2741520400,
        1184806847,
        1804941463,
        2590979788,
        4102389393,
        142496048,
        240101977,
        2701533990,
        2733202610,
        4054488203,
        5078034,
        3595786892,
        2155254188,
        2560156995,
        520872207,
        584812818,
        3054523857,
        971594230,
        3322496327,
        2313738175,
        2616586406,
        1345336255,
        2172863957,
        1856379150,
        1515026623,
        4191169673,
        4050052130,
        973924731,
        2947803634,
        1533285374,
        1397545084,
        733806142,
        2238879974,
        187462521,
        4029291654,
        3797657103,
        2200206054,
        3218465753,
        2692166748,
        493513438,
        1146333246,
        66626926,
        630834474,
        544144607,
        2906009916,
        1320324453,
        1508763662,
        2470988744,
        385842733,
        2899048779,
        2981985859,
        3287611595,
        1315989885,
        953156626,
        3209550164,
        1937946762,
        3394450550,
        1229694305,
        872537839,
        171539059,
        1541595772,
        2707685260,
        193446522,
        1085122552,
        4190633540,
        2689669197,
        4193960377,
        2665189595,
        1573137542,
        2959649580,
        1253933258,
        37705842,
        1267676364,
        1966453529,
        2691579535,
        2585562398,
        477771884,
        1931677171,
        4262315447,
        2324888433,
        1629758708,
        3623359066,
        1393303510,
        1674375327,
        832665690,
        3521398978,
        3257579680,
        2876241237,
        2931407485,
        694137382,
        640102985,
        1867045745,
        3423362966,
        2979337212,
        2410541900,
        2651423111,
        350399964,
        3585922582,
        1012389965,
        2670211898,
        1692470817,
        936262590,
        1923555204,
        3553235455,
        3860547386,
        2132781105,
        4181048153,
        681148989,
        1732507469,
        133548199,
        2305354048,
        1327010936,
        865216416,
        573540589,
        1716256081,
        457430670,
        2732699710,
        4058549917,
        2078370852,
        2544471271,
        77194268,
        3763577745,
        4233747443,
        1609658561,
        763025930,
        215725824,
        540071306,
        4129100433,
        1103782411,
        2809975484,
        4225360277,
        1745405535,
        2221792772,
        288531497,
        1315735960,
        3062363065,
        2418516332,
        573066268,
        1906178829,
        1973406035,
        1764503708,
        913810140,
        1861298278,
        2056069059,
        2871292098,
        3284522101,
        3722118609,
        3329174303,
        2319447461,
        656997636,
        3082638903,
        220030865,
        1230108782,
        3834827504,
        503749522,
        1647168695,
        3778612003,
        1478647835,
        1724465022,
        870552200,
        829437002,
        3277894004,
        3151871981,
        3488352241,
        2595385691,
        2085780932,
        285523161,
        1689208062,
        2557700139,
        4189648367,
        2361513770,
        3358759782,
        163722203,
        3218661222,
        1402440115,
        3669978806,
        2238278206,
        985208343,
        1682533213,
        3764367139,
        3759865299,
        3950513082,
        1164850492,
        3898280554,
        159789719,
        717397023,
        3261441337,
        418348478,
        2726010322,
        3378214403,
        3134761072,
        43575561,
        2255184065,
        1109541061,
        292535676,
        4085515042,
        792652730,
        588021826,
        1490171236,
        604966342,
        3735406353,
        4287638751,
        2948809850,
        461789603,
        1591266698,
        369736983,
        3833715685,
        2840050154,
        153738628,
        3669136804,
        60863631,
        858004935,
        1253244865,
        3392231488,
        1507383562,
        1089804562,
        2041541171,
        2308542552,
        2519911220,
        2647453266,
        781005914,
        1034896441,
        2853453244,
        3304950664,
        2815090443,
        4251614545,
        3538017023,
        1579608708,
        1153615041,
        1619820260,
        3287758050,
        4013488388,
        2041498735,
        4287162003,
        3441152842,
        2764177895,
        2010943563,
        1972100348,
        4167632973,
        1065036507,
        125208239,
        234363325,
        3913255435,
        24245017,
        1605229069,
        1445891848,
        1544339007,
        3384064137,
        3436569510,
        550521370,
        3973339347,
        1005866960,
        3141434088,
        528765528,
