{
  "generation": 18,
  "fitness": 2478.6666666666665,
  "food_eaten": 33,
  "timestamp": "2024-12-11T16:05:55.594642",
  "initial_state": {
    "snake_position": {
      "x": 7,
      "y": 23
    },
    "food_position": {
      "x": 22,
      "y": 2
    },
    "random_seed": [
      3,
      [
        2899620503,
        2581186104,
        2322936645,
        1504277278,
        3030641885,
        182865358,
        1469894694,
        1692638423,
        1621243315,
        4177926075,
        1323575803,
        2679910965,
        3576298516,
        811936260,
        2559934477,
        3813694901,
        224643901,
        1618283642,
        466446887,
        3310728230,
        1276805226,
        1451523452,
        3907467244,
        1229605648,
        1240289254,
        2588480866,
        555171349,
        1753729938,
        2730040617,
        3194276722,
        416144368,
        2433523354,
        1636331013,
        2077440923,
        1583007919,
        4279360372,
        2558774090,
        3746938627,
        3956946533,
        1827598169,
        2778123291,
        2697334483,
        4209267613,
        2738167113,
        637204839,
        2730082007,
        647605969,
        2572209534,
        4157969469,
        2542140705,
        3983441099,
        2079569804,
        2427182074,
        3675902550,
        1139906008,
        1601184269,
        3052272497,
        1416309879,
        3597603492,
        2953290230,
        1053381636,
        3360084010,
        4017676860,
        157104968,
        943676882,
        1312061980,
        1496765918,
        3248905838,
        1081926404,
        2236188959,
        3437601534,
        4087486497,
        4216237890,
        2768089293,
        753493608,
        1628404203,
        2041630252,
        2621757955,
        701786883,
        3563181011,
        2012445836,
        1521463560,
        2454183210,
        2826004668,
        2526730971,
        3762714106,
        1712321640,
        971996073,
        3888803674,
        2413718617,
        1668646994,
        2186586696,
        1583811179,
        777659064,
        1626452169,
        3744022918,
        3851054617,
        625367759,
        3806218279,
        134770931,
        3430393809,
        3127699090,
        368012640,
        2091477259,
        3745299261,
        2939990523,
        1019936480,
        723878472,
        3161111503,
        2532969836,
        2096521511,
        3432205785,
        2913033993,
        1606235649,
        1412503677,
        2782997748,
        4220629775,
        2027176639,
        4168536631,
        3659817218,
        1512155379,
        1550110318,
        2612260763,
        725819418,
        404858949,
        3724238106,
        1359554262,
        388665584,
        2975099251,
        3577299687,
        1436002109,
        1321253732,
        2137638006,
        1556881307,
        1849571734,
        717055598,
        3156623681,
        456763722,
        1735030678,
        775403544,
        1917313792,
        2459208123,
        4277525039,
        3571185045,
        180433190,
        2951037852,
        2267600813,
        3647802187,
        898002593,
        3913637006,
        1665440502,
        3321607362,
        808485879,
        3805534849,
        3393513869,
        372170075,
        2446401272,
        4199633691,
        2411102054,
        2889118463,
        1719046060,
        2098239495,
        3091045373,
        2900290631,
        1584315693,
        790366797,
        4292801412,
        2227343633,
        2914308020,
        1079653396,
        2513896185,
        2371806655,
        2828588109,
        1120502656,
        1306775078,
        1014984014,
        4160247198,
        184513234,
        467380847,
        3509645983,
        1390853822,
        3664622862,
        3274449958,
        338754086,
        3564964841,
        2042543832,
        2895979316,
        2872346791,
        1654220852,
        1972395291,
        1692566884,
        2915229781,
        2588438390,
        1827438740,
        643823747,
        2507508092,
        1637169260,
        792401662,
        522842486,
        1391884803,
        444440642,
        3079015988,
        3538451533,
        1595668792,
        4262667136,
        172393591,
        3661069853,
        197636356,
        704188190,
        2988727942,
        541743579,
        802419014,
        1152819652,
        246170777,
        3989221726,
        4217555779,
        1875554934,
        3479693616,
        1441997336,
        2120187531,
        3943417276,
        1989104177,
        2709342099,
        3466572474,
        2397161566,
        2758455911,
        1494933218,
        3429602196,
        3403992129,
        1650527202,
        1458032910,
        243958335,
        1006378016,
        2695191471,
        4245781007,
        3914716490,
        1726729387,
        196460135,
        45698785,
        1711221051,
        2978979028,
        1443518529,
        2911679487,
        3901512094,
        2165763131,
        715724497,
        468950869,
        711918808,
        4025520558,
        1915487648,
        3056658478,
        1890483647,
        2772923382,
        1770750291,
        1581254599,
        3870692474,
        183589270,
        596583207,
        393135610,
        3675806373,
        4078084188,
        755019742,
        1162351397,
        351915743,
        1646594166,
        3681608324,
        158523201,
        759249030,
        3132815701,
        3507457014,
        2325262173,
        1688327597,
        3757592279,
        3215936851,
        660381904,
        3779343307,
        3167017554,
        804321792,
        1188241373,
        538023808,
        2620273197,
        834084837,
        3472134624,
        804784529,
        827794191,
        2713809247,
        495291119,
        1232026097,
        2028629766,
        2657000202,
        1869855250,
        2244743701,
        3174743536,
        1986102995,
        542609303,
        1046095030,
        2027317869,
        3641248286,
        1697736477,
        2362044702,
        1177167231,
        176862901,
        2809555192,
        2473917281,
        2360368169,
        3578252177,
        604254706,
        223192653,
        3380624468,
        3632516306,
        2484295620,
        1789395116,
        3594809260,
        3044962783,
        1263684383,
        2244357782,
        3441127982,
        2990214104,
        1662113467,
        3856055085,
        86143952,
        2453683405,
        452122585,
        640122598,
        144245854,
        2462528663,
        4086291379,
        3981603990,
        2478199298,
        442936515,
        3050090546,
        1413902693,
        184628861,
        2238429706,
        3678213798,
        1600263615,
        4200396466,
        588596602,
        1043140237,
        3962114274,
        2295881276,
        4093520661,
        946757850,
        758338229,
        4023963217,
        3204926698,
        637845907,
        322481138,
        662322674,
        3448644499,
        3738343301,
        2690338585,
        3871889828,
        437309810,
        2790240464,
        1286339967,
        2544008145,
        2973813234,
        2254797440,
        3646254631,
        935483578,
        3804424843,
        3588178154,
        3411917848,
        1004457554,
        2238216154,
        576741547,
        2222252608,
        2636641783,
        2323867886,
        3172883680,
        1796376299,
        3539839467,
        763377962,
        2999080551,
        2993373588,
        1986811511,
        1449928817,
        3371301792,
        1251919680,
        205326884,
        329835862,
        1875756265,
        3259960538,
        2185846084,
        3335753849,
        2700515639,
        1464724442,
        1367580098,
