{
  "generation": 23,
  "fitness": 2478.218465539662,
  "food_eaten": 33,
  "timestamp": "2024-12-11T16:06:00.181501",
  "initial_state": {
    "snake_position": {
      "x": 23,
      "y": 7
    },
    "food_position": {
      "x": 28,
      "y": 5
    },
    "random_seed": [
      3,
      [
        207923059,
        1154816369,
        2772471129,
        1081318712,
        586259368,
        4195091673,
        3089861360,
        3445678024,
        2049488625,
        3626461057,
        1976943845,
        2191515770,
        1734840879,
        1761807834,
        1740316302,
        1206051529,
        748481345,
        1480093657,
        2898160946,
        2078408176,
        2900497846,
        2941689513,
        1839521824,
        3486185359,
        4209292764,
        3438143439,
        295351593,
        1258283237,
        523001535,
        2304058683,
        3000287976,
        3522652548,
        173292331,
        1599771147,
        3555431145,
        2862737150,
        314605828,
        115269310,
        954853968,
        3963748005,
        3234327305,
        1713557570,
        2904537939,
        717058276,
        2864173246,
        2261939447,
        2468443229,
        2053814630,
        2470508200,
        1744207264,
        3898871315,
        560071388,
        157054817,
        3708981816,
        446166108,
        1226623764,
        204452083,
        1392557010,
        4246161275,
        2308475603,
        4209342014,
        1893345899,
        1600432135,
        1048066455,
        4000265527,
        448984461,
        2182052093,
        3477145402,
        1108153998,
        4210464349,
        3783704534,
        2164260851,
        4272839951,
        2146922841,
        693118092,
        3172172256,
        1249779129,
        2829020895,
        236568703,
        3225619591,
        1460261341,
        47507877,
        744447171,
        4196181825,
        2308118921,
        424098207,
        2883136284,
        1130965858,
        3503886766,
        3324206204,
        1443685686,
        3222031265,
        2087039880,
        2168334765,
        1631807832,
        508690796,
        1683672518,
        4251248501,
        2983142740,
        3090891735,
        4147395705,
        1320323077,
        2483866009,
        4356581,
        1160490314,
        1851331733,
        239051066,
        3783735173,
        3981122729,
        189597948,
        32630275,
        919924329,
        2157420100,
        2210611816,
        4203874671,
        1338069554,
        2446117843,
        2056841742,
        1822386837,
        1939379685,
        2424981212,
        37749838,
        922928905,
        1795892257,
        3002426273,
        2120908285,
        3346534676,
        2359856752,
        786811326,
        226114088,
        3664467786,
        1009605949,
        2866364103,
        827350946,
        470237436,
        697745409,
        2062839297,
        2358917689,
        2113767361,
        3057566515,
        1940499806,
        3195456947,
        1067080461,
        2929720679,
        660394979,
        2546975061,
        323804871,
        4111920489,
        1508751397,
        503117718,
        1984057125,
        1480170636,
        2337446202,
        2230548131,
        1414553027,
        563057536,
        3244651769,
        2184125991,
        1938776289,
        930445579,
        1390976152,
        1976236227,
        4198462215,
        625090187,
        59282475,
        2802540506,
        2875560573,
        277027727,
        1653531420,
        3320509525,
        1967121396,
        657762476,
        4101085971,
        4183796149,
        3038633076,
        1933887221,
        1831960458,
        1940196015,
        2848228897,
        2005821039,
        2810631457,
        2915757175,
        2596482956,
        1331245460,
        329227907,
        3826918263,
        3784617870,
        930790422,
        3213672775,
        142031328,
        1510158736,
        2751299630,
        4144531949,
        2065985883,
        4060257492,
        2454946521,
        3235317784,
        3962455894,
        3021283781,
        1839753126,
        3199703856,
        3078828299,
        2276468514,
        2337375449,
        171824121,
        396851227,
        753967038,
        2087002158,
        866406938,
        2580470885,
        2793699389,
        3333345436,
        2338971716,
        319932541,
        2066267419,
        2510281120,
        668922262,
        312513708,
        2767911053,
        4078928955,
        158039861,
        1741810687,
        2837236949,
        3412868777,
        4120335259,
        370073899,
        591196201,
        3302788263,
        683443073,
        2238442810,
        3791483015,
        1020531958,
        2796256631,
        1273103793,
        3481397765,
        1534891043,
        3299011515,
        2050303069,
        1919277815,
        3199972132,
        3457560696,
        457658841,
        1884074563,
        806517416,
        606813374,
        2519144935,
        2140534138,
        2032156035,
        4006509137,
        876429824,
        2759124596,
        2601719076,
        2496689696,
        129944551,
        506258628,
        4096341905,
        3944082431,
        2388930246,
        329857255,
        4107716543,
        1846176036,
        3467256449,
        1060488940,
        3350054602,
        2455842937,
        2029205532,
        3243584719,
        3892357072,
        4115724537,
        1337505042,
        1476123335,
        552979556,
        2411433676,
        1224702059,
        3261446064,
        4240587836,
        2397954358,
        1791945047,
        2618526178,
        1612660468,
        2841350254,
        1903880190,
        4120292442,
        3230531815,
        3263597610,
        3975663493,
        1920627716,
        1427255973,
        2870320106,
        2925747876,
        281028113,
        3403530315,
        852591869,
        2883709406,
        1818695015,
        382527113,
        2264939260,
        690062403,
        2462819940,
        2271464409,
        2406317302,
        119211754,
        3526781259,
        1995412372,
        3030579827,
        1522549694,
        1447848910,
        3683674243,
        3896654227,
        3136784270,
        715423686,
        2158205457,
        3369056353,
        879674925,
        4053468844,
        4063342285,
        2817968162,
        4230314326,
        1803888873,
        3535709673,
        4168194692,
        1830119239,
        2646904734,
        2328798537,
        556253184,
        3601889288,
        754283539,
        871806346,
        2107676071,
        2273305075,
        1430837384,
        286452310,
        120205693,
        474651228,
        2956505656,
        4249517790,
        4069954912,
        2989332574,
        2284117375,
        1055903698,
        821973581,
        2126637993,
        3277485172,
        3989272899,
        1548470847,
        159227811,
        1314525902,
        4015926990,
        1849708396,
        3428227353,
        2502079167,
        191076821,
        1849175152,
        2562066508,
        1589824023,
        2553054592,
        2579711108,
        1151582701,
        1943443634,
        2219551100,
        1147274,
        3031182926,
        305319375,
        790017571,
        1739302930,
        1400386869,
        3958804088,
        595263008,
        3657094303,
        2202459647,
        4267680331,
        661684076,
        437147865,
        1194033127,
        2625083978,
        147909814,
        1422907917,
        437997096,
        907117389,
        2380779863,
        4256574920,
        2860549569,
        1124294970,
        1032629836,
        3445383292,
        2072945233,
        1632367684,
        2875395640,
        495976242,
        46046353,
