{
  "generation": 32,
  "fitness": 2704.173106646059,
  "food_eaten": 36,
  "timestamp": "2024-12-11T16:06:10.138639",
  "initial_state": {
    "snake_position": {
      "x": 24,
      "y": 23
    },
    "food_position": {
      "x": 15,
      "y": 1
    },
    "random_seed": [
      3,
      [
        3318122518,
        3721435147,
        4183124341,
        4214591254,
        3897433516,
        981803448,
        2801114421,
        3816256681,
        1156355130,
        520010994,
        1080273131,
        3507258209,
        891195724,
        1636754889,
        2589444735,
        3515616847,
        2850001653,
        767301302,
        407024183,
        2341938906,
        2844274621,
        2447955115,
        2635910351,
        3789588174,
        3419378664,
        947183706,
        1147314949,
        3767124606,
        533440839,
        3230277919,
        3707032274,
        3133572122,
        3999944595,
        1989429441,
        2161802836,
        2374266408,
        2795389426,
        757268206,
        3383995780,
        4023693387,
        672158603,
        2456191442,
        16065249,
        314275640,
        2930552325,
        4291220343,
        2495770753,
        2621904735,
        1061599242,
        3939683952,
        4254139950,
        1937692486,
        46244723,
        2705948384,
        2283305241,
        3409357763,
        4165489895,
        1513729314,
        2606198858,
        3052520936,
        3169085890,
        1066982736,
        1343172142,
        1831707423,
        2324999985,
        2844817684,
        4163888859,
        799999920,
        3980353560,
        1019266304,
        2195590697,
        2065932023,
        737811333,
        1368412289,
        1119551231,
        3148284882,
        2922709677,
        733353691,
        346655581,
        152899392,
        99223957,
        2354898989,
        1256736313,
        768766813,
        2694632025,
        2949773068,
        2659318420,
        2210261036,
        1292479508,
        3881666296,
        647837600,
        1509411313,
        4097251113,
        593024492,
        675788652,
        1256276970,
        2362337024,
        4203525737,
        2067554864,
        201264460,
        2341349521,
        1703027769,
        1441878826,
        3079007714,
        4187473613,
        519367799,
        3473587584,
        3634700529,
        1998368548,
        3262095638,
        1032966377,
        3274006980,
        2120808622,
        3611220386,
        2864544120,
        3366866145,
        158837385,
        1473247454,
        155075559,
        2549763548,
        921854539,
        820609907,
        1387778719,
        385230140,
        2903311422,
        571714994,
        36571307,
        452295393,
        542402971,
        1636883777,
        836582919,
        488103839,
        2412035833,
        2234658359,
        768412397,
        1694565108,
        528728265,
        3643121703,
        1637634956,
        583205886,
        1184878529,
        4156018418,
        141145958,
        2198758254,
        905364372,
        2740031483,
        3326661523,
        3976496508,
        136030207,
        1738265015,
        2249324998,
        94693890,
        3740200248,
        1261841979,
        2395177644,
        63175397,
        1802404783,
        1726101741,
        1789194609,
        1556367422,
        2549951655,
        2267627454,
        224906604,
        620050505,
        3718367821,
        1444476350,
        354651631,
        173976417,
        1366033236,
        4006642101,
        3513561255,
        380807089,
        57739748,
        3835900401,
        3205787485,
        785713707,
        2230494634,
        960529476,
        1247046147,
        1773520246,
        3845153774,
        1870665234,
        2332878808,
        1744445616,
        4203665642,
        939749044,
        3300077150,
        3026216599,
        1956839235,
        1232140647,
        1658966583,
        3370311005,
        2315256295,
        1628382971,
        2396373757,
        3728824003,
        1036895910,
        555072088,
        3131639083,
        2010633224,
        2806854460,
        228828815,
        3468818970,
        2533352002,
        806097975,
        13563792,
        2639318414,
        1286610953,
        1504853324,
        241124176,
        3545590043,
        649276805,
        175670894,
        1532020219,
        2384649091,
        3000316340,
        2595654742,
        2311174435,
        4273206985,
        1232521455,
        3205343304,
        2431837905,
        1597094388,
        1414303364,
        3859345611,
        49175975,
        3671075827,
        3013733325,
        1658289995,
        727571177,
        1384483711,
        811974868,
        378015672,
        2059383967,
        2004166319,
        2566646927,
        1952682909,
        287628397,
        3758251319,
        869241602,
        1553107936,
        2545285931,
        2257130036,
        3801154452,
        498905063,
        1938065184,
        3540482676,
        3397514208,
        632931947,
        2093284426,
        3865104421,
        2800950671,
        1809685077,
        3160473499,
        3233081890,
        3595819025,
        3540564949,
        3426002765,
        4141615525,
        1709183780,
        828039527,
        2806790809,
        2817938823,
        1726218084,
        2400955288,
        2378450061,
        1020746295,
        3494157696,
        3757338805,
        1635080105,
        2498207792,
        1997133051,
        2321975933,
        901776298,
        1090422475,
        2090188451,
        3260217120,
        4237846642,
        3194245068,
        197284901,
        1360364688,
        1621833097,
        4147953288,
        3537330670,
        387587448,
        2529740522,
        416552543,
        1729121524,
        4057040025,
        1879122902,
        240739653,
        2984237329,
        2002922549,
        1380437788,
        786226099,
        108169291,
        3296187212,
        1020627711,
        3567610072,
        1290551597,
        3950593442,
        4176560585,
        3240015587,
        1275660499,
        2631095585,
        1973693651,
        3317010098,
        4272931056,
        2242507597,
        4083395932,
        691955304,
        3388115130,
        185195940,
        527347428,
        3659525666,
        3354903636,
        3803839923,
        388599755,
        2931016440,
        2601946758,
        4164589190,
        2141771719,
        1330072208,
        1980329018,
        71151377,
        3820023455,
        3872925257,
        1449654767,
        1933905454,
        3518746774,
        3269681469,
        4173712260,
        464731380,
        1653302789,
        49747783,
        1502455154,
        2526354616,
        4077024125,
        1962706338,
        1927918600,
        1031697115,
        648117034,
        3319664991,
        881643937,
        536777187,
        2289707292,
        3003722784,
        2759533886,
        1605771604,
        1953984765,
        4066570476,
        2429596406,
        3570677335,
        2502784110,
        1008977026,
        210934055,
        515205358,
        1935468924,
        1919531723,
        2885365098,
        2433483305,
        3776300650,
        1014419290,
        966128109,
        4102090436,
        3564234772,
        1610647992,
        3722032272,
        2552464268,
        2888574297,
        2669867991,
        3960616258,
        2049830895,
        1573089754,
        1450969228,
        3185471032,
        3867319361,
        3867500236,
        43208246,
        2116465820,
        3785918981,
        3357113961,
        2211902996,
        4160939811,
        1086344253,
        4002568428,
        2214122194,
        805897233,
        3320935471,
        1605320497,
