{
  "generation": 35,
  "fitness": 2478.082191780822,
  "food_eaten": 33,
  "timestamp": "2024-12-11T16:06:13.383533",
  "initial_state": {
    "snake_position": {
      "x": 14,
      "y": 11
    },
    "food_position": {
      "x": 27,
      "y": 13
    },
    "random_seed": [
      3,
      [
        66126130,
        2891165371,
        1738718866,
        102017272,
        1718827988,
        2995894778,
        4289258146,
        1193544843,
        1721485641,
        3143417088,
        346219545,
        281701364,
        2073529283,
        1792507488,
        35139787,
        1914756548,
        3449480424,
        679093012,
        308875266,
        1420125422,
        2597010918,
        3979593575,
        3560291431,
        3854768709,
        1735641712,
        1710997116,
        3038889184,
        2795194237,
        2234613239,
        2814958153,
        563770272,
        860890462,
        1015687351,
        3061611007,
        3748161057,
        3156541330,
        2241410092,
        2452802489,
        2315530017,
        1673533907,
        2726044265,
        2856083193,
        2160746993,
        2968032087,
        3194369444,
        1146204164,
        2570914760,
        3622932365,
        3231887047,
        3230359151,
        3758369054,
        4276663448,
        222055767,
        116545710,
        3073336724,
        2919402976,
        107208886,
        1615471928,
        2850980810,
        1240193341,
        59161408,
        2894809225,
        2486881330,
        119154133,
        2803344265,
        509131242,
        1329297484,
        1498613608,
        453808684,
        1332073075,
        3696729498,
        955237575,
        3808725967,
        4157149385,
        1897757479,
        380782413,
        2493710850,
        2541174772,
        1473410465,
        3847362063,
        2386186510,
        3477776339,
        2056509457,
        3907791321,
        163362573,
        1181329850,
        1754037216,
        2816465158,
        2594653903,
        2442242046,
        281638061,
        3365660852,
        821582261,
        3815521059,
        407187257,
        629581179,
        520370587,
        1085501940,
        232886574,
        4165420421,
        242421601,
        1885101349,
        1927300656,
        2753859797,
        3045649726,
        903386432,
        4121415208,
        2592178324,
        547898009,
        1513291933,
        1870725595,
        847857246,
        1534181808,
        384793231,
        3609006717,
        3508632257,
        3623006869,
        47968426,
        3454121460,
        2993262807,
        3325038478,
        1666506873,
        1238204935,
        2717249748,
        1625544699,
        1064552706,
        2643686825,
        2173648353,
        3731343126,
        149398500,
        2496336725,
        2131389699,
        530016015,
        3138616427,
        3885475376,
        4280440108,
        150100585,
        2895168424,
        3045325341,
        3225007005,
        842720962,
        607144594,
        400785427,
        1943259308,
        2569239570,
        4221779206,
        199948516,
        1361411059,
        3556847584,
        699472690,
        313445273,
        1020553664,
        606587203,
        2946234826,
        3498490360,
        239517591,
        4137992651,
        1885753991,
        513016614,
        1386929109,
        3101129457,
        2635756843,
        334202424,
        3458658207,
        23667306,
        3782747840,
        3037737308,
        1211746626,
        2829139409,
        689005454,
        880038571,
        406040604,
        1350600069,
        1895989873,
        3497945798,
        3965267395,
        1300587932,
        3983582633,
        3565432531,
        3192162968,
        2274955371,
        4154541325,
        1877038929,
        164102179,
        3542041227,
        1236760219,
        3941208114,
        4232403129,
        2449937985,
        1333573630,
        1588576714,
        2015187217,
        3834754572,
        29742659,
        1479059698,
        844203525,
        3759244025,
        3865948991,
        1681241043,
        4032061091,
        2666238683,
        2716517426,
        1234935013,
        95632372,
        4287304120,
        1531442267,
        2153082255,
        2845682563,
        602616224,
        4258632025,
        2670400101,
        2452397852,
        4184782637,
        3919335282,
        2933004166,
        2874314229,
        4108901804,
        440682951,
        2597199925,
        3486777631,
        2187991706,
        2696260884,
        3442496125,
        140118134,
        2272219093,
        1780936206,
        3917158235,
        1863752473,
        3554385916,
        1497260252,
        3072519180,
        3284819145,
        2579895582,
        3497977622,
        2369647827,
        3687402589,
        3800443405,
        790629102,
        1816489731,
        1117362829,
        1831822127,
        1790297301,
        3012099167,
        3378681014,
        303706964,
        2633906841,
        1738853973,
        899935185,
        2156627741,
        3523187163,
        1116420493,
        3401314000,
        895908901,
        3617031184,
        2564980679,
        2486472866,
        4251335042,
        2231753980,
        1556971186,
        2556946682,
        2652142627,
        3231828638,
        3551883843,
        1979307613,
        1474610288,
        2641330139,
        3282854167,
        2182321932,
        1929232700,
        1548957083,
        1738298300,
        1698233568,
        880177136,
        3878779859,
        3245742782,
        1004683500,
        61479761,
        1262336834,
        3300179508,
        750858644,
        1854902225,
        1841757209,
        3185225384,
        701055240,
        2418985403,
        2209312102,
        2029550017,
        1214377370,
        1793387311,
        1836049325,
        1471901354,
        903918533,
        2269339863,
        1677711433,
        1760759673,
        3028340491,
        2365751343,
        2222923556,
        481891543,
        2215264144,
        940443858,
        3565397069,
        1304432971,
        345271065,
        821928236,
        932100147,
        2061486629,
        1697561261,
        22049861,
        509702282,
        2173931842,
        2206089872,
        220228765,
        4032499505,
        1482302525,
        3424583568,
        2836468003,
        1929077597,
        1911162735,
        841946613,
        4076939024,
        204763671,
        4265745578,
        1896903359,
        2768831999,
        1253090590,
        316766465,
        847003364,
        2242801215,
        369174420,
        3767637265,
        381696123,
        4002463500,
        1674746109,
        4258694652,
        3637425677,
        1879869319,
        3689975069,
        3623794467,
        2106735555,
        2910039335,
        320930336,
        2416150627,
        3534575743,
        1481695970,
        2911517405,
        4199657471,
        3083288710,
        1460614071,
        89345171,
        814420646,
        4095185823,
        2142722893,
        742911777,
        2382710381,
        796520077,
        2519926297,
        2489860379,
        152930425,
        864830117,
        3087702873,
        2406692281,
        2540021692,
        221158237,
        3177706893,
        2058947750,
        1221870296,
        3759739234,
        3388216230,
        3996850899,
        3207180668,
        2831211923,
        3638593124,
        3517336350,
        2672313056,
        160752769,
        938099549,
        2383656312,
        636486699,
        4184522455,
        2786672938,
        2091284757,
        2632766345,
        16654599,
        1286216983,
        3406300564,
        685717312,
        810852382,
        1324718884,
        478880506,
