{
  "generation": 84,
  "fitness": 3378.4865702479337,
  "food_eaten": 45,
  "timestamp": "2024-12-11T16:07:18.470567",
  "initial_state": {
    "snake_position": {
      "x": 26,
      "y": 13
    },
    "food_position": {
      "x": 3,
      "y": 28
    },
    "random_seed": [
      3,
      [
        489828837,
        4189665358,
        2550137707,
        292464437,
        62775398,
        4220246956,
        2754607752,
        227668365,
        2065853421,
        3756763113,
        2488383601,
        2455342331,
        1099184193,
        360237579,
        2255550002,
        3272050671,
        3342572301,
        572015726,
        2086604759,
        2484737102,
        2162462358,
        111515357,
        23139979,
        519965912,
        1398151461,
        1195705305,
        2831331690,
        4030969178,
        3592436042,
        1615865348,
        3791415697,
        685149247,
        3009836210,
        2995886007,
        1049725600,
        78076713,
        599763514,
        966717428,
        1656318380,
        2550909027,
        2683867745,
        632607364,
        3091996872,
        4068656041,
        995932380,
        2544148265,
        1020851734,
        2790253201,
        3934418425,
        1355708423,
        3978671624,
        4034176710,
        192816425,
        1766070359,
        1000668380,
        1820190967,
        3467428768,
        318035669,
        2667288724,
        1109138557,
        143982123,
        813517328,
        705003989,
        941868592,
        1048383146,
        2021950713,
        833792922,
        2099666841,
        851832485,
        479761933,
        593112454,
        2221489924,
        760941484,
        3683081549,
        2821832174,
        59181785,
        1141238954,
        3043697525,
        660070729,
        483172928,
        1409518769,
        1379628466,
        3720162902,
        1135668213,
        2494085147,
        1678120733,
        1278333549,
        1256636911,
        52395410,
        2719999535,
        762368674,
        3594329196,
        3988553627,
        3790806603,
        289088874,
        1900091992,
        1862720480,
        4216171318,
        1138493753,
        1229321246,
        3695121825,
        36634627,
        3829358077,
        3331580964,
        2267708941,
        3529552860,
        2657352451,
        888358776,
        3164251168,
        1796554472,
        2141132248,
        3368194700,
        3233098005,
        2185992110,
        2645125170,
        100551563,
        2856168108,
        2213826160,
        2719218002,
        3006406351,
        1561099930,
        1407360628,
        840634319,
        3738512717,
        3438076437,
        2022067934,
        307166859,
        1639462675,
        1466078276,
        442956477,
        3015904770,
        581808115,
        3978382424,
        3752485853,
        2946185515,
        2506264827,
        3355539286,
        2703432379,
        3635521350,
        2011400198,
        3777828717,
        2613505901,
        1041995121,
        437706340,
        361922462,
        3620785536,
        3317890304,
        3463994741,
        7770901,
        1151087779,
        188989760,
        3223548511,
        952870981,
        1500651392,
        1793820726,
        3228404594,
        3461858446,
        3586851585,
        2494142094,
        3383184286,
        4046488208,
        1095518327,
        2013989667,
        2872339913,
        3049725676,
        2135698444,
        4186492649,
        2579696450,
        977120579,
        3818943029,
        4124092453,
        3192026310,
        4139133026,
        1247937559,
        1977090716,
        4270755695,
        227503002,
        3868715393,
        3392158951,
        311699156,
        3901843619,
        2740358113,
        1603705740,
        9283326,
        1798130963,
        3796673666,
        2480479150,
        497675580,
        2531061785,
        3646290196,
        2920814620,
        3364088179,
        3475930975,
        2455020751,
        3184653791,
        1952690499,
        1035712874,
        2074874845,
        2453818791,
        3658917577,
        2365902989,
        2383605721,
        382293488,
        3469144840,
        3273108914,
        3962446179,
        3244869846,
        514650704,
        1686994320,
        2421504438,
        511260015,
        797875209,
        3888275751,
        1102083355,
        52930518,
        755774447,
        3543667213,
        3506129916,
        1284865714,
        4075805101,
        1449789053,
        1836929566,
        196648232,
        3326446389,
        2587605018,
        3051561494,
        585978814,
        3290187769,
        2077677001,
        2833820541,
        833904865,
        588526619,
        3201338187,
        411932037,
        4250849187,
        2525667156,
        1627985917,
        3923907646,
        3905917148,
        1641829131,
        4123288032,
        520643866,
        1314718089,
        1607621881,
        3367250022,
        4278246285,
        1101242318,
        3035681789,
        3020574669,
        3698109031,
        1934231543,
        3232073542,
        3308615963,
        3878536299,
        628669985,
        325424659,
        3533231875,
        2838639569,
        1471193575,
        3990481092,
        2851367420,
        3407890923,
        3568556927,
        14699882,
        2042062204,
        3361769611,
        760492658,
        3615063130,
        3120903299,
        2879987281,
        1163186783,
        661846724,
        3800026424,
        3123176757,
        130527508,
        672471536,
        3495613144,
        696190452,
        2707317458,
        2046873271,
        2915283505,
        731753007,
        110233291,
        686964106,
        2139966167,
        540273675,
        2038063155,
        1965430143,
        284279265,
        2301716241,
        2832512021,
        2411112511,
        372342804,
        692541377,
        543842686,
        2096782161,
        3088758859,
        419236773,
        1238382709,
        2128670171,
        2627985264,
        695530771,
        1613618519,
        1778326494,
        4064071895,
        3890510989,
        2023068076,
        593875293,
        274834973,
        1620244086,
        2146301680,
        2792184288,
        4241994085,
        2827162505,
        2120184524,
        721927226,
        3261024842,
        101732157,
        2524336060,
        4075556328,
        1708375456,
        812115591,
        2466549806,
        234020279,
        179457433,
        3400336053,
        1054644512,
        2564933229,
        2387845687,
        3776196668,
        2722637649,
        1181235519,
        2512801397,
        534051222,
        1982508444,
        3522183752,
        3905527103,
        1104178327,
        2099420392,
        2459173379,
        1632886693,
        4206796481,
        1068468411,
        289398298,
        2552551360,
        3896567536,
        3280594482,
        3417770016,
        2899108225,
        614961090,
        2680234730,
        2219302560,
        1015433539,
        490183953,
        2348439893,
        1597130995,
        3914037497,
        2784615976,
        241862970,
        2692602637,
        1605912344,
        3230171296,
        3833536113,
        1526821371,
        720175275,
        3729489665,
        3873946039,
        1066252511,
        4132270284,
        2226797063,
        999932367,
        4194498727,
        2967171473,
        1785380749,
        1637902097,
        742065964,
        2013734181,
        1878253886,
        994178050,
        2127088961,
        1650153302,
        1347734007,
        799757594,
        4168488822,
        906075965,
        2412489188,
        1731257425,
        1162745804,
        2600431694,
        196111226,
