{
  "generation": 86,
  "fitness": 3378.321850393701,
  "food_eaten": 45,
  "timestamp": "2024-12-11T16:07:22.078870",
  "initial_state": {
    "snake_position": {
      "x": 3,
      "y": 26
    },
    "food_position": {
      "x": 9,
      "y": 0
    },
    "random_seed": [
      3,
      [
        1706645293,
        295299835,
        1524689882,
        1008043179,
        1062491245,
        1086848174,
        1958497235,
        975096781,
        2471762952,
        3543356641,
        1180636516,
        327613998,
        3617405507,
        366179347,
        4261516684,
        3073026965,
        2391910101,
        1423217192,
        3191035758,
        2727222554,
        573037986,
        297250594,
        4211061995,
        3169854088,
        309482571,
        2067850394,
        3934345970,
        2001748061,
        1122821674,
        3493730631,
        2791248584,
        1047605070,
        3582103122,
        1398713224,
        2700717153,
        2246460146,
        1065889354,
        742107319,
        199737823,
        1607221816,
        4167279220,
        1489391624,
        3005792178,
        1493830413,
        147832800,
        3740635545,
        3316238613,
        461167670,
        4290178350,
        951805790,
        1526142729,
        1799034220,
        2716203153,
        2709070873,
        3438004866,
        2897730239,
        3051715376,
        2476448894,
        680354767,
        1423701944,
        2569904657,
        459926478,
        2805435947,
        3658011180,
        619609134,
        2637714449,
        1345016570,
        159396581,
        1132763394,
        2697355429,
        1577204218,
        3145317133,
        1275683616,
        4280613778,
        1924566633,
        1277131083,
        3424077510,
        2401439796,
        543454045,
        850807278,
        2777273314,
        1981885603,
        1981418618,
        2454314955,
        1424621194,
        866047818,
        222312135,
        405975129,
        2203542944,
        1156531027,
        3481210355,
        513569765,
        4287104890,
        2533278160,
        2486722847,
        2955148931,
        1298822950,
        3878507194,
        3512958165,
        4284560027,
        1586794101,
        2152180448,
        177854117,
        1127908495,
        2186371945,
        3555965321,
        598573307,
        1271409634,
        1436454515,
        4268606964,
        1822282105,
        1802068310,
        2770169595,
        2954024561,
        1859053812,
        3585556186,
        2613627893,
        3698741633,
        3590167012,
        520685246,
        3381658041,
        3837640443,
        4008416759,
        2078897462,
        3521140202,
        2496444477,
        880610430,
        2087093961,
        2156932299,
        391545647,
        1591433137,
        106011130,
        565847828,
        3679114630,
        4251377812,
        143073020,
        117648922,
        4079212875,
        2656468002,
        2476608402,
        1816355586,
        2183845901,
        1201051227,
        2928135597,
        3104893449,
        3596082980,
        2298526907,
        2064181693,
        372408091,
        4206124464,
        3876398105,
        1397583226,
        3214899534,
        1544957260,
        1289467542,
        4166456360,
        2357677264,
        3752024256,
        61197129,
        2956744885,
        503722148,
        4248461748,
        4018886415,
        823319039,
        411064786,
        1693108084,
        3570210410,
        3351177757,
        4011240021,
        487708689,
        940527568,
        1676776661,
        2043170598,
        1551131984,
        3342394182,
        837938131,
        190129968,
        774512828,
        2390162089,
        1379622972,
        3234763796,
        2623540099,
        2171432551,
        2714274914,
        11063117,
        3370677801,
        1820113439,
        3701420783,
        2942467414,
        1958765905,
        2509025080,
        2423823672,
        1164274267,
        2114015727,
        2404826228,
        4051761613,
        982143509,
        2613607487,
        4018313347,
        2111745892,
        260473868,
        394443018,
        2479593469,
        3733149309,
        2224460161,
        964238746,
        2968932107,
        1206064756,
        1836313595,
        1363220924,
        3844074304,
        3058058169,
        180317681,
        3253327287,
        2347178022,
        2853514101,
        1025894016,
        2093483898,
        3066484282,
        1627005656,
        1123590983,
        3179430236,
        1622217547,
        2300879117,
        824760828,
        3501045362,
        3198427262,
        4210090257,
        3012265701,
        468534741,
        2920565832,
        3849197147,
        1956446582,
        3406708477,
        1565497365,
        1774229822,
        3456234420,
        3500000319,
        2472358035,
        2858899456,
        3900279387,
        3478106096,
        1693988139,
        1263452952,
        507134782,
        1653872620,
        3608197338,
        3739280057,
        110280951,
        3751466724,
        2987409742,
        2815636659,
        774614102,
        4051074430,
        1729135038,
        3967529980,
        1184183471,
        2364959808,
        410160855,
        948528793,
        3504504566,
        4030101203,
        1486255807,
        2874725824,
        3788279105,
        3587694211,
        2123026321,
        2672183684,
        2972701048,
        3272166480,
        1941221861,
        981789331,
        858118503,
        2211253205,
        342830747,
        552260486,
        46809429,
        2918206388,
        3832601834,
        2381695052,
        2656314840,
        2335337214,
        77297507,
        2712048521,
        2330739270,
        2479546440,
        2985285829,
        1681385215,
        1632245696,
        275715118,
        796772614,
        1853183049,
        289259805,
        4175776926,
        3249971242,
        3690266023,
        625217448,
        1465290608,
        2614389886,
        1026141990,
        260397879,
        1626158108,
        3172415004,
        1651653494,
        3637341303,
        3536631103,
        3609312568,
        2517042250,
        305028969,
        1564669829,
        1397612213,
        3803316782,
        1303450892,
        448666032,
        3432049969,
        3234511598,
        1011192234,
        2503362723,
        2624256503,
        635295892,
        625407574,
        2536525426,
        1652408990,
        846057491,
        3127347664,
        2766215645,
        3553726650,
        491024077,
        943327756,
        94963600,
        2515319986,
        1703837101,
        2403339451,
        25585591,
        3943271760,
        162946348,
        501529904,
        2367563657,
        870675158,
        2652362237,
        2822212462,
        3153964993,
        308367959,
        1372232678,
        3728416150,
        3712449689,
        4271823994,
        3411167330,
        2098761737,
        1750583619,
        3809961161,
        3005545254,
        2622080168,
        883270077,
        4234605219,
        1614941031,
        504444303,
        263161329,
        2854028225,
        420565528,
        749955426,
        268509684,
        163447737,
        97077852,
        1242952609,
        3788758704,
        1539018433,
        1570156188,
        262265388,
        1791039496,
        1491647206,
        1388491155,
        267097539,
        619174424,
        1942907263,
        1532280368,
        2866003208,
        1026648492,
        1891561394,
        2204763892,
        3646252123,
        2170457553,
        153898636,
        747847222,
        1367511983,
        97814006,
        2120457677,
        2523155241,
        983281205,
        1573930724,
