{
  "generation": 76,
  "fitness": 3303.6995515695066,
  "food_eaten": 44,
  "timestamp": "2024-12-11T16:07:05.266143",
  "initial_state": {
    "snake_position": {
      "x": 11,
      "y": 18
    },
    "food_position": {
      "x": 8,
      "y": 28
    },
    "random_seed": [
      3,
      [
        1351538356,
        4226052760,
        4203817693,
        1575286191,
        3502057560,
        873608535,
        1200293109,
        245973031,
        2735341465,
        3192525022,
        1631897404,
        1849791584,
        3191613902,
        1166357721,
        2460658035,
        1424165081,
        757133824,
        2397091552,
        3722249571,
        2641968538,
        2522735287,
        2649296652,
        3903264324,
        4249617558,
        1547513541,
        1189373103,
        3600150168,
        3376018888,
        3945225372,
        3779921454,
        92220023,
        557519231,
        914657314,
        3141055109,
        2831270224,
        2944725026,
        3157417962,
        3169525662,
        1757154100,
        895197839,
        2247041509,
        2119093708,
        1688025949,
        3555525159,
        2578059743,
        2478268369,
        3334084186,
        664193442,
        3193798251,
        3853820647,
        4215489401,
        3555496712,
        1250735468,
        3556081068,
        3263960902,
        939809578,
        947565538,
        2162243861,
        1787316126,
        1559199230,
        2648368062,
        1575039276,
        1882995452,
        1138719346,
        2537629207,
        1463630710,
        4153157076,
        826863633,
        4293342236,
        3204786110,
        2195801202,
        2559917136,
        1786133838,
        3741154970,
        304505814,
        4021713664,
        2013673189,
        3639461873,
        4288658319,
        3806507612,
        1321917919,
        2732809680,
        3509460606,
        851162919,
        1520490067,
        2959670809,
        2673706841,
        3147193708,
        2967346681,
        589483782,
        3753604452,
        1593627814,
        4274671518,
        1552215586,
        4240076785,
        348570737,
        798901096,
        4097239922,
        3387889349,
        770578003,
        3474795590,
        3963186099,
        2509429288,
        3346922209,
        3231778347,
        4080487167,
        246600862,
        1402893196,
        179153007,
        4264124492,
        2374463396,
        3162090878,
        367728898,
        3934870232,
        4130231513,
        4140374092,
        3916899417,
        4256278969,
        3009810960,
        603438815,
        2344803108,
        2746499864,
        2932589922,
        2002723729,
        1411245679,
        3467917280,
        1368490594,
        1412534970,
        937575004,
        3728333075,
        1102245969,
        1240171419,
        4116730739,
        1037465929,
        3406478712,
        2538358993,
        2639176303,
        1761591487,
        2564501580,
        2203357370,
        3585592507,
        3694820867,
        259160364,
        3320720999,
        2226937148,
        1167194631,
        1810733085,
        3231107361,
        2301124878,
        621943558,
        1530650119,
        2314010148,
        893467186,
        632386364,
        2184743885,
        1101830738,
        3744178767,
        4152352359,
        2474861736,
        2173420665,
        1846821438,
        2950803188,
        3895951515,
        4227946134,
        2382483848,
        2030915892,
        2682703464,
        563618618,
        752887916,
        2769690498,
        3466358068,
        2728309979,
        2690983758,
        663371073,
        3962537565,
        2772626205,
        1073753433,
        485976338,
        3919441620,
        1135135013,
        3015513963,
        3158136821,
        3929884170,
        643192500,
        4243384778,
        2711111229,
        2118655663,
        2269926929,
        2299569786,
        4021098098,
        50133064,
        810206467,
        157959654,
        2544769701,
        1011124110,
        1396442703,
        4238629451,
        903553295,
        3235559412,
        133373839,
        3049836378,
        3788992820,
        3994368616,
        3951007383,
        410610323,
        1071107287,
        914231361,
        2701734324,
        528658726,
        1640370706,
        1472877085,
        674129417,
        3389184062,
        3628533879,
        956760440,
        2925031973,
        3887365211,
        266926208,
        1249937915,
        2248251321,
        465028660,
        3103830426,
        2742327142,
        473476370,
        2766700688,
        3946418760,
        2922155581,
        374429997,
        35964023,
        1900572978,
        3652105900,
        3074155183,
        2030470057,
        2670780168,
        1144106250,
        2810285589,
        1904410100,
        773730895,
        4207700945,
        988422019,
        3517361924,
        3967072250,
        476356404,
        2988659536,
        4234154891,
        1371244883,
        631435205,
        483998593,
        4218888317,
        22101830,
        1355895945,
        3004591679,
        159471710,
        4184971726,
        95669407,
        797119634,
        83718502,
        1233188864,
        445530681,
        1944487222,
        3468473701,
        1995152252,
        2743574568,
        3462382870,
        740001602,
        4186376352,
        2472364119,
        2664928368,
        1228382023,
        1177938335,
        1682272709,
        4264758494,
        4183999601,
        3153253043,
        4038686342,
        3133282228,
        2478773089,
        3717949077,
        2977519496,
        2008925675,
        4120559589,
        2556168519,
        364662994,
        2886258980,
        4241132287,
        1538812854,
        2113613046,
        3908716222,
        338605929,
        2126151010,
        3838700583,
        4209037234,
        3573647836,
        2149094419,
        1759311594,
        3865574399,
        679635864,
        3841807928,
        2637258092,
        1405782454,
        4013789085,
        2756632374,
        1377423300,
        2130570471,
        1292116655,
        2248994378,
        1823200257,
        3733314930,
        1432980672,
        4106060963,
        3762830735,
        3289788008,
        1964801556,
        1751372191,
        2174379300,
        1442310969,
        2893748547,
        1539522508,
        156250551,
        1759507737,
        323490151,
        1743567132,
        3371107115,
        2653496246,
        2488451988,
        171258449,
        2209124285,
        1046153599,
        3667723320,
        3259723714,
        1829292900,
        2936985581,
        3789271521,
        3053630455,
        2502625295,
        718723402,
        3701669431,
        961183114,
        3606630684,
        596698154,
        2251594233,
        4257808098,
        3498596120,
        2817425940,
        1077761563,
        794880558,
        132246113,
        1017811858,
        1609848580,
        4236173606,
        1301321590,
        1317524995,
        852454618,
        778065753,
        189787684,
        345125392,
        3856506350,
        568326878,
        1950284037,
        311313629,
        2385627699,
        579745107,
        4260078575,
        1537583191,
        588615600,
        2213954730,
        2909168153,
        830725374,
        131004142,
        960408348,
        987546530,
        2815007602,
        3182844588,
        108390421,
        4246098553,
        1662587320,
        2430564612,
        2082297289,
        870654851,
        3150809546,
        977390715,
        93046317,
        720588771,
        2145954442,
        1537012530,
        2711137416,
        1985286179,
        1858532790,
        2717843053,
