{
  "generation": 71,
  "fitness": 2703.6684782608695,
  "food_eaten": 36,
  "timestamp": "2024-12-11T16:06:57.887241",
  "initial_state": {
    "snake_position": {
      "x": 12,
      "y": 22
    },
    "food_position": {
      "x": 1,
      "y": 4
    },
    "random_seed": [
      3,
      [
        3059037216,
        23851936,
        108736619,
        1635602015,
        3103820890,
        3153913677,
        1579037438,
        1955938562,
        18354828,
        549179169,
        3433274427,
        1878919582,
        2140671207,
        1518125204,
        78860763,
        2921640861,
        4057351596,
        411381844,
        508299921,
        1684021683,
        1767384781,
        1165578277,
        295158270,
        121427190,
        2462007726,
        880242897,
        4041301962,
        3932214947,
        3773914759,
        3007175075,
        2530561060,
        3322681329,
        620615036,
        2104025017,
        2174675338,
        1163801764,
        1490973565,
        1288097600,
        1043342364,
        3107944497,
        980728571,
        3816184517,
        299742312,
        2191498082,
        1541556743,
        2205215648,
        1720664423,
        1179190606,
        2005749434,
        2052315192,
        2903087491,
        4053236498,
        4157564484,
        2939198234,
        2242809981,
        1086876412,
        2663325127,
        3052091068,
        504048700,
        2359776022,
        2166524995,
        379722938,
        950025265,
        2465204292,
        3085540607,
        3685637967,
        3640892588,
        345013967,
        753244969,
        3962910555,
        134321142,
        1243859289,
        3399185248,
        4153614289,
        597118222,
        2165051096,
        924498779,
        2409388651,
        3256120600,
        3824242246,
        2733103012,
        3277407528,
        4265612009,
        1096849465,
        1210648534,
        3464566129,
        3881681642,
        1226888947,
        3348978746,
        3553735260,
        463230285,
        656507277,
        2750192784,
        3609825482,
        1878637710,
        1891598752,
        2924044036,
        1698048170,
        738552304,
        283069776,
        1319925223,
        1890589967,
        833150017,
        4030814567,
        3667572515,
        1980865610,
        2521586276,
        2371459045,
        3133318619,
        1793465565,
        198956529,
        1362639301,
        2138073242,
        2878766248,
        3803428541,
        1668040148,
        428496533,
        2047537155,
        959353716,
        4061359504,
        3499666117,
        3274103261,
        3889484456,
        1011200849,
        270944773,
        440949988,
        3816320450,
        512758401,
        1569281902,
        2661418879,
        78141200,
        2081501782,
        4030878741,
        41941547,
        1272706498,
        2224563851,
        2072436524,
        2296359320,
        3054585836,
        2900282648,
        1665842399,
        1641441127,
        3894949947,
        4038551097,
        1413986329,
        3462642896,
        3053380933,
        505175067,
        828544565,
        4153527430,
        2599037625,
        4143881692,
        1699725281,
        3580519695,
        2660925731,
        2646371189,
        4211072225,
        2648975153,
        2327122313,
        2470246058,
        1077125672,
        761960956,
        4044653170,
        3212917512,
        1997349552,
        3220463179,
        3811060201,
        2980778750,
        3886879501,
        3568019662,
        1062640728,
        3174849621,
        1458780664,
        2713442650,
        1275628482,
        4271050452,
        2786944745,
        2934287954,
        4117601183,
        177240416,
        202051759,
        734944649,
        1114598923,
        2723009655,
        3264020687,
        826345963,
        2317723334,
        3923214303,
        3062201256,
        3083710282,
        3903017519,
        310260853,
        3006659746,
        1411616351,
        1097143667,
        762450480,
        1954868763,
        3137244025,
        91229074,
        2447191108,
        3500560479,
        1074291730,
        907218410,
        3465930910,
        1638763373,
        3541750996,
        1125206527,
        97665606,
        1299025926,
        2934004815,
        3605191912,
        3034281122,
        3528236226,
        3983194256,
        852717235,
        41827207,
        3739641772,
        1214994906,
        3987324689,
        2076610433,
        1971446408,
        1251425580,
        1668811926,
        1141121285,
        3960862548,
        1264458437,
        2800294294,
        1323402531,
        718243923,
        2376886201,
        2596024742,
        2288369610,
        4271725801,
        3057569722,
        3929742043,
        4151207469,
        1819930284,
        2926750764,
        2818609091,
        2239798736,
        3334421004,
        1899387198,
        1616949123,
        672872015,
        422342941,
        3856357203,
        3248986257,
        2689438685,
        1580848687,
        953305954,
        4198234572,
        3896963571,
        3650982954,
        668887799,
        35041607,
        3635445992,
        192536410,
        3142319078,
        1718655451,
        759671125,
        4143903928,
        519582993,
        4080641323,
        1386131303,
        1201090703,
        3929956245,
        1062528918,
        1138791856,
        2710829204,
        1027350738,
        2164212679,
        1557322552,
        1468435439,
        2310170869,
        1227730476,
        1445363401,
        1643248649,
        4066697776,
        541028445,
        1252336189,
        3931129383,
        3975262502,
        2712976438,
        4192284133,
        3699131,
        3409914388,
        3598922766,
        3289839053,
        1505301723,
        1668260348,
        2651751970,
        4136821997,
        733474255,
        602993188,
        144000537,
        351881649,
        2042770270,
        3703337801,
        2611375492,
        394847717,
        1590932127,
        669658400,
        3060280079,
        372492095,
        1221497933,
        3204359443,
        3302159011,
        1489689472,
        3825952725,
        2092261558,
        915274447,
        3808847614,
        2701719520,
        374685332,
        2288396951,
        4046992584,
        3185698048,
        3583165470,
        4088308356,
        3403392842,
        4241867485,
        1790750558,
        4214145219,
        3012014261,
        1610158963,
        623577020,
        2795111157,
        1643240272,
        3839341942,
        3752527022,
        2931491467,
        330109257,
        2402416833,
        1336113739,
        1255439186,
        933466614,
        176387463,
        1562943800,
        1562156509,
        2528039710,
        3201832102,
        3104453625,
        3137315218,
        287404822,
        1121845733,
        3145622743,
        1346132856,
        2539837326,
        2057758551,
        2755439806,
        1930637491,
        2073476190,
        1392198035,
        2802279913,
        622865423,
        3502055538,
        24197144,
        3611140667,
        2289174023,
        2280780153,
        3371836030,
        1292936881,
        1964723835,
        1915114968,
        1165548636,
        1219645981,
        1065792986,
        1213774441,
        32997704,
        3119445941,
        3716184559,
        1588614633,
        2419919468,
        2724076544,
        2462754222,
        692300679,
        1892450573,
        1363911173,
        259391201,
        79505875,
        2617234710,
        3127802440,
        79975778,
        959677998,
        4261007572,
        3254560357,
        1267934039,
        3724070966,
        659052137,
        250686289,
