{
  "generation": 4,
  "fitness": 227.5568181818182,
  "food_eaten": 3,
  "timestamp": "2024-12-11T16:05:49.053653",
  "initial_state": {
    "snake_position": {
      "x": 15,
      "y": 5
    },
    "food_position": {
      "x": 19,
      "y": 27
    },
    "random_seed": [
      3,
      [
        3968599240,
        1549871497,
        3287210072,
        1899209054,
        2910456781,
        2206515745,
        2722066743,
        666038111,
        3836762592,
        2431403134,
        3120256591,
        3318775376,
        3354684710,
        1388003794,
        2133648495,
        3247628937,
        1444222072,
        542597126,
        4122514003,
        1563907390,
        1934104653,
        3872937830,
        576366732,
        3518064479,
        260689251,
        3948598541,
        2837601515,
        727115769,
        585846440,
        3757877034,
        2673560059,
        4013999523,
        2253935008,
        4132158817,
        3867429043,
        1217564445,
        162391788,
        4204505075,
        3727642846,
        3563167850,
        3286178406,
        1674861712,
        4154912942,
        2146783708,
        201675187,
        346077473,
        1425129905,
        587388332,
        2909020870,
        85237978,
        867493618,
        1778067129,
        1287259336,
        1056513545,
        539009140,
        2207565589,
        270910294,
        818107524,
        3465603895,
        3364847766,
        2515198347,
        1109303631,
        4189851160,
        4236800117,
        1520612540,
        92610704,
        2774150315,
        898336856,
        2487958851,
        519924870,
        1256588468,
        1605622387,
        2612261221,
        2774801826,
        1882059447,
        3049442628,
        4129978928,
        3310522842,
        3475909748,
        2707020793,
        2306160657,
        1613225939,
        3443691569,
        32094741,
        3738276759,
        2751190683,
        109344543,
        1137919980,
        3708474944,
        3209391983,
        231785984,
        3265293203,
        2113173393,
        1133428158,
        3587251469,
        3607383359,
        735974439,
        1403822268,
        1376038332,
        3357211114,
        40234807,
        1701324320,
        844471660,
        4044853439,
        2323732308,
        2788637118,
        868012298,
        742056902,
        442212431,
        788775426,
        3435752045,
        1554359113,
        1654851130,
        630787794,
        221239014,
        3874133519,
        101534730,
        2941557679,
        2618623437,
        3657326262,
        1967554,
        950760154,
        2982973423,
        324185763,
        3468216577,
        1041334183,
        1755898922,
        1733223398,
        2450231278,
        646923939,
        510430518,
        2282919252,
        1062294028,
        4169498262,
        3183661543,
        4004906745,
        2513145407,
        441090032,
        2515448564,
        2610230904,
        3922172120,
        76798584,
        2482991167,
        1400995659,
        1720788704,
        546687891,
        3736747136,
        4215065579,
        1418198322,
        2389344566,
        279984424,
        17471502,
        4244124900,
        3906234998,
        4155340891,
        3760406061,
        2657905087,
        1424304703,
        2506099962,
        2681765012,
        2377862385,
        1226301297,
        2067662951,
        3827558681,
        1258979489,
        986883838,
        346231925,
        4246604871,
        3146807463,
        2451867755,
        958030507,
        2423480736,
        3288286301,
        1554989036,
        1949778031,
        1449353062,
        19058869,
        1308837358,
        1154492107,
        88830079,
        254460141,
        3690536501,
        1410674308,
        4154674740,
        4017967683,
        1522785204,
        940644728,
        1985376281,
        205200840,
        1292827003,
        1791238730,
        3811401253,
        2909259951,
        3183852657,
        338851063,
        3056534329,
        3057454628,
        1534921950,
        497039579,
        4200830363,
        1083133222,
        1090053336,
        3933299605,
        3454233102,
        2786700769,
        359209269,
        678282610,
        3747914483,
        2293885383,
        3130548212,
        4069695671,
        3988623929,
        1719419797,
        1092838557,
        2894016128,
        47584681,
        4040589533,
        45459523,
        2507897426,
        3356225205,
        1910481184,
        2643515654,
        136836299,
        1451606530,
        3004020498,
        144256131,
        982982409,
        305668342,
        2516321533,
        1252483661,
        206434624,
        2953588396,
        1621266144,
        2708391028,
        2436943273,
        12781791,
        3338629508,
        2067783549,
        1565165187,
        3836381470,
        4000366807,
        1602199939,
        3199706964,
        3801989901,
        1803667363,
        2160567287,
        402846,
        1216882160,
        526974656,
        2578769781,
        573213202,
        513543694,
        3353237217,
        1063235627,
        2944041104,
        2212624597,
        3823281568,
        2466772768,
        369699205,
        2726341610,
        3397186758,
        2492367439,
        2819292200,
        1447221602,
        1685747276,
        1205040951,
        3748834859,
        4017013782,
        1218798178,
        1032812717,
        1674259729,
        3284841166,
        572465513,
        1738396845,
        331063002,
        222602093,
        3914418534,
        3438735762,
        1385848112,
        541783581,
        860170050,
        994306248,
        2407917987,
        3511784450,
        2872960986,
        3898815193,
        879702698,
        404388434,
        1942240557,
        2269801521,
        2766957392,
        521282690,
        899345812,
        3739191165,
        1929171840,
        677673746,
        410310341,
        490904586,
        1488655118,
        2289080820,
        505381132,
        362286609,
        1973922841,
        3653951374,
        378711595,
        3677704584,
        1642214035,
        1307842585,
        3267910928,
        1577113067,
        1037191803,
        2704420932,
        2393724990,
        3971901952,
        2053056727,
        2402361566,
        985064393,
        1872912148,
        742909980,
        29529305,
        2867255078,
        1282977944,
        411880369,
        2297173843,
        296435829,
        2871195748,
        2293462629,
        1674019498,
        3573675446,
        2197505328,
        2281605599,
        732931321,
        2153543966,
        2517288820,
        182198649,
        2040416011,
        2248873308,
        3170612506,
        295747517,
        282683299,
        3266936151,
        3229953561,
        2627516639,
        949390354,
        1383068944,
        2716494888,
        3857659285,
        3008991133,
        3145358795,
        3327273909,
        409417858,
        523600609,
        2623959051,
        4131635664,
        3638857292,
        2842832751,
        3510492644,
        883845450,
        1687329941,
        757438956,
        1714474188,
        4109420682,
        2265753823,
        2186228773,
        917663821,
        2337206479,
        2214568049,
        2923530547,
        187055246,
        3594192709,
        84164024,
        2400510307,
        1397804359,
        859717808,
        3072612293,
        3020025103,
        962028515,
        3694404887,
        3649050110,
        1235548171,
        219180804,
        487126279,
        3260968769,
        1817507612,
        2359259628,
        2903310922,
        3639591783,
        1920658873,
        588226699,
        1789641709,
        4068912936,
