{
  "generation": 90,
  "fitness": 3078.062749003984,
  "food_eaten": 41,
  "timestamp": "2024-12-11T16:07:29.296625",
  "initial_state": {
    "snake_position": {
      "x": 5,
      "y": 15
    },
    "food_position": {
      "x": 5,
      "y": 4
    },
    "random_seed": [
      3,
      [
        525898875,
        3463153467,
        2632495697,
        3392483005,
        3326389414,
        3180515130,
        2855751480,
        78608025,
        980437951,
        3024367848,
        435437319,
        3777793925,
        3744023486,
        1646344017,
        2531121046,
        499581557,
        3761296665,
        3051020493,
        3640780894,
        556522937,
        2449684944,
        3717991198,
        2231605851,
        982216440,
        1190826092,
        657986831,
        3406900271,
        3750156485,
        2744310543,
        1374360680,
        4158998707,
        1387776185,
        4184064789,
        4250871731,
        838270495,
        2395712229,
        1955821113,
        208546727,
        1255298757,
        558523057,
        1325364759,
        1837774995,
        58242582,
        167166675,
        281167612,
        956769138,
        3282802210,
        2212018103,
        2147277966,
        2239427852,
        652942578,
        2157839002,
        3260741335,
        3459733215,
        3528981860,
        1628969312,
        4179542455,
        2079102654,
        1924177158,
        928960108,
        2275965894,
        1453287506,
        2714024682,
        531887821,
        1918546765,
        737593900,
        1048330612,
        89232555,
        3848696397,
        3233597574,
        2960435153,
        2290640889,
        1503020709,
        985108279,
        793045027,
        4273669171,
        1883250799,
        230302799,
        699637872,
        3765447496,
        1221752386,
        4170866979,
        1610007057,
        2002730360,
        444860827,
        45466960,
        2681643442,
        2121629166,
        3730718183,
        1888286784,
        3282268483,
        1793736478,
        1429441914,
        675417581,
        2120993859,
        3330891611,
        2094205372,
        409744718,
        216822634,
        3983953466,
        3010635150,
        2760273938,
        3244370572,
        497236905,
        4129598837,
        4263672862,
        3291357395,
        1556273491,
        1555989114,
        1800446567,
        1051031773,
        812394252,
        789719157,
        1774971892,
        621227485,
        373370552,
        3124772247,
        604541020,
        627502921,
        448796833,
        1696056125,
        1250293853,
        2755113907,
        3991034756,
        1025064808,
        225367086,
        270579597,
        2935090501,
        699374183,
        1720870302,
        1151950110,
        2361289527,
        2800658050,
        867418234,
        3620672545,
        4051700778,
        2791828550,
        2317674977,
        1681830907,
        3498108593,
        1855562387,
        3198869377,
        766638765,
        826268788,
        3108253677,
        235373313,
        2395232428,
        1795457382,
        3167985484,
        1343812629,
        2884903302,
        3915138611,
        2243028669,
        1439823315,
        2352611536,
        3149532003,
        2774006206,
        1522395570,
        4232412597,
        3845445419,
        1441094817,
        2698309409,
        360494778,
        214898164,
        801895076,
        2073699738,
        1062076015,
        2340062579,
        4237228721,
        1850757286,
        1367482947,
        3488251941,
        2621839182,
        20921637,
        1975975107,
        2902789004,
        3631466210,
        3851676309,
        1963839152,
        2220083030,
        2550741618,
        502623300,
        351981625,
        418232809,
        286909242,
        1495075135,
        1075413878,
        3964600188,
        2995408616,
        3293535201,
        2109228980,
        320207079,
        3190787168,
        612097372,
        686665217,
        2360954353,
        4143791037,
        2914554685,
        4027287999,
        2028949655,
        1828014803,
        621735371,
        3202184935,
        4161098437,
        4285991576,
        477513236,
        1494972033,
        1244792065,
        1880785508,
        1796803580,
        461945977,
        3867123438,
        1686059116,
        1438997235,
        689004648,
        2855949573,
        2871330852,
        3480675802,
        1884370235,
        41428655,
        531723055,
        2635400982,
        2741905042,
        3137927049,
        1565058448,
        3794310810,
        1102985115,
        991458536,
        4092177118,
        213898534,
        3190028229,
        2835795362,
        3639559676,
        58317705,
        225906998,
        1496669778,
        2634875570,
        2902300968,
        942954127,
        2147542378,
        3704767125,
        4248192228,
        1262489644,
        1542113064,
        1742546744,
        2642008440,
        2266721066,
        2656104273,
        1902741694,
        2426601146,
        130611382,
        1195354124,
        2135049314,
        3508000237,
        70216750,
        1244847789,
        185802916,
        2352444259,
        3602967463,
        2616694054,
        143209162,
        3405858615,
        1233401858,
        3291458479,
        908468592,
        624835397,
        1232867157,
        330340538,
        1284659742,
        2467314120,
        2951010075,
        3033177016,
        2640419247,
        4098132760,
        2591968276,
        137530827,
        1844204074,
        2649767452,
        679157355,
        1825392686,
        3833276307,
        3766282278,
        216982638,
        1437769996,
        1815786954,
        3399336834,
        3143653170,
        2307391209,
        2161255941,
        801575720,
        3404986462,
        3270583530,
        2929706621,
        2635540893,
        2132410444,
        1320541076,
        2088790329,
        2883160652,
        501223800,
        1526017637,
        3515884877,
        4104834996,
        597859846,
        3982254677,
        3598963357,
        257426398,
        1036532728,
        3627231167,
        4282882831,
        1056636282,
        2977409916,
        479367412,
        650134981,
        1658216683,
        1007183764,
        3487107931,
        78519715,
        263495872,
        3808519602,
        2373425001,
        2707734392,
        3563265324,
        707939170,
        1956603503,
        2450543634,
        2530507173,
        1933040340,
        2607723726,
        3955057447,
        2539867632,
        3540799770,
        368186254,
        1422364964,
        1168170447,
        710499139,
        2036523341,
        3392163489,
        1537646409,
        1333834118,
        2260829854,
        2666312957,
        766355202,
        1098330016,
        843279278,
        768863427,
        4280029163,
        2603273131,
        2845335693,
        4125637536,
        901526975,
        603240349,
        2471651737,
        1014484332,
        2579545028,
        3889943487,
        917089740,
        305105496,
        2612830750,
        905918637,
        3836594174,
        3547880959,
        1709867491,
        3531505124,
        104552242,
        1421609197,
        1181053509,
        3059141116,
        2297479908,
        4032373250,
        1986075159,
        967594838,
        1105054814,
        2073218483,
        3730547611,
        2989199282,
        862860852,
        2784624054,
        2278752280,
        2567932174,
        3700046583,
        2920021030,
        1657460155,
        3242960068,
        2018547199,
        1651333565,
        862653754,
        1564733311,
        4245304972,
        4030603528,
        4237701433,
