{
  "generation": 29,
  "fitness": 2628.877400295421,
  "food_eaten": 35,
  "timestamp": "2024-12-11T16:06:06.909625",
  "initial_state": {
    "snake_position": {
      "x": 14,
      "y": 10
    },
    "food_position": {
      "x": 27,
      "y": 7
    },
    "random_seed": [
      3,
      [
        1421866938,
        3534497136,
        1434161888,
        2852319317,
        1298383580,
        729589614,
        1622652567,
        12256439,
        2946903821,
        1512579203,
        3071372651,
        1971791728,
        1504754994,
        1469703994,
        1669643762,
        1315146005,
        4198896785,
        1595980484,
        802725210,
        398239564,
        1996866422,
        1237547220,
        2883323571,
        3927177557,
        757338330,
        945364822,
        3529290726,
        249811281,
        539138275,
        2387638605,
        3222392584,
        765098713,
        3691270418,
        2776407624,
        2484563313,
        2122745499,
        3475953638,
        1257330735,
        3424310880,
        1868766729,
        3731604158,
        3852606475,
        4187138804,
        1584472230,
        1052074372,
        431342028,
        3951705678,
        2483825026,
        1941423973,
        746153071,
        579606535,
        535897478,
        1668005812,
        2505861714,
        270438151,
        1565305417,
        2664378825,
        1100168088,
        4088333088,
        1964797075,
        1236334968,
        979343293,
        3651400785,
        3432830113,
        2251709060,
        3009056915,
        1013232156,
        311976692,
        4189552586,
        3895800721,
        2200923555,
        354704752,
        1720366344,
        175857958,
        1582763367,
        1712038545,
        2106206447,
        873718359,
        894007123,
        998906909,
        4040183781,
        1657308315,
        3066278260,
        1385413664,
        420044428,
        436407219,
        998864719,
        1957895103,
        1994701549,
        4028432313,
        1465583816,
        3138414459,
        3094269315,
        2106689996,
        3801217145,
        3705389492,
        615159254,
        4147773323,
        3638763195,
        3683930464,
        1295508546,
        4149152606,
        1893693876,
        4194454348,
        700727390,
        3186727528,
        2428038576,
        4010204767,
        1280321158,
        584051453,
        2250896201,
        2590487590,
        2331049934,
        3605126087,
        32218871,
        4249676343,
        2027380762,
        1449394967,
        2758733688,
        752578559,
        3982378223,
        4227362975,
        409756465,
        182065571,
        4243473736,
        750665229,
        1086607209,
        798126935,
        3638678729,
        3581397438,
        442167777,
        2218947992,
        166081223,
        3271668629,
        3390416911,
        3238756482,
        342039149,
        1113011431,
        2147675075,
        3528846909,
        3038010721,
        4043321584,
        2176831931,
        2303937033,
        294660361,
        1429030822,
        3344332022,
        3620637143,
        3883074170,
        4290206984,
        3479565973,
        1825804707,
        1917516945,
        3810068497,
        39328089,
        241167164,
        4062625201,
        1237699438,
        3223171949,
        158510842,
        3867476436,
        3657053845,
        2515401584,
        3808476241,
        844492731,
        2233337806,
        3655523611,
        270801587,
        85010255,
        3941144678,
        2558900979,
        2963165415,
        3956174468,
        2265725712,
        3962229403,
        2237729000,
        1058447242,
        226507025,
        737261643,
        478522832,
        515129903,
        3596667682,
        626399450,
        2756397958,
        2152038408,
        650005687,
        3999607299,
        415894739,
        628356718,
        1185134298,
        495739579,
        3494561421,
        3900301583,
        3681627735,
        456618298,
        3536991927,
        2177493025,
        58976243,
        2301451336,
        1945000801,
        3487960662,
        147106236,
        3564335971,
        3518427468,
        383921159,
        2701598135,
        105279705,
        2320084531,
        385820390,
        645428192,
        446404603,
        829178700,
        2902525736,
        4195210510,
        2797932752,
        657330164,
        3972159301,
        2171384207,
        3426588295,
        3128326971,
        2928880389,
        4221528188,
        3918424216,
        938018111,
        4120458475,
        3496223930,
        3320430807,
        1546743080,
        4089285000,
        768043841,
        1869831202,
        2816948992,
        140243993,
        2627204623,
        266902021,
        1830044176,
        911402081,
        636337024,
        702820142,
        2468802151,
        3989367747,
        1530402347,
        264891060,
        3215346979,
        1271422475,
        1185263796,
        158895236,
        4141835350,
        4023398999,
        2132173459,
        2708415330,
        3122049161,
        94856939,
        1099175569,
        3755677320,
        2237274667,
        1925011942,
        3213465239,
        549552347,
        2294142647,
        124352112,
        2877309602,
        3414098291,
        4060021580,
        1452107047,
        890002264,
        1598380091,
        1749612347,
        4105290917,
        381692070,
        3257628605,
        2927769689,
        62735142,
        881846890,
        351840452,
        2531489845,
        2372231427,
        2395184192,
        1828673854,
        4019176637,
        619083362,
        2320561406,
        2843553888,
        1842107722,
        1045101237,
        4245345943,
        2034954584,
        2115818346,
        2107148805,
        3804349791,
        3193557626,
        970697351,
        1664810886,
        1126492319,
        2514624113,
        1728836385,
        3135439161,
        2090908708,
        4200357619,
        1893330752,
        1914345762,
        512286418,
        1438613801,
        1518658870,
        107449815,
        3628829865,
        1990546147,
        2353718758,
        2712139162,
        3899991530,
        3509572521,
        1923669699,
        465077496,
        1603630949,
        2887118673,
        2772269219,
        1037431313,
        1416493792,
        2992269871,
        2912227720,
        767924152,
        1396720044,
        2074540070,
        3001662279,
        131556572,
        1893576656,
        1689561960,
        2955581810,
        1395466143,
        2455577923,
        1543492624,
        3055920824,
        3722553254,
        3121483398,
        802488991,
        235732099,
        979995344,
        1547394398,
        190577807,
        1995451618,
        775464591,
        3642902133,
        662776902,
        304679890,
        4175401529,
        3394591051,
        3330981276,
        1593351839,
        2106536891,
        2488329464,
        432805453,
        1242354227,
        3728716806,
        1796569855,
        1460828224,
        1676608068,
        2139080118,
        669532062,
        1398230244,
        2804675709,
        1681566226,
        3893106332,
        3945995896,
        2830166372,
        3528567980,
        629147314,
        4234160030,
        3117688441,
        1395836933,
        3504252772,
        3324155246,
        1251358671,
        434839268,
        2918908820,
        119306007,
        1033222602,
        3491313667,
        1291601043,
        1638687458,
        4138520850,
        1737532083,
        3446318601,
        2291801776,
        3166833351,
        4229636000,
        842443597,
        3308645651,
        1514450422,
        2229474932,
        1721884983,
