{
  "generation": 22,
  "fitness": 2553.8990825688074,
  "food_eaten": 34,
  "timestamp": "2024-12-11T16:05:59.127266",
  "initial_state": {
    "snake_position": {
      "x": 18,
      "y": 9
    },
    "food_position": {
      "x": 17,
      "y": 1
    },
    "random_seed": [
      3,
      [
        1646457518,
        1224772498,
        3826321733,
        2259659561,
        1372711632,
        3874911368,
        2447048696,
        2758000810,
        1000741215,
        1518296595,
        2162082158,
        2839140476,
        2001440624,
        3390329385,
        3590011620,
        3801478263,
        1247930493,
        2939501489,
        3432998654,
        783402891,
        594698742,
        1671688785,
        666872221,
        2928882977,
        370892582,
        1585679410,
        1119751239,
        65673669,
        1077388843,
        1106746922,
        3036731471,
        2129967092,
        2288963577,
        2890143337,
        4285812205,
        3115662814,
        853179027,
        2786663825,
        1450915685,
        406774595,
        2898742004,
        2788901028,
        2818827973,
        4194269951,
        2409354825,
        2331182886,
        613589889,
        2837719097,
        892430948,
        4103239324,
        612484684,
        2436691432,
        3079317703,
        4039914265,
        886226014,
        905045659,
        3031711022,
        2872727268,
        558057551,
        2815811475,
        3204475487,
        774399010,
        3088375150,
        171487505,
        1929418640,
        1165053467,
        3294734061,
        4209104543,
        2707332924,
        1268802022,
        3527053930,
        1662627496,
        757640834,
        2551226606,
        1114197814,
        2194074812,
        2455480766,
        670991172,
        3777312064,
        3388243536,
        3696121127,
        2035168124,
        1530795763,
        42557489,
        3734078490,
        3441217922,
        2994509548,
        2912258379,
        1821612829,
        238424214,
        4233401011,
        3832934264,
        115745010,
        3374881331,
        4185572207,
        1674997314,
        319607208,
        4213271732,
        1098745076,
        3390274860,
        1637470715,
        4080036498,
        200926646,
        3578894525,
        3326054197,
        2165273729,
        1640534170,
        1501552442,
        2785229304,
        3850344670,
        697186314,
        1138675278,
        668936747,
        3970580973,
        1389218186,
        1942957943,
        1786707932,
        2183893044,
        3268946451,
        144286610,
        1890937809,
        535725900,
        1464186453,
        752830354,
        2387092223,
        3704141171,
        2088367881,
        3039088760,
        362792390,
        1712180009,
        794660998,
        4140087338,
        3362110244,
        722493657,
        2620279302,
        287961878,
        158684146,
        1259806953,
        325245501,
        2639764391,
        4052586194,
        1903879406,
        1586360731,
        1992445268,
        1047128741,
        3070941640,
        1693867725,
        1074626673,
        1454218356,
        555940003,
        3948339759,
        513870149,
        3424865888,
        3433751725,
        2632952098,
        3474174345,
        965806939,
        1225094893,
        396665872,
        3682241354,
        575804705,
        514295077,
        3368350064,
        1448177146,
        1558353225,
        1668085156,
        228442819,
        2375964835,
        2275948808,
        665663003,
        2497966712,
        445712175,
        228030301,
        3351825430,
        4264667905,
        3022345538,
        3068695141,
        4110446591,
        2608029742,
        2210290334,
        2728302341,
        3858678560,
        3873172467,
        945009082,
        3359509476,
        2847700370,
        737244699,
        72189564,
        2885542899,
        172888069,
        3173065005,
        3577402343,
        372938385,
        2160146709,
        2614749676,
        2823359244,
        2058299068,
        682267376,
        349736594,
        2151870801,
        3292183422,
        2409432524,
        2320998087,
        1949161674,
        1189162461,
        1730667617,
        2732292851,
        2613001371,
        1476210957,
        1886881423,
        3498371631,
        1975811161,
        579693103,
        304964497,
        3371254989,
        161478823,
        1439625143,
        140177421,
        1509147157,
        864349548,
        3772947299,
        2855308085,
        1339266566,
        2725092657,
        2432498756,
        2973882872,
        834151124,
        164966345,
        783869337,
        1855150275,
        96201089,
        3657369616,
        958025942,
        3817191801,
        1335866,
        1408648180,
        1668232603,
        4221005997,
        1755629383,
        1866250517,
        3484631482,
        2865283458,
        986040545,
        1968701355,
        1639895252,
        3399445749,
        1961912334,
        3013410823,
        2856376242,
        519243639,
        1240190560,
        2366977468,
        1849071812,
        4168715082,
        3657495301,
        998952323,
        2146416795,
        1656355388,
        2367448356,
        1619023126,
        2882239686,
        3539025760,
        936014690,
        2250608192,
        2911277908,
        1283210786,
        1300106303,
        4037096481,
        3235788737,
        2319153527,
        194674199,
        2349770858,
        3468237684,
        2964937632,
        783517905,
        2396935631,
        2492252549,
        1854734078,
        1433671918,
        3036164928,
        467181331,
        3310016637,
        848740200,
        3137546234,
        3080468960,
        520153630,
        2724860370,
        1321243780,
        3926095358,
        3041332431,
        2227613341,
        1229026196,
        769725236,
        1634013007,
        1735462851,
        2708995097,
        1139133851,
        511202507,
        3465957075,
        2146939541,
        1373782408,
        1556870273,
        1288876464,
        250046474,
        3297397257,
        1586483556,
        3157515045,
        1445208738,
        669356502,
        962355924,
        3176055211,
        3464327106,
        1051312318,
        2659700351,
        4089821834,
        983717326,
        1065465316,
        3048212327,
        4042905808,
        3631870203,
        3449873181,
        376100458,
        240971121,
        2072393183,
        2659813000,
        1523774448,
        2239432928,
        1575775289,
        3103327487,
        1049259271,
        1662704935,
        1358962565,
        948329787,
        2073499720,
        1487934871,
        1391653827,
        1703550648,
        3446594201,
        2840529414,
        1018820753,
        2878527741,
        241137981,
        2105763105,
        1229355413,
        1995546372,
        2351390988,
        1641022012,
        3107128420,
        2538891869,
        1844543065,
        2691990515,
        2688125281,
        2857584081,
        1430530793,
        1900799592,
        2004983828,
        2471485143,
        2007611366,
        4192234259,
        534058102,
        99573639,
        814301657,
        206533795,
        2439444718,
        3932169351,
        1809983565,
        801076926,
        749120424,
        2363888246,
        1378123866,
        3252473914,
        2531305745,
        452124646,
        2948768093,
        1205185552,
        1040274175,
        3293728772,
        35663077,
        622607182,
        1642130739,
        2072664485,
        112217797,
        1885189961,
        1340508440,
        384507242,
        1220915813,
        4078734944,
        220841543,
        3012232606,
        1349127442,
