{
  "generation": 46,
  "fitness": 2703.846153846154,
  "food_eaten": 36,
  "timestamp": "2024-12-11T16:06:26.024415",
  "initial_state": {
    "snake_position": {
      "x": 19,
      "y": 8
    },
    "food_position": {
      "x": 1,
      "y": 14
    },
    "random_seed": [
      3,
      [
        1554682517,
        13718071,
        2747770362,
        1392737746,
        280708282,
        1385027275,
        1758548272,
        1373211973,
        1762929443,
        3010894718,
        2377431285,
        516505763,
        1457016528,
        3144691803,
        2532641268,
        2293799042,
        732349665,
        984951568,
        47468566,
        3879609697,
        3196886956,
        3210565032,
        1253579528,
        491811331,
        2829103365,
        958150906,
        2207620664,
        3295339157,
        4190403150,
        1740117502,
        4124071134,
        338051150,
        1321225489,
        177150923,
        4001714055,
        2555901555,
        1523783530,
        3098376409,
        2415686352,
        1441406188,
        2978583442,
        4271660125,
        430498685,
        3299013478,
        4152850163,
        3582983317,
        736228422,
        1468502922,
        379387604,
        16067002,
        556396127,
        394437380,
        711338515,
        349276574,
        2427826922,
        4221506313,
        4200112522,
        2430232261,
        209001957,
        492077121,
        1413829108,
        2711391793,
        393260529,
        2920739956,
        779207158,
        926920996,
        288780474,
        2341686307,
        3692142465,
        773131056,
        3722793893,
        510039774,
        1241860294,
        2400975393,
        1464599173,
        3342219560,
        4091894099,
        2667782680,
        35277067,
        3879755361,
        3974341163,
        1895274658,
        479184698,
        841094134,
        1803685572,
        4015694050,
        2331631531,
        1494015396,
        2768356100,
        1240094850,
        4098823089,
        3736275701,
        2372205028,
        1274080005,
        4054753953,
        2974932269,
        2905646721,
        783967678,
        856223378,
        3200153195,
        3891101089,
        1525136401,
        973647854,
        3701309691,
        1489709183,
        3465540155,
        3586626576,
        3624280989,
        2087542833,
        489517236,
        455263916,
        2988617181,
        936888905,
        2624573317,
        294751621,
        1921581616,
        2784891505,
        2400059661,
        3811421103,
        2751816312,
        604106867,
        2175008002,
        638537020,
        1351599322,
        3199402102,
        1112721427,
        2037402973,
        3553495021,
        2069949217,
        900382229,
        1541303631,
        1353187556,
        4171048580,
        2038348738,
        1347369982,
        300412496,
        3007972736,
        4002697592,
        2710180674,
        4057298158,
        3955321165,
        341647903,
        804588042,
        1777113727,
        3508664956,
        827384570,
        4004989089,
        2345256760,
        4000409285,
        374326810,
        1106168893,
        2966379829,
        2293641704,
        3139381443,
        490608583,
        1350589840,
        2598760634,
        2506251884,
        722971286,
        2155081076,
        2964727237,
        3484318827,
        298058607,
        812308946,
        1795740357,
        2219741087,
        561513826,
        3422622677,
        643756166,
        3560513251,
        2919986327,
        1825628203,
        315660836,
        2518360746,
        4240636762,
        1509217052,
        238251832,
        1314064665,
        1165233924,
        456539673,
        3763375085,
        1933662152,
        1042990177,
        2338359666,
        3096208156,
        956945814,
        2740541848,
        3871385871,
        4130437231,
        967362951,
        1487463748,
        749249300,
        3070327729,
        562240630,
        2708210035,
        998480336,
        884180966,
        3219034676,
        540972382,
        1984232815,
        1273975022,
        826152187,
        1644678645,
        528740183,
        1921843514,
        1524263763,
        31185961,
        2053568987,
        356913521,
        4279304182,
        3659421897,
        1124701774,
        3145898609,
        3689086875,
        511655242,
        1971244225,
        2722672927,
        1054758359,
        2527924509,
        3527965884,
        1052423320,
        360327023,
        545661567,
        4166581957,
        3262179197,
        215127447,
        264306772,
        3291727762,
        3539517693,
        3682487701,
        4241998229,
        2943187609,
        1861491176,
        1937115796,
        1447851413,
        40928190,
        3692367768,
        1231452906,
        1210692815,
        1976724241,
        1808593300,
        2031394435,
        2388654381,
        408227049,
        327190178,
        3567682862,
        322545393,
        2061774178,
        627613558,
        2526204557,
        2726895497,
        2117629219,
        2870831564,
        2863766031,
        2374707077,
        2282901356,
        260670657,
        2966332849,
        1535273240,
        1572690819,
        450995682,
        361001807,
        1043134496,
        3516703467,
        838656758,
        1337555361,
        1429111627,
        1670166075,
        3502120992,
        1184169285,
        1579359198,
        3264320907,
        830163838,
        3971204969,
        905017283,
        3284762472,
        2886028513,
        1614701953,
        1675407456,
        2721152236,
        2857745897,
        3338664547,
        2342140133,
        569038620,
        2611079103,
        958479149,
        2058147708,
        573455762,
        4271859944,
        3525702049,
        1342891870,
        3357391452,
        1853103105,
        2169728210,
        326082356,
        2847256332,
        1719348262,
        2624669820,
        91524777,
        2604470723,
        1602346788,
        1847507344,
        1412383685,
        1763528112,
        1576429788,
        658237927,
        4288418412,
        3820081719,
        3902362651,
        1454268538,
        3105322254,
        2923305439,
        645604630,
        1592440516,
        22725973,
        3180196155,
        1702672765,
        1255329535,
        1376783775,
        4122902999,
        2640488358,
        1048061783,
        4127993495,
        1156834637,
        3961023022,
        2847277385,
        3313745396,
        151590021,
        3057583125,
        4084141930,
        148404443,
        481974522,
        3495146993,
        1451045148,
        2613792897,
        1609997468,
        3771567071,
        8274720,
        3661762979,
        2706075949,
        36284599,
        4267665336,
        3065992603,
        1037631151,
        1504908643,
        1372731069,
        3591048318,
        2671604632,
        1081425543,
        1665096783,
        136745720,
        1523787490,
        1394284563,
        1184137275,
        927333893,
        2374972658,
        2401523914,
        3548783902,
        1281344586,
        3523591287,
        4127205714,
        3227531327,
        3951114207,
        2819647772,
        2786527580,
        2938646641,
        3253817093,
        871185469,
        173211528,
        3687206248,
        131349554,
        4256880562,
        3581911364,
        2900892959,
        1072856076,
        1029436759,
        2751708324,
        4058549189,
        1702547234,
        3853345676,
        2772431600,
        1643800012,
        2438836688,
        4080934293,
        1504663230,
        4142932376,
        2115507898,
        770346384,
        1101859351,
        3121325389,
