{
  "generation": 31,
  "fitness": 2928.021694214876,
  "food_eaten": 39,
  "timestamp": "2024-12-11T16:06:09.130316",
  "initial_state": {
    "snake_position": {
      "x": 27,
      "y": 21
    },
    "food_position": {
      "x": 1,
      "y": 18
    },
    "random_seed": [
      3,
      [
        204536452,
        3060524159,
        3548628124,
        1247806363,
        3477760649,
        3928192737,
        3728568731,
        1602895198,
        1420324612,
        4140718150,
        294510368,
        3354233180,
        2710923285,
        3561216270,
        1362824335,
        545900473,
        3146658680,
        986758273,
        3474232275,
        3321774545,
        3031171352,
        3150435064,
        49160299,
        2340245106,
        3810268060,
        4143295358,
        673218114,
        3908620218,
        2253646726,
        4074102838,
        1379013087,
        3245219579,
        2053990982,
        847608607,
        686840171,
        605009343,
        1242430227,
        3142877667,
        1212607683,
        1324867419,
        3584401606,
        2315089484,
        1716376641,
        2634245769,
        2049667035,
        4031124066,
        4010206742,
        2379793354,
        3394290164,
        1094357913,
        1787337552,
        1599383267,
        3058581687,
        357729314,
        3007968584,
        4180393229,
        2462103951,
        3436073173,
        1487581337,
        3934694112,
        1013988185,
        770488647,
        639351406,
        3404354485,
        4239738650,
        896931272,
        531625263,
        2118523621,
        547446303,
        4135259652,
        2906688517,
        1239470037,
        3743551363,
        2019851583,
        3901784821,
        599278342,
        1667174892,
        3490013153,
        4249015003,
        1359757432,
        2417841769,
        959470719,
        2195693878,
        2777391607,
        4096605216,
        1785392394,
        3527800661,
        2287518078,
        1226448968,
        2236271914,
        2661433824,
        2106875477,
        459785271,
        4062450310,
        272029791,
        2400053201,
        2008566576,
        579636457,
        2258296910,
        2280088422,
        2913796662,
        488203482,
        788844863,
        3343707875,
        1030822486,
        1445271692,
        458664502,
        2503524035,
        1869094139,
        2362804630,
        2098947495,
        148368366,
        3558988168,
        1108211045,
        3319977280,
        966740813,
        405865402,
        272590608,
        1641902484,
        2453105444,
        3062509194,
        1988756414,
        3577291423,
        1761113561,
        2447644340,
        3009091347,
        279820555,
        63661164,
        2434284627,
        2413552448,
        4163848171,
        1777537105,
        2779401671,
        2334221715,
        4192784423,
        458715378,
        1814793129,
        2018052963,
        2293767188,
        2728511364,
        3198701292,
        3853698967,
        2352111805,
        4170878775,
        2530003438,
        3605347490,
        2785529444,
        760871072,
        437581680,
        3010847397,
        1661632587,
        655541464,
        4148583663,
        2287529904,
        4270795798,
        3117178633,
        2553969314,
        379284296,
        1693250272,
        2775006663,
        1395738345,
        4233434996,
        1293939910,
        3177815646,
        4084402135,
        3153588437,
        2823450120,
        4263848086,
        393386521,
        673246397,
        1371013715,
        3277820071,
        714073634,
        3691912796,
        4293430993,
        657538938,
        2526204570,
        3785442958,
        795743319,
        2649570771,
        1616831456,
        2815521038,
        1986644351,
        2601653918,
        1331173356,
        2282403855,
        558120367,
        610690207,
        988807451,
        2358935464,
        864230611,
        1265743596,
        1244835823,
        3124744047,
        812073801,
        2139973484,
        744900243,
        1083986705,
        2378675976,
        2798229357,
        545835505,
        3207669170,
        2933182034,
        2807480664,
        2797710223,
        2672418830,
        1651557246,
        1659865953,
        3539861878,
        3542359941,
        2476171758,
        3421496537,
        1275659006,
        620601714,
        905752135,
        752968857,
        1720894402,
        420179047,
        329385478,
        1765694940,
        3690303311,
        3255567747,
        2399531253,
        2728648977,
        2688149558,
        2792837489,
        286717072,
        2680814612,
        3301633739,
        1250731683,
        2245026358,
        4113174512,
        1516507068,
        2407097225,
        2566769662,
        693304455,
        2148353673,
        2367133086,
        3391235049,
        2780471262,
        4175529730,
        2432488671,
        2814539297,
        890577172,
        2985474182,
        957593853,
        2491213389,
        2455208306,
        2880719722,
        2327251193,
        1905085549,
        1088097853,
        3500968446,
        3876838692,
        558555723,
        1318340339,
        759460461,
        1839688363,
        205708063,
        1128825974,
        3490822817,
        1760510805,
        806830747,
        1853926659,
        191822827,
        1320517108,
        2926721259,
        2591880861,
        1347758211,
        417276511,
        102255712,
        4084959539,
        1823493354,
        1600516814,
        1365626032,
        1836152083,
        2239345551,
        4010176618,
        111579403,
        1432994889,
        2594615736,
        1864853771,
        96769106,
        234583156,
        2463013997,
        4208065791,
        2390358285,
        3520072515,
        2644365700,
        998874208,
        2185002208,
        2259064236,
        3239178739,
        2169265641,
        1999840042,
        2385675160,
        1500918861,
        82701373,
        1404561985,
        1957020244,
        562521537,
        864256343,
        3911293241,
        263264557,
        4032375085,
        2246324686,
        2047012252,
        102776518,
        760688884,
        1653907108,
        1322964521,
        3001468750,
        2556047227,
        2292344490,
        366760186,
        1555353983,
        3754747018,
        874576479,
        148096237,
        3905412255,
        775366572,
        3417961912,
        3362029132,
        1221700760,
        1604323227,
        2388457516,
        2128850566,
        1976358108,
        3532922834,
        2714622350,
        744264232,
        2623184892,
        448448599,
        4003669058,
        2547354780,
        2966080796,
        2096034864,
        1274556949,
        470331134,
        1464937755,
        3508141379,
        2213178013,
        2459564106,
        597716009,
        808566731,
        4143506272,
        4204374709,
        202273162,
        728271165,
        306757904,
        2555291320,
        2104701150,
        736850131,
        1624719069,
        2938316926,
        3150869658,
        1256933221,
        2799709164,
        1131237899,
        62255256,
        3702340618,
        765163589,
        1415928354,
        334960148,
        302614062,
        4140845718,
        616768817,
        495148025,
        2798133617,
        1410982169,
        282054312,
        1730983319,
        2152135804,
        3939340946,
        537993155,
        2304866661,
        3793262522,
        530509870,
        3724779268,
        1883055074,
        728915355,
        1094501977,
        3735245599,
        1199241137,
        4129613917,
        2558123201,
        3259904445,
        1966898924,
        534584298,
        3298789785,
