{
  "generation": 87,
  "fitness": 3228.798586572438,
  "food_eaten": 43,
  "timestamp": "2024-12-11T16:07:23.853840",
  "initial_state": {
    "snake_position": {
      "x": 15,
      "y": 16
    },
    "food_position": {
      "x": 21,
      "y": 20
    },
    "random_seed": [
      3,
      [
        3449735534,
        3400089732,
        3665631421,
        1824021148,
        4041650197,
        3033253332,
        2073391405,
        847760450,
        1557057626,
        4201287347,
        3236183281,
        3913035646,
        2215051631,
        1527070097,
        4137809821,
        3023149130,
        1226150793,
        3359139869,
        264999228,
        248644285,
        3781108447,
        1143822095,
        4150733935,
        1818112806,
        2370834931,
        2007173062,
        2170652634,
        3229361193,
        1310682092,
        2081167090,
        3059866003,
        3252401420,
        828316370,
        4106102349,
        970626572,
        754836361,
        3561239408,
        373123314,
        1179078098,
        3028672022,
        1083957055,
        979940827,
        4095047801,
        89412376,
        1169041423,
        2309806326,
        2198463515,
        2456348570,
        157578041,
        468427813,
        2350766942,
        2808734896,
        2444047351,
        3122571559,
        1867407694,
        3753935427,
        3162860694,
        1539794902,
        142681578,
        2643828151,
        722430592,
        3313169354,
        219513978,
        2245208814,
        2022986084,
        444216547,
        3732084240,
        704408806,
        2357566674,
        122754772,
        4170061066,
        1509858057,
        1144704444,
        2329637486,
        3264102740,
        3502532854,
        292213002,
        1881332950,
        3769212606,
        1766819122,
        1620682375,
        4205485406,
        310768833,
        1680356813,
        123599174,
        1475331630,
        2103170729,
        3965480736,
        3958854786,
        154667778,
        1346363618,
        375702645,
        2568715399,
        901905696,
        344599866,
        403841447,
        2939374344,
        767152855,
        3553493054,
        23585010,
        2872499116,
        3808209128,
        2573649187,
        538101974,
        2080124039,
        1322012760,
        3680033805,
        53666777,
        3571416736,
        3433770462,
        3105072913,
        577771543,
        3622516707,
        2696057960,
        299826359,
        2964722265,
        89068790,
        754917546,
        651354086,
        1754860911,
        1231549243,
        1759115117,
        3733023297,
        4144592883,
        3029754247,
        1250590772,
        2905503825,
        4056970766,
        2040945550,
        2071310785,
        2166096244,
        3116499170,
        4038023227,
        1069782871,
        3613079710,
        3423284569,
        1388934422,
        3908580700,
        1641655419,
        429300848,
        440267608,
        263125970,
        417842435,
        3965532985,
        2628886189,
        1801087639,
        335332044,
        3799827930,
        2329238462,
        2320924996,
        2847836275,
        190576945,
        305158546,
        1783252600,
        2465553533,
        1123450005,
        3734713416,
        3481560642,
        688230376,
        811453580,
        4294651168,
        4288022101,
        3350835456,
        4236668565,
        3434995360,
        784771300,
        4201210703,
        2510118547,
        275845352,
        2955453561,
        2784784096,
        3826573336,
        2002114540,
        3783225563,
        1696765385,
        554089188,
        4116218813,
        2294067919,
        3790955997,
        2340118332,
        3856827823,
        450222793,
        1587614600,
        584381557,
        2529800141,
        3662591833,
        4243910216,
        2943233845,
        3765404220,
        3440882355,
        3415139045,
        2907867017,
        4184398813,
        2312760380,
        3516739217,
        2787585521,
        3505987844,
        2312041464,
        2739442789,
        2240968645,
        4026432821,
        1471090333,
        2329873402,
        1963850492,
        4261609391,
        969499099,
        4256773810,
        1127095144,
        259086791,
        3398102348,
        577828456,
        4245157265,
        1622633428,
        120826454,
        2334262583,
        2147856634,
        3383040218,
        3955234427,
        3777913795,
        3395816296,
        461544734,
        1918613613,
        685006009,
        3409515736,
        2627521005,
        3076760242,
        3150296203,
        1517433721,
        750926452,
        4176256479,
        2064956398,
        1563484419,
        4247103824,
        1835706148,
        2885892706,
        1639960600,
        2884447307,
        2089075396,
        2483094129,
        3588090208,
        2745614007,
        3498992002,
        4197284036,
        3701285969,
        1582876559,
        508990925,
        2029234710,
        4128545426,
        1874875577,
        1253557819,
        2954359648,
        3782950235,
        473694888,
        2732161135,
        2039605111,
        2638904056,
        64894400,
        1585193949,
        4032315943,
        1819086826,
        2962210776,
        1236804001,
        476075441,
        2403025492,
        1204926829,
        1545545599,
        1205016919,
        967829062,
        2391655308,
        3294308247,
        1362633280,
        3722484543,
        1578593212,
        1788007745,
        3322325815,
        1212931742,
        114840375,
        3170639680,
        340613652,
        3579814745,
        2253657563,
        1455703608,
        2927941505,
        1339196482,
        3486392169,
        1051039511,
        2904048928,
        4245870876,
        2559965498,
        54272946,
        1271540538,
        1067849530,
        4193601872,
        3687024364,
        4188057649,
        3923929482,
        218620089,
        2305512991,
        2251132195,
        1838037063,
        895909732,
        1322988087,
        1154159648,
        1823988159,
        1561236053,
        1603290604,
        4249640310,
        2294677607,
        3833800226,
        450179935,
        3725291005,
        2557871880,
        1088484514,
        1036422972,
        3051442371,
        2524885386,
        1888663653,
        2400149116,
        1605302914,
        4120059716,
        3309331797,
        4070760008,
        3500054225,
        3965138169,
        2890276287,
        18954832,
        4012011400,
        3429388054,
        548016598,
        3819771378,
        2537993081,
        952353118,
        2005869668,
        20022956,
        384352908,
        2238531698,
        1014600696,
        3915823451,
        3205678906,
        1615101872,
        348480532,
        485235081,
        3509932458,
        634437852,
        1397074702,
        2525555134,
        1670602598,
        3296281115,
        3810891467,
        2066884443,
        2086056474,
        1354997542,
        3452626891,
        1466133075,
        4083558404,
        3257650202,
        2982609985,
        500985822,
        1469104902,
        473009315,
        99401305,
        1475495475,
        740668738,
        2601185735,
        279492552,
        2783084632,
        3560128258,
        3827599602,
        247391473,
        2444639442,
        4024444098,
        3818975199,
        1089681977,
        774713738,
        39057885,
        411552355,
        2613118800,
        882152155,
        1682606459,
        1582152360,
        4292387377,
        2789440495,
        2007737790,
        3748502615,
        2373858071,
        2999195002,
        2768043560,
        2986226794,
        1490223447,
