{
  "generation": 55,
  "fitness": 3153.3333333333335,
  "food_eaten": 42,
  "timestamp": "2024-12-11T16:06:36.858399",
  "initial_state": {
    "snake_position": {
      "x": 21,
      "y": 11
    },
    "food_position": {
      "x": 11,
      "y": 2
    },
    "random_seed": [
      3,
      [
        758867658,
        3822125593,
        2213463794,
        1911298464,
        491761050,
        3806860876,
        2494534638,
        1440695049,
        4101092789,
        649515908,
        97995119,
        2397110255,
        810341069,
        1611015805,
        1780874180,
        204992070,
        3438001078,
        4198724242,
        2728656884,
        637026475,
        667940675,
        1333622960,
        299260544,
        722181466,
        2731541566,
        4131623100,
        1880988278,
        3905053770,
        2211056729,
        4185711317,
        222317378,
        1935243418,
        2864212587,
        3946888338,
        1179609109,
        86392294,
        1746391546,
        705724679,
        2065250953,
        1901546749,
        758778978,
        816834956,
        2405524227,
        2553906986,
        35641414,
        4248049319,
        3820943902,
        182611633,
        633287788,
        1120267649,
        3866532756,
        94229800,
        1993065188,
        996599764,
        2293065764,
        2477586652,
        3423390707,
        132865863,
        4200017614,
        1940986162,
        4119139399,
        3674267831,
        1566192118,
        2615960264,
        3395515427,
        504674335,
        1574669603,
        4293866159,
        4119268351,
        3322047252,
        3627506470,
        2935709440,
        1254682537,
        4268467465,
        2461404428,
        2307696431,
        1459374544,
        616423671,
        634500728,
        417334177,
        3321926433,
        1814652878,
        479679428,
        2856602862,
        152735397,
        169568338,
        3000882305,
        325925656,
        2443530403,
        3864152184,
        4130718712,
        2855251576,
        2178962569,
        1273429021,
        119850874,
        411011389,
        1501331534,
        493189654,
        2142277185,
        1433946283,
        1569858102,
        1969187638,
        1223748928,
        417450140,
        3095008936,
        2156858696,
        2911530573,
        2254490881,
        2639371966,
        2624881809,
        1222777717,
        354126926,
        1556062693,
        944600173,
        3103218278,
        1500921268,
        959027321,
        2944834931,
        2471779235,
        2583852651,
        291613586,
        1192938404,
        1486458492,
        1942071575,
        1614140512,
        2805669804,
        3318927286,
        4142794911,
        572134944,
        2470213162,
        328705820,
        708798186,
        580028923,
        1146606706,
        2435701087,
        1435332773,
        4237028405,
        3085481414,
        3583015778,
        3395649941,
        2898848029,
        4282267845,
        114491559,
        2153168321,
        2120209803,
        443822668,
        1160846878,
        3938181233,
        1651298621,
        2242893485,
        241758287,
        280626866,
        4290466553,
        183900943,
        449164903,
        2704029272,
        3804460251,
        3837208531,
        640864248,
        1315307725,
        3751930575,
        1718351185,
        2152561393,
        3883561612,
        880375003,
        2044148463,
        956973861,
        3914295766,
        1673567782,
        1670264477,
        194515170,
        3359908948,
        2547376452,
        2947714330,
        2744252610,
        3323281605,
        4073101741,
        1318759933,
        2288703060,
        3410917,
        3441880294,
        690858512,
        1733628305,
        4045361702,
        1821089326,
        2320569178,
        928654298,
        2938897789,
        1411398145,
        1239470648,
        2270032048,
        2870138272,
        630579361,
        913111680,
        13644394,
        2870418233,
        1850204253,
        674809724,
        3804142565,
        3535405823,
        2097688126,
        890455786,
        2885039380,
        939451500,
        561994992,
        3630015635,
        1120346657,
        3238311502,
        384524626,
        3443109850,
        3518097239,
        741714261,
        727622157,
        3719010788,
        546607454,
        803455860,
        701089584,
        3308500920,
        902103048,
        959416342,
        3000998050,
        905127158,
        1609037659,
        1970043704,
        966023703,
        3982930944,
        989585419,
        515930226,
        4113514608,
        2338412405,
        3599166361,
        1931296346,
        3537211210,
        3283896741,
        3797492555,
        1506423128,
        197694418,
        2873644928,
        2877236890,
        3081853127,
        709743156,
        301400752,
        2148871497,
        69792436,
        1664925078,
        2223041996,
        2931972462,
        845746748,
        127117197,
        894069187,
        2049406968,
        2857900326,
        1398055233,
        2608081356,
        1977908177,
        3899736934,
        3659147074,
        2161082320,
        2267212747,
        1632174914,
        3771016809,
        3874492357,
        1126180847,
        4189500255,
        2763670440,
        2984522066,
        3669219268,
        986888851,
        1023891329,
        2058083567,
        4165726366,
        1139239275,
        2439969246,
        2773669266,
        4106296513,
        3519701051,
        325687072,
        188006981,
        1626572028,
        1979364362,
        2613974520,
        1116779739,
        2181087687,
        766364275,
        2146890660,
        1973148188,
        3914846936,
        3941693821,
        2172379251,
        1724274237,
        2915599433,
        4254977528,
        2321064438,
        1426398276,
        2319309905,
        1339978576,
        3516016391,
        314764489,
        3042006030,
        3055345337,
        1198407297,
        1577816904,
        4051264968,
        768492865,
        4076780699,
        4161989134,
        3338428148,
        475595017,
        3760413285,
        4059479452,
        996737993,
        2217648646,
        1578503340,
        2552028501,
        2406610021,
        543160607,
        3636528084,
        1416392751,
        2328256261,
        3131092816,
        1474693010,
        2565068748,
        464037847,
        868635750,
        3733546864,
        3686263690,
        3323292043,
        2931240836,
        1197745243,
        1236384624,
        2267712194,
        165182863,
        2342562739,
        73323079,
        3310190257,
        1322760855,
        216074191,
        2871751651,
        344343236,
        2826730622,
        1035353809,
        3141919265,
        3985914324,
        3521905653,
        1678623654,
        3510833337,
        1613290288,
        1695151788,
        2567644188,
        4263436127,
        2665219659,
        2765563829,
        2769715160,
        546604274,
        3662371394,
        2063069724,
        1237996102,
        2971885463,
        569935886,
        483180069,
        1227905796,
        3040078169,
        310830463,
        583034081,
        870059876,
        1197967125,
        748571767,
        584532739,
        3919038476,
        3307078143,
        1089091048,
        874421965,
        1053486322,
        113317847,
        3991647172,
        4066041413,
        1499629875,
        3717876491,
        3196966678,
        3533046030,
        1181840317,
        1205971505,
        4058735265,
        35910407,
        3151558475,
        1002683949,
        1249003627,
        2281010311,
        2426482667,
        4156923151,
