{
  "generation": 8,
  "fitness": 1203.7617554858934,
  "food_eaten": 16,
  "timestamp": "2024-12-11T16:05:50.454254",
  "initial_state": {
    "snake_position": {
      "x": 25,
      "y": 15
    },
    "food_position": {
      "x": 25,
      "y": 17
    },
    "random_seed": [
      3,
      [
        3233763351,
        1049067381,
        3437956126,
        1817146677,
        1752476365,
        3125773969,
        1026381130,
        3217001340,
        623803009,
        1250750393,
        3735380111,
        3432284235,
        2421210970,
        3758180052,
        3304257849,
        1993395912,
        3452230491,
        3104639394,
        2280611618,
        2501632723,
        2873555867,
        3292305852,
        1442394777,
        2764679499,
        3554263955,
        4065011022,
        3394525797,
        673544399,
        43394480,
        3770300901,
        3219885365,
        81012604,
        3264955628,
        3301613780,
        1102994742,
        3373715701,
        141179274,
        3242383326,
        1376527464,
        595957745,
        2806487229,
        3739729457,
        1515955684,
        456494997,
        459103277,
        1046931347,
        1243044710,
        3807683497,
        2232862518,
        2883102714,
        3599915578,
        104308454,
        3303074176,
        3609170444,
        2174276121,
        3664684423,
        850552558,
        2259608313,
        811384120,
        3453618319,
        3434018269,
        2064019676,
        3263218697,
        2773249091,
        3591851883,
        2668623721,
        4227829016,
        1481460786,
        250325546,
        1171020543,
        2909145399,
        3310670913,
        3380962468,
        2288137136,
        3112900712,
        1256032420,
        3524377998,
        2083416573,
        2064590945,
        2927295495,
        3029239762,
        1831521382,
        623696483,
        690523526,
        766459636,
        1881856280,
        1606635054,
        1978658333,
        1423634714,
        1203024481,
        929775035,
        121324621,
        154690923,
        4015726133,
        1835584586,
        169983687,
        457408658,
        4138333444,
        50747342,
        3370408802,
        3929803086,
        2514757801,
        1655362483,
        1311672596,
        4181511754,
        3144002717,
        3461800486,
        281255162,
        2350958911,
        804481897,
        2687810364,
        1782672910,
        3528194411,
        1719800782,
        1560922800,
        2020214258,
        881994261,
        559416202,
        2553270321,
        3221980217,
        3375712185,
        695344331,
        1508585462,
        94333092,
        1688884632,
        2672449006,
        4128654957,
        248153282,
        2471079525,
        305193596,
        576460716,
        1836627789,
        3009331581,
        797965987,
        3149419862,
        3005853987,
        449055802,
        1537576953,
        1069066379,
        1299784654,
        3289652102,
        2022482598,
        3056368021,
        4166044148,
        1198943769,
        362560996,
        705198334,
        3320613033,
        1014259704,
        775682478,
        42620428,
        2557103387,
        967464929,
        1734400575,
        2985416956,
        1141093616,
        2604263311,
        175300402,
        3909964077,
        3203618053,
        864270487,
        354074095,
        1583842092,
        2882282223,
        1792231932,
        3756294945,
        1316884903,
        2743366516,
        3624637116,
        2310457879,
        1103451372,
        1727940875,
        182301440,
        118060445,
        3192275152,
        4193918415,
        1122940086,
        4018980249,
        953359412,
        94031452,
        3162430189,
        2473573818,
        3661702252,
        2215888755,
        2492664490,
        4041337935,
        3728253893,
        1379236004,
        1501908457,
        604999897,
        3858291521,
        997464787,
        3582738600,
        1609679814,
        157004071,
        633217020,
        1002264113,
        2906780262,
        3416850116,
        3249174601,
        3145687278,
        1021668453,
        369736545,
        3945367199,
        1747965327,
        2452263208,
        388070405,
        4232134354,
        1973304368,
        2429425773,
        3128983136,
        2747653023,
        1133040872,
        3100654756,
        3989348356,
        2609497168,
        2819243419,
        2343005056,
        2538358115,
        1523377431,
        754767050,
        1120102683,
        2847682587,
        1169897819,
        3789921074,
        1047462266,
        3298146957,
        4214856349,
        1014980886,
        2986027994,
        2180278120,
        3327921388,
        1345683570,
        520064625,
        442024684,
        3519786097,
        1736442022,
        523583943,
        3781961955,
        1916608879,
        2039709695,
        1185931263,
        4077591879,
        485229178,
        269806133,
        2591483983,
        567312784,
        3663686834,
        413093380,
        2369303255,
        1929475945,
        3549205666,
        1464635021,
        3760619402,
        1194740453,
        236493423,
        121131403,
        3754607491,
        1978927964,
        2668030493,
        3632335474,
        1209007889,
        280097170,
        3889376404,
        1061651628,
        3568066725,
        9004190,
        764329591,
        1122234014,
        2364263993,
        2303054894,
        336515070,
        2672269145,
        2419980277,
        198270341,
        2250911308,
        2723962215,
        1364731726,
        3461008754,
        1385342415,
        2308799419,
        2707253848,
        2748721857,
        3360471542,
        3354231856,
        2849662795,
        2713197083,
        3044624589,
        3180498650,
        2231940964,
        48731815,
        134830736,
        2697806165,
        411365863,
        2936537663,
        2148464122,
        236712050,
        371691732,
        3107296073,
        1854691784,
        3424863692,
        989591,
        1970207312,
        2941639818,
        2212316954,
        2265668358,
        1432983027,
        3003092804,
        463262459,
        1805891101,
        2776441798,
        1741373290,
        3050320705,
        3095150862,
        3484900109,
        1616776383,
        1938261107,
        1839466271,
        3839147117,
        1277525273,
        2843934193,
        2631832974,
        930837784,
        1672232657,
        3737943787,
        159425558,
        3175791627,
        2659767138,
        4044064862,
        1007937226,
        3454166030,
        3536751043,
        3338364772,
        718711150,
        468466096,
        1511159833,
        941362964,
        2941939454,
        1786080802,
        681005028,
        1927147999,
        3189221759,
        773549092,
        977161914,
        1966019236,
        726763562,
        1600363376,
        544376199,
        1295157095,
        3624956947,
        3136393980,
        2910121173,
        1390307375,
        626109499,
        1498008325,
        271910158,
        2326307622,
        2009945208,
        2144752142,
        2018578962,
        2626714157,
        951861949,
        580011108,
        4174745752,
        732215014,
        634109454,
        3242488292,
        12739095,
        1315456823,
        2417300892,
        2527401864,
        1697038570,
        1516899653,
        1216811528,
        2279738180,
        1015406114,
        1802566618,
        2826534789,
        897643268,
        467306865,
        2771666744,
        2484153802,
        1755716223,
        2448358246,
        291280054,
        3856228964,
        449346288,
        3957225232,
        2884769414,
        3131149501,
