{
  "generation": 66,
  "fitness": 3078.7545787545787,
  "food_eaten": 41,
  "timestamp": "2024-12-11T16:06:50.585143",
  "initial_state": {
    "snake_position": {
      "x": 6,
      "y": 17
    },
    "food_position": {
      "x": 24,
      "y": 17
    },
    "random_seed": [
      3,
      [
        1567743340,
        1596653989,
        1053205220,
        106933050,
        757042122,
        3819982163,
        3598854795,
        361735217,
        2822518285,
        3624129442,
        771194636,
        210464225,
        3691602202,
        1724043506,
        3289493827,
        1500465794,
        3769850812,
        1854026135,
        2629883348,
        3381117214,
        1246875371,
        4071484925,
        2951911064,
        3817740319,
        3873399134,
        2269706496,
        3189681967,
        4072376436,
        2766043440,
        3058074615,
        2774909329,
        584779051,
        452091991,
        2548178327,
        3635799359,
        2972135923,
        3885287800,
        3616448623,
        98125831,
        1657360283,
        3177000968,
        1419075209,
        4184438060,
        4290100748,
        1802195700,
        3506297676,
        2379640994,
        3942303796,
        3774777483,
        1288407147,
        118520015,
        3051828066,
        3773479273,
        3347516311,
        1716114920,
        2068041700,
        3437211127,
        2474460434,
        3923193229,
        1040954787,
        646323830,
        633012669,
        4136870234,
        3742512953,
        2775388991,
        3213689444,
        3801476564,
        4200838180,
        168350913,
        53300491,
        2159101098,
        258218604,
        1870797053,
        1772339036,
        2405750882,
        2424254724,
        2449468119,
        531307206,
        159973799,
        3023232139,
        1090436652,
        1701406050,
        3115875753,
        2561849215,
        4040659442,
        611049962,
        2776595592,
        233325789,
        3403709448,
        1515273511,
        1749516453,
        4058181802,
        3696571261,
        2780459365,
        1369686433,
        357911207,
        617908291,
        1465456959,
        887713546,
        3508695000,
        3842025170,
        524837444,
        1243537817,
        2466000777,
        2776300894,
        2929879755,
        3832346181,
        3047236564,
        795055548,
        1879226197,
        4124017414,
        720461565,
        2485995244,
        4129268678,
        3725802294,
        4092866602,
        3759761136,
        141585695,
        54003989,
        3352875342,
        1378194539,
        2467280437,
        2871886754,
        3357905704,
        1904299237,
        1875498570,
        2686496033,
        835530908,
        1335211264,
        1756934592,
        2389296903,
        4268144958,
        2120164844,
        3029589116,
        3104943819,
        417604391,
        2186200174,
        2586754671,
        2639091918,
        782429273,
        3079563218,
        1168270861,
        4187703332,
        1829278850,
        2737733589,
        1304344333,
        1885663107,
        758974971,
        2964114491,
        2148627408,
        490020340,
        653203360,
        837064392,
        3998412720,
        3329318426,
        1874805734,
        3565657469,
        2161436963,
        2676848314,
        1259360378,
        1867180103,
        3117749859,
        2057817530,
        3164818496,
        2506216059,
        336353230,
        870439176,
        4087181203,
        1001217064,
        1670065794,
        1956899067,
        362415254,
        2373521863,
        3487337469,
        1300564795,
        2838879047,
        1716499094,
        2733144709,
        2602344464,
        1141080255,
        3839656332,
        1559731131,
        2601160148,
        2786831139,
        3849019121,
        3930373072,
        3839411139,
        2424562157,
        268088932,
        283443543,
        843729720,
        1119009536,
        297214296,
        2493419365,
        3807947340,
        2538885600,
        897367132,
        2425304790,
        2718255841,
        3148145795,
        545568731,
        4182255775,
        3331679098,
        2299707202,
        4140531402,
        1207758275,
        1190283442,
        4173296017,
        3639241435,
        2988277867,
        496131371,
        2040737299,
        402428122,
        386224889,
        3035797648,
        3511774304,
        2997074378,
        3842023937,
        2562774179,
        548066750,
        2805085586,
        1898237578,
        2284077578,
        357633339,
        617758447,
        2214162755,
        2572777782,
        527221832,
        2283661357,
        2986494901,
        1038735558,
        3163524112,
        2089693689,
        1877144754,
        1629510295,
        1563935078,
        2827091071,
        2923713804,
        2041527425,
        1511003260,
        3791989835,
        657086019,
        2554553615,
        488734005,
        3967558096,
        3808649086,
        1754209478,
        3954742910,
        1936339290,
        89216990,
        123336865,
        3507002086,
        1350514420,
        1586690050,
        4250695596,
        3517575798,
        2368318168,
        44214841,
        675563565,
        4070661299,
        90042570,
        660794741,
        1455342408,
        1307421715,
        1145386938,
        4145056822,
        1272727786,
        601206760,
        2536312010,
        3243037448,
        2347145220,
        1014712471,
        2623322507,
        3513036282,
        2042185126,
        1796220813,
        292078405,
        3077228561,
        2207368701,
        1726124340,
        3990920073,
        1315636274,
        4005811681,
        2066348282,
        3902325107,
        579205647,
        1357839895,
        712466444,
        1570840097,
        2487701020,
        2379158887,
        4070848322,
        1771333930,
        1210392566,
        3696787694,
        2264211018,
        1224342764,
        1985855232,
        3165960049,
        823577477,
        4083498695,
        770410034,
        1291325023,
        2173362722,
        3706646312,
        775459080,
        1665696846,
        804789124,
        2799773072,
        169406743,
        2675562536,
        3164962712,
        3468146700,
        817462153,
        3365647536,
        242316059,
        2795340370,
        1977551216,
        2338441091,
        1698634298,
        2921987003,
        2664313323,
        3533648486,
        2840062933,
        2200131052,
        1509752986,
        2795317644,
        1227333880,
        2695261912,
        3016018040,
        1030834143,
        943949358,
        2871066793,
        3892985431,
        3381942986,
        3503500832,
        66161133,
        2428211632,
        3622601571,
        2782396207,
        2556741342,
        3423686730,
        928509655,
        4256376999,
        3817722580,
        1415156488,
        292862418,
        107053833,
        122970740,
        613350859,
        3704287293,
        1548892676,
        1795868573,
        613014415,
        2605927626,
        2352930212,
        235391849,
        4266728022,
        3237708934,
        290894190,
        1192320139,
        4148918595,
        2429369554,
        290010722,
        741340121,
        4000425750,
        2627407964,
        2285361144,
        1332400339,
        2325607916,
        3965619300,
        779408853,
        3641525350,
        1017410638,
        2639782912,
        1047585458,
        1081707993,
        989107614,
        3022116029,
        2137434615,
        3068012998,
        989980377,
        2606104852,
        3806893237,
        1411506357,
        1062536756,
        1365176836,
        2562693027,
        2769845272,
