{
  "generation": 77,
  "fitness": 2403.9087947882736,
  "food_eaten": 32,
  "timestamp": "2024-12-11T16:07:06.821853",
  "initial_state": {
    "snake_position": {
      "x": 2,
      "y": 18
    },
    "food_position": {
      "x": 3,
      "y": 0
    },
    "random_seed": [
      3,
      [
        883216679,
        3102044508,
        4185492488,
        1869936034,
        2488491910,
        3504691023,
        2445955155,
        4267148857,
        1074130956,
        1171088490,
        1122385931,
        1483634999,
        2040726289,
        1032678079,
        1228554303,
        1159454024,
        883096633,
        491727470,
        2436690592,
        1515876461,
        710453464,
        281263793,
        803773748,
        1298433364,
        3014535807,
        3806862885,
        23743218,
        4159047062,
        2666201442,
        276238961,
        3113716055,
        2020341682,
        1263578953,
        1085635462,
        2281182134,
        30260769,
        3645253664,
        1099846527,
        698003434,
        3483288432,
        4198020219,
        3930765548,
        1625842448,
        1782253804,
        3172271943,
        3547363854,
        2554063663,
        1149028759,
        403438896,
        863955471,
        1786100547,
        2348968795,
        827393669,
        411163504,
        3650410529,
        208405022,
        1672326450,
        2249483867,
        2886286553,
        3359893163,
        1086270248,
        3071702477,
        1425547303,
        815976453,
        3206039747,
        1998306390,
        718906468,
        265092201,
        3437552007,
        3260000303,
        2164826814,
        2836620967,
        3483057300,
        3686037579,
        2906545711,
        2577471271,
        3808163400,
        1989637214,
        2088203873,
        3530065119,
        110738681,
        2330459292,
        1456438043,
        1880275034,
        2583625456,
        998503277,
        616711724,
        208831582,
        1210007126,
        128900971,
        1000121102,
        3514425791,
        355315712,
        3084551057,
        362879500,
        3310660056,
        3909910825,
        129389616,
        683991494,
        462472766,
        1757584905,
        1023006372,
        980468639,
        93102885,
        571206515,
        2108376278,
        1267290863,
        2304298910,
        1139242102,
        1725786090,
        1773147293,
        1818823489,
        2438161870,
        3455509454,
        497064375,
        4100308595,
        3752095171,
        3303526013,
        986407938,
        200313473,
        3315176623,
        1193168063,
        1296276089,
        3712320048,
        120891557,
        2475895017,
        1613846902,
        382853808,
        1733547747,
        1107227650,
        3702909233,
        698184104,
        434390482,
        3865842531,
        3421462946,
        398753933,
        2229738462,
        3199772679,
        297125778,
        2998405148,
        989408378,
        3087445316,
        3676478597,
        862983829,
        1739516498,
        3854726346,
        177122702,
        3860160,
        1769316318,
        3496180364,
        211588387,
        2530415538,
        3703544001,
        954060563,
        3451574159,
        495219754,
        2737142617,
        2127769560,
        3594299037,
        923939877,
        2788344154,
        2244872641,
        2607107288,
        4151331320,
        958197069,
        2056547517,
        2044658159,
        480830195,
        466664986,
        648110796,
        366444318,
        3707877040,
        3568068369,
        3781383875,
        4233862013,
        2687901573,
        1061741926,
        689861447,
        2058774725,
        366463358,
        681749126,
        4287547817,
        1462378015,
        3003765853,
        2688118331,
        2194877884,
        880536808,
        1791442222,
        3729978366,
        2690717280,
        2269910535,
        3825847764,
        3001146467,
        3510074759,
        586510161,
        1432637965,
        2170496843,
        207713987,
        1388089369,
        711453181,
        3389461148,
        1811976636,
        1379921538,
        3823380973,
        4169897637,
        2709320270,
        755264993,
        3564533797,
        4294114153,
        1053766972,
        2666209805,
        2509195626,
        2009909632,
        648942969,
        3079463588,
        3252269703,
        2042381665,
        3339403213,
        2260619911,
        1392908538,
        4288488449,
        1043165766,
        3692600241,
        1222401997,
        1381478712,
        2428542419,
        2863001156,
        2016577851,
        2901359804,
        1556000898,
        2730829711,
        2316928217,
        172272356,
        516490427,
        1674835899,
        2009769395,
        199841165,
        185933433,
        3958861691,
        476852866,
        262734185,
        4276448108,
        1603537545,
        3674834523,
        1915487394,
        553255893,
        2793398754,
        2332449955,
        2088802407,
        2011744677,
        1081231683,
        3094991738,
        818185336,
        1917311625,
        1331184177,
        844437716,
        1056907505,
        947268715,
        3785110420,
        1661239487,
        1534415942,
        59833769,
        1445073034,
        2020278759,
        2317180057,
        3215287918,
        3905860482,
        1859385059,
        311379875,
        684525325,
        535157893,
        2687158246,
        4063909743,
        4029302699,
        600387019,
        3309587901,
        734034986,
        1095016775,
        2818129740,
        1804431689,
        3414132195,
        1454486376,
        181049024,
        600674006,
        748357697,
        1839283678,
        2153688441,
        1215995275,
        4126497943,
        700727405,
        2347572564,
        101285517,
        817326077,
        3528427319,
        871123220,
        2142476951,
        4051484365,
        1565295462,
        83677391,
        3025130630,
        3932489680,
        132577478,
        68621677,
        3283406828,
        1859012298,
        3544949131,
        3148421145,
        3519935713,
        704461680,
        3710003575,
        3967282451,
        2390519120,
        1780725089,
        1861426003,
        484368255,
        4094757771,
        1187455663,
        3799875556,
        3478330708,
        3082810965,
        1602045403,
        3566562825,
        4058314438,
        2706635773,
        4002746630,
        1258430979,
        847975493,
        851569401,
        2055662752,
        3392848221,
        502229519,
        2834793216,
        2714190044,
        1437776452,
        3532173494,
        3436967691,
        1687221576,
        3985268160,
        33857495,
        499052151,
        2209794266,
        1224082960,
        266204973,
        2156102592,
        1526059379,
        3065840708,
        1634696004,
        1093597594,
        2264248873,
        1109672067,
        1539903033,
        1764983445,
        1942152040,
        1193075748,
        3533880406,
        3533864947,
        4208023100,
        2626234668,
        2943652246,
        4239089323,
        3526838124,
        2112792575,
        1161323224,
        1170267391,
        4039405701,
        3173787074,
        588135962,
        4030766928,
        3273002616,
        45757919,
        2084994848,
        1298242283,
        3692195859,
        355482321,
        4008695672,
        3147113079,
        2953897504,
        4036180572,
        2198326644,
        86184598,
        172701383,
        393882701,
        204902518,
        2377827597,
        3549312573,
        3556686431,
        514998002,
        3220730866,
        4096905604,
        1191786951,
        56799440,
