{
  "generation": 24,
  "fitness": 2403.4883720930234,
  "food_eaten": 32,
  "timestamp": "2024-12-11T16:06:01.345778",
  "initial_state": {
    "snake_position": {
      "x": 11,
      "y": 24
    },
    "food_position": {
      "x": 3,
      "y": 24
    },
    "random_seed": [
      3,
      [
        845256152,
        1289219428,
        1130633108,
        1296157717,
        2325810212,
        4167802953,
        4235701697,
        638921390,
        3989115600,
        2711361497,
        3901896784,
        1750231287,
        2227316663,
        3019533341,
        3603832205,
        3013003087,
        365162162,
        3086737429,
        1923470572,
        1443895342,
        914412300,
        705953937,
        4192528473,
        3930160821,
        1306349762,
        2607459030,
        2143651234,
        3512402150,
        2174978519,
        4114168147,
        3842964291,
        3696673808,
        1578233135,
        603344307,
        1935107941,
        2657645152,
        804019824,
        2153497051,
        4237420013,
        1885578723,
        344537490,
        4081609330,
        2303369741,
        2237898388,
        3797259156,
        3065174947,
        71971823,
        383237406,
        3583582002,
        3880058175,
        1823167570,
        284914239,
        1902986171,
        956621913,
        895090291,
        1010874433,
        1777878106,
        3526753699,
        3276916109,
        4231449404,
        1180323356,
        2631917813,
        1547378695,
        2562731333,
        1335992574,
        3177176386,
        4078605016,
        4145691953,
        812458930,
        3638896730,
        530134821,
        737383467,
        3069413175,
        107661633,
        2492384622,
        1537867239,
        1653785686,
        2083129663,
        4286038057,
        3202882231,
        571718666,
        2149419710,
        3455433367,
        799842319,
        1936643911,
        248559589,
        4173260202,
        1699718520,
        791500220,
        900231975,
        2388411071,
        1377875222,
        3183393673,
        2297454855,
        3204370992,
        2029350099,
        1765664198,
        4129246117,
        2051096488,
        1557260450,
        1162054169,
        421745341,
        3742094412,
        1104551691,
        2943531356,
        388389014,
        610519427,
        854233829,
        3158109844,
        3654687949,
        4008775328,
        2762907265,
        3994906392,
        4244990702,
        3457719942,
        3681468168,
        3243226229,
        411966257,
        1616604236,
        1240249789,
        1759371799,
        3448427073,
        199642378,
        1116175389,
        1642910406,
        937726675,
        841023851,
        694878201,
        1965570715,
        4285065553,
        4127039196,
        2326066392,
        2671938247,
        825757096,
        3043023976,
        1450271834,
        4059032320,
        2088509808,
        3623905845,
        1521664311,
        3399063847,
        1904220218,
        4118558608,
        3377421263,
        3690633778,
        950837818,
        1366658961,
        1347975741,
        2511297846,
        339801506,
        423159711,
        3865266636,
        886142854,
        2888514538,
        240998491,
        1843704453,
        3853290902,
        307367485,
        23794520,
        1977258798,
        3285616446,
        2670263604,
        398915395,
        1823757328,
        639952327,
        1717723112,
        2064216427,
        2008113914,
        1516688619,
        3918526910,
        2336303547,
        837485119,
        3292302848,
        1092674745,
        753624902,
        928417755,
        2202802630,
        2456913616,
        2063738825,
        3780920027,
        2972834144,
        3519826734,
        516970557,
        2869875758,
        4260962854,
        3364196226,
        698734793,
        1501876257,
        2012517469,
        1348664944,
        2960540830,
        1139999300,
        3166196585,
        836843084,
        931494647,
        3575792877,
        1988134519,
        1247744548,
        3639035746,
        3128924827,
        1930382760,
        2634746875,
        3691987570,
        759474458,
        3532203937,
        3263236649,
        1262211055,
        2755410022,
        3377626224,
        3088778720,
        3388266633,
        3655825934,
        393553014,
        1032130330,
        631063004,
        3875189374,
        3086351822,
        2262975904,
        3693671443,
        287803819,
        3045229435,
        60541449,
        1430217901,
        1613317620,
        2663415386,
        2609739120,
        3098066975,
        3141404501,
        2589778635,
        172939990,
        3548489972,
        2551394594,
        4074254316,
        1896464126,
        358961348,
        3085893951,
        1211743353,
        861701266,
        4185587597,
        330468463,
        2940235484,
        1373474259,
        2986168112,
        3467665328,
        1292751312,
        3881993844,
        2247716658,
        388551693,
        1988665705,
        827209556,
        2946663535,
        2493585447,
        2805287354,
        1148296928,
        1373179681,
        3281828868,
        651679896,
        3259806732,
        4228623975,
        2208778063,
        2895027334,
        103839771,
        1323189297,
        2426074473,
        892598047,
        4160396485,
        3911471560,
        2255476073,
        2573654980,
        2489740398,
        2798484078,
        3094454052,
        878158379,
        4255636251,
        280316554,
        3711428562,
        2240372785,
        2737554328,
        3696777507,
        1521044436,
        173811444,
        2108289869,
        3429465272,
        1230251290,
        2890273013,
        1911634776,
        3072320495,
        3231435809,
        2598212442,
        3486689535,
        1288406688,
        1881924636,
        1764400558,
        239219517,
        4016705958,
        3323814110,
        4109199732,
        2527742617,
        3222118200,
        1110513817,
        3342524314,
        1062397045,
        1112840151,
        2883240521,
        3894497359,
        2906126984,
        1106649031,
        1989782229,
        3049182075,
        366949015,
        266549869,
        2080429007,
        3192945848,
        3539466912,
        1004482426,
        2349009379,
        3651731366,
        2154984302,
        3148435360,
        849232528,
        3096116326,
        3998345840,
        1174105345,
        1840719942,
        1358110828,
        2112285976,
        2507725706,
        1662097487,
        1462416147,
        704951758,
        1307444913,
        2314227642,
        3658077079,
        4209276229,
        3639966154,
        3291776935,
        3745480729,
        2473152513,
        3285951810,
        2949341024,
        2619794874,
        740403863,
        3708544140,
        1903605505,
        2200779985,
        1309420150,
        3267025583,
        1223824943,
        2096861128,
        3798580731,
        2212288331,
        1454828303,
        534844491,
        3229954847,
        1081336578,
        2003633355,
        1338947033,
        753619844,
        3556970319,
        1023908688,
        75223571,
        785060213,
        3267906796,
        1039988186,
        2649374548,
        1732721842,
        2340055258,
        2355612132,
        4207455165,
        1895847024,
        4008499652,
        533328424,
        1925922513,
        3201319936,
        32261301,
        639766625,
        1000147645,
        110494837,
        364585501,
        1123135318,
        2969824915,
        2577765268,
        2182124745,
        766417962,
        1899768919,
        1178295345,
        1855353175,
        4268333301,
        1780646351,
