{
  "generation": 45,
  "fitness": 2328.9608177172063,
  "food_eaten": 31,
  "timestamp": "2024-12-11T16:06:25.002449",
  "initial_state": {
    "snake_position": {
      "x": 26,
      "y": 8
    },
    "food_position": {
      "x": 8,
      "y": 25
    },
    "random_seed": [
      3,
      [
        865292971,
        2795837611,
        1536029319,
        2967063949,
        1514238912,
        4002473639,
        3322226727,
        142382248,
        1515382536,
        2237001390,
        2085339631,
        1726459367,
        187234232,
        772211450,
        3777309736,
        1044482114,
        1187838440,
        1450205227,
        2410973289,
        820911323,
        3568281925,
        2555304559,
        1843657921,
        2740719780,
        2722276956,
        3039230659,
        723000535,
        3902930374,
        672216536,
        1795403445,
        2237546001,
        2652187105,
        1146310784,
        3096560285,
        604358065,
        179159023,
        1808058715,
        1214744156,
        1031793059,
        2094661451,
        1815908001,
        3957523146,
        1810731467,
        2861936867,
        4030782491,
        552192177,
        1771453162,
        4221380123,
        3058597475,
        1018909658,
        3138020930,
        3886272315,
        3573390410,
        1687375820,
        409099461,
        3909889048,
        1459895818,
        530895302,
        1428136126,
        1433280742,
        2314211087,
        4106435428,
        2896172779,
        773741685,
        1331933220,
        2963231817,
        1564405621,
        2820690062,
        3258963638,
        3502926607,
        1663488851,
        59739698,
        2686170841,
        76975744,
        3664308863,
        1445056948,
        2515008140,
        4174030015,
        1693294008,
        58081029,
        1447382256,
        1980758321,
        1261421594,
        2218242235,
        896458960,
        4034357460,
        3910473209,
        2206413538,
        272172369,
        1042066940,
        2100588642,
        2371680322,
        3787963006,
        273163952,
        4188891652,
        411580486,
        2809537526,
        1265307085,
        2940828187,
        45385787,
        3183561805,
        2504902957,
        3683972137,
        1659609736,
        1252826003,
        3820558639,
        569115268,
        4168582833,
        4247767809,
        82510444,
        3856757221,
        1764178059,
        141928665,
        2034340248,
        4089587761,
        3646713174,
        2726565328,
        626954609,
        1060849921,
        3833589463,
        1258668146,
        1058707505,
        484969735,
        2510901679,
        366472681,
        1089536882,
        4137031476,
        1588282218,
        1784585951,
        3946274709,
        876405556,
        2071731499,
        309574586,
        2604099184,
        2346102578,
        1624765789,
        644858694,
        2919203719,
        2945761891,
        2059975484,
        2064298669,
        3010940114,
        1778733554,
        3428770284,
        3164694409,
        2894267750,
        3726216375,
        1422516781,
        2904135474,
        574136950,
        1473716073,
        4236829209,
        1482280466,
        1068777685,
        1372056923,
        668619170,
        2872752386,
        2966261993,
        3286292020,
        60364732,
        1488176295,
        2682063732,
        3591318594,
        2586024119,
        389366252,
        3689413027,
        1925634534,
        2527125951,
        3071145696,
        1021710456,
        4209708553,
        3855847737,
        2300060278,
        2076077582,
        2196975809,
        3181683895,
        3764085100,
        442534295,
        2266774131,
        4011147835,
        1807240663,
        3173829537,
        2192472937,
        3781177207,
        2679093507,
        3435606819,
        1392704638,
        2061619433,
        1581442063,
        705024832,
        3409963013,
        2404918642,
        2174931188,
        3978893685,
        1523457838,
        4124685125,
        3035219682,
        3420849763,
        2607831191,
        2764372948,
        1175938218,
        3565791418,
        268040130,
        1067110172,
        686313165,
        954916568,
        3209987531,
        1054736384,
        3319709565,
        1063523096,
        853098875,
        1210631412,
        1986020772,
        1029911869,
        3329288687,
        1623227053,
        1087663364,
        3796187081,
        1440528287,
        2571767906,
        2222349570,
        1741614481,
        1794410953,
        2589781779,
        1268912819,
        4168306211,
        215589084,
        3610783356,
        1653241615,
        2774817734,
        2980501339,
        2674800214,
        214926241,
        3142918162,
        1509816433,
        602378195,
        614441114,
        1374481714,
        3810566004,
        662737675,
        3923563395,
        178464263,
        1279043357,
        1600145561,
        2033700083,
        3391786662,
        1038491186,
        4087406357,
        2013064022,
        755990940,
        1313541536,
        3135039761,
        1875880755,
        2143558030,
        3969975863,
        3809781986,
        4061146504,
        3566501521,
        1112535040,
        3364207175,
        1890687112,
        2687567910,
        1354631040,
        3510338546,
        727935206,
        3794039503,
        1202321556,
        617163333,
        3424793578,
        495104200,
        3022761855,
        3893962023,
        611501847,
        1241776563,
        3703544567,
        334254934,
        2137117424,
        1370339565,
        4045831725,
        3863316084,
        2918824524,
        2653519956,
        809792282,
        1427119669,
        1726340850,
        2070475220,
        353991839,
        3465745278,
        1817990656,
        2649466098,
        4172573067,
        3526390039,
        1841493131,
        3715293085,
        2002423154,
        804704206,
        702550397,
        2840861086,
        1118673211,
        2795000438,
        1727898388,
        356094833,
        448797122,
        40522739,
        3258307441,
        234072501,
        3116531718,
        2387464266,
        4247906333,
        511150575,
        2397282746,
        3635751937,
        2778889312,
        1326400984,
        1688672,
        1828719873,
        3827718880,
        1697126255,
        1526781885,
        1073887088,
        2610766580,
        3465918069,
        1815248900,
        4060418958,
        538093869,
        1639476941,
        2207870305,
        213876269,
        201214403,
        1039654292,
        1006179016,
        3383287681,
        298565937,
        2193701375,
        1932399087,
        143452197,
        963299504,
        3145627394,
        510545632,
        1780630005,
        3044371821,
        254496251,
        3659992836,
        4010921282,
        3183352964,
        2256319890,
        2891146845,
        256178365,
        2121370275,
        4265646481,
        1180529008,
        1296388400,
        2259237934,
        3451383684,
        55209897,
        207772807,
        3545586163,
        2738877160,
        3670712464,
        2111540114,
        872023088,
        3943726354,
        4079103166,
        943623241,
        1800940074,
        2421996851,
        3821542951,
        3934665099,
        3871834252,
        2059174520,
        831476303,
        2146451415,
        3856106459,
        4221893884,
        175084134,
        194043233,
        1823539911,
        1964300758,
        379277006,
        3799862121,
        870286825,
        2753287431,
        3045513666,
        3449487024,
        2885237765,
        924969780,
        2165921188,
        3621039577,
        4205948108,
