{
  "generation": 85,
  "fitness": 3228.543956043956,
  "food_eaten": 43,
  "timestamp": "2024-12-11T16:07:20.288297",
  "initial_state": {
    "snake_position": {
      "x": 9,
      "y": 25
    },
    "food_position": {
      "x": 19,
      "y": 27
    },
    "random_seed": [
      3,
      [
        3746469967,
        2342271680,
        2691666410,
        4119063783,
        3269631597,
        3486920975,
        365032616,
        1622067745,
        2181164676,
        31633529,
        1829811787,
        3871083390,
        1621010259,
        2831864271,
        3611144631,
        674356374,
        2090896475,
        2003836503,
        153071959,
        2341063081,
        2365491192,
        1837240289,
        3387757800,
        4255123752,
        490566923,
        3020526462,
        2926064287,
        1523784805,
        545960677,
        4051028315,
        540642617,
        4248996183,
        1343928410,
        3187520179,
        4046684402,
        2997980287,
        1122816194,
        4003735436,
        1182645182,
        2503662521,
        2085829622,
        348408963,
        2808373470,
        1832954089,
        134797403,
        2948589331,
        1888086391,
        3735434237,
        2723654178,
        2669389600,
        4061801640,
        1037344573,
        1790410277,
        1698599542,
        1506072307,
        4111175343,
        105000799,
        1871641221,
        1910203159,
        2336218004,
        1456733325,
        3163964785,
        926029333,
        3220470801,
        1096793958,
        4034997209,
        3242508033,
        1464881270,
        3346276202,
        3406815760,
        3925667212,
        1896644303,
        1276216642,
        2568867719,
        3312357055,
        1496189433,
        2826481983,
        355467271,
        13952398,
        1514991355,
        2565259041,
        1083604925,
        374470827,
        2658651544,
        2326924569,
        3430668790,
        395141356,
        2491818647,
        1514571576,
        780382329,
        3312536688,
        2683493084,
        4077568683,
        1972868435,
        883594400,
        3901522205,
        276375134,
        3334691056,
        2986348078,
        2297090475,
        3594108893,
        1394887081,
        414835236,
        287325282,
        1836932467,
        2747456700,
        195735392,
        2255950587,
        4075207116,
        2564066850,
        32189051,
        441894365,
        992394732,
        39518773,
        2133098638,
        2967191985,
        843829232,
        2551280555,
        453395858,
        1338245823,
        3737598885,
        1182340405,
        653321695,
        1400441568,
        1529132308,
        2831172862,
        3500206088,
        2506547241,
        415070015,
        2026761038,
        2308107057,
        2423396613,
        3848990927,
        2978881344,
        1028636595,
        335554933,
        4079303937,
        3562007048,
        4068483064,
        1021536042,
        2568682669,
        1911620396,
        4101469152,
        2438464698,
        2315999739,
        875471719,
        2330724984,
        3992187187,
        367360494,
        1406258995,
        3438614065,
        1371881405,
        2502378210,
        2919965882,
        3728270898,
        1852278444,
        3758096240,
        2836651965,
        1799578855,
        3287141711,
        4261483782,
        1326187117,
        2664982862,
        1816650420,
        2941987276,
        971011488,
        964467744,
        1994139691,
        2968587424,
        854512324,
        1892706599,
        410960441,
        1213195423,
        3928711994,
        666935824,
        3558673237,
        1207597219,
        927544503,
        291080227,
        2346286146,
        491438813,
        3427998277,
        2946984911,
        260488232,
        3484964543,
        3335924196,
        4095709117,
        231381542,
        867439128,
        4271729744,
        17450199,
        726694901,
        2702782498,
        3836489924,
        987808435,
        3558050879,
        782657724,
        3455468646,
        3682710160,
        1544473586,
        2276125057,
        3984770726,
        3832065157,
        1147404706,
        273547652,
        2986645138,
        1429754782,
        3885616445,
        2437007417,
        1290952545,
        1189793190,
        2598349572,
        2430338784,
        2186813234,
        48265846,
        2698960308,
        656518851,
        45435040,
        2795876081,
        797289464,
        1614635052,
        1370287190,
        955107581,
        1388257570,
        3475458366,
        3909915668,
        1692082390,
        1433512248,
        2697940224,
        2858836289,
        830971436,
        3821611265,
        3061553449,
        3830199216,
        3249298850,
        1160074040,
        1601017164,
        4232555347,
        4090225311,
        1187002558,
        2368171129,
        1875014883,
        3746529257,
        722962763,
        2703039072,
        462173671,
        1627025683,
        3403336079,
        3474958367,
        2649558102,
        3020953692,
        2992120322,
        1940300348,
        1744483103,
        2848705422,
        1712150225,
        900004768,
        2973995777,
        1331328024,
        3684876089,
        1589072272,
        1959994523,
        3446643811,
        4231866065,
        2144820012,
        3047290918,
        1556636230,
        1516337019,
        1600602927,
        3778095277,
        1807810155,
        3906046921,
        3150756863,
        3381871239,
        740589569,
        239749445,
        2941776459,
        3713005400,
        775454942,
        1163009175,
        792155565,
        3115477995,
        3647530972,
        2812000937,
        1978441740,
        868899731,
        1169560043,
        601925544,
        1067316652,
        1189576377,
        1246364138,
        692924727,
        5843845,
        4215274317,
        1338297577,
        112354497,
        370420730,
        1355206865,
        1861054896,
        3320296386,
        2981895583,
        2518283869,
        3923537950,
        3366308893,
        2148905085,
        2650948613,
        1502590016,
        3045706099,
        2092424325,
        726941602,
        4163991723,
        2544494405,
        2192823469,
        1918365552,
        1987214017,
        657669735,
        2719006023,
        1820093455,
        2608717532,
        358316108,
        117230416,
        1074719830,
        3325468200,
        3928059728,
        2885071044,
        2975677185,
        3401811905,
        2695680777,
        2447404880,
        960248030,
        3392140946,
        3483376612,
        88762458,
        711043345,
        2567489187,
        2437749612,
        1608941502,
        2998699109,
        38776073,
        3817001487,
        1699833935,
        414083788,
        2241836461,
        52839703,
        581450987,
        2438225370,
        2766770768,
        775550594,
        2618853374,
        1957828806,
        391017037,
        923305351,
        2171033492,
        3564450122,
        3759294623,
        2264278606,
        1991838811,
        277804042,
        312540411,
        3369022274,
        1496726143,
        682350567,
        3337224932,
        4191958102,
        1644902308,
        219794987,
        3666318245,
        2799076382,
        3409107889,
        3811612481,
        1038918828,
        1314936114,
        2700242957,
        292201586,
        479730631,
        2002294071,
        2501128789,
        3227182746,
        1976875347,
        1362909037,
        994875516,
        3369270887,
        2997292587,
        21869252,
        1100559888,
        683958520,
        3462928832,
        4140293690,
        1980621752,
        3661079540,
