{
  "generation": 28,
  "fitness": 2329.151785714286,
  "food_eaten": 31,
  "timestamp": "2024-12-11T16:06:05.790186",
  "initial_state": {
    "snake_position": {
      "x": 16,
      "y": 19
    },
    "food_position": {
      "x": 19,
      "y": 5
    },
    "random_seed": [
      3,
      [
        3851827689,
        3033494780,
        4098462627,
        3145126992,
        3918851998,
        829970578,
        1128491946,
        2694759906,
        1215401111,
        499331625,
        3243555019,
        3859726476,
        1466938050,
        3844989110,
        1156665969,
        2872204432,
        3537981569,
        1638224818,
        2141220113,
        3215808858,
        2948646985,
        1256007272,
        2220008598,
        3588160455,
        4140422941,
        1483919067,
        3144989669,
        2080645911,
        3742929703,
        1657188671,
        1989479203,
        769057979,
        2510549923,
        861799787,
        947294336,
        2323629907,
        2606996540,
        725314652,
        4147554651,
        12779316,
        2687898653,
        2074429505,
        1888007576,
        527269616,
        160486555,
        1071545938,
        1111275376,
        2517985581,
        960534231,
        3031676424,
        4249035068,
        626707081,
        2535019797,
        4133721858,
        2680496491,
        3560225859,
        1520969933,
        578542724,
        2857550779,
        994168715,
        2207637290,
        976479428,
        1450894124,
        3632514992,
        2119990381,
        3571970549,
        2143590576,
        1505632691,
        672079091,
        2103844542,
        798728444,
        1995122794,
        1205345872,
        2889485371,
        3183183173,
        393224347,
        1504869693,
        4018423849,
        3092612200,
        2016290179,
        4048831861,
        2977625308,
        4048184109,
        1230010451,
        1479754512,
        2085693438,
        1712658042,
        3404687153,
        1594025561,
        1510025396,
        241934973,
        669219739,
        917353813,
        3312612833,
        79855417,
        1178207869,
        1982294538,
        3384406751,
        1920887511,
        2245366061,
        2442780649,
        3558324636,
        3830287386,
        3269895173,
        172602774,
        3575366640,
        3305573049,
        2266854081,
        664536921,
        1598460873,
        3435738077,
        3103230051,
        1293639080,
        72857072,
        2459813774,
        3581055598,
        2301189659,
        968298924,
        4124679162,
        1282064852,
        2681656624,
        2389418409,
        790876076,
        201448218,
        90632765,
        1724428375,
        2044501627,
        591522432,
        2560444607,
        2739234523,
        2482317732,
        1446639757,
        4128048415,
        1563923850,
        3808362734,
        4050491245,
        3247395820,
        561198597,
        2873763051,
        3668857000,
        1019123270,
        3178446374,
        1247874431,
        1941905172,
        490551644,
        536653416,
        1599580904,
        3167292649,
        1017048537,
        3421747923,
        3919624965,
        1549449158,
        4066995243,
        533255630,
        3539081027,
        2618079697,
        3386051433,
        1296344709,
        1881800477,
        2180606388,
        2137077323,
        379245231,
        1985122961,
        119946175,
        1212621624,
        3121899782,
        243959876,
        1139582336,
        861239764,
        617022907,
        1673359883,
        1511619402,
        4267408011,
        678219671,
        864207033,
        1158771988,
        3973291829,
        1938080668,
        3436865539,
        3427595443,
        1465491300,
        2846289719,
        2086346644,
        3473256194,
        1997844321,
        1276753869,
        988796908,
        3665369866,
        2544293621,
        1595828582,
        74782757,
        4044584822,
        4012052995,
        2970292427,
        3420328990,
        3393411435,
        233048279,
        3495741306,
        1994300231,
        1769491239,
        3558807595,
        3325969002,
        4178685652,
        4285839701,
        2341401547,
        1871409575,
        2262622719,
        1293672241,
        2177091741,
        2951547945,
        1001902599,
        4192091970,
        2889709658,
        2537533912,
        1269726076,
        611384255,
        3439795160,
        2313751697,
        2451988492,
        970531815,
        6996749,
        2862994155,
        3421750027,
        1110454645,
        4249370658,
        2257471032,
        1071108084,
        3562488726,
        3215644981,
        3068181327,
        1900385209,
        1016681437,
        590837214,
        1943155646,
        407997318,
        3559475777,
        4269971886,
        12538714,
        2094409733,
        908127752,
        2161198460,
        664186765,
        141485079,
        1367693655,
        2350350875,
        3963574827,
        3043671156,
        4030370157,
        1483823676,
        2074335277,
        4107296887,
        940486422,
        780024631,
        818824914,
        1392489371,
        826219838,
        774210221,
        3663094641,
        101587574,
        3771759331,
        3913061519,
        678850047,
        1469083477,
        3968668039,
        4036731715,
        3499758824,
        1091782521,
        3438103004,
        616801515,
        2166014825,
        2842510083,
        4126719198,
        824820615,
        3936736384,
        2311947890,
        2150095373,
        2674790243,
        2258132385,
        2511347890,
        210861978,
        2953761299,
        2309632270,
        3485234455,
        332614401,
        4266732029,
        3174192742,
        21136135,
        3285077293,
        1360490273,
        2676347567,
        3173158836,
        3731527208,
        3665679235,
        3877240526,
        290901077,
        191679192,
        3098904796,
        1122247352,
        2814558122,
        3392581768,
        3414087845,
        2744697146,
        2665369259,
        1977563858,
        2144216503,
        2287387976,
        3385503447,
        1530603588,
        541978556,
        2261806841,
        2376484430,
        3360067981,
        3919000997,
        865388620,
        3694773775,
        3546018008,
        3503915351,
        4061969929,
        1021804544,
        3954839498,
        3634963715,
        2654508295,
        1558042989,
        1335603687,
        1660945763,
        769600158,
        2400044914,
        1886093049,
        1097072479,
        3413400326,
        848519436,
        447385121,
        3912173157,
        3312605956,
        2020527473,
        2232199605,
        3584308438,
        3314941292,
        545603128,
        4102015538,
        3817078010,
        1155971631,
        487176268,
        507939268,
        2244803835,
        2176332318,
        1132462418,
        1745285726,
        1470751642,
        1637250411,
        1019060757,
        1636168923,
        1973552401,
        2048489561,
        2139856081,
        3625898434,
        432989284,
        1655833366,
        3393044014,
        1029193933,
        1239578751,
        997929275,
        3503063528,
        3284153372,
        823021801,
        3643663391,
        1719089592,
        1642409652,
        1940620044,
        2381383072,
        3763822313,
        1672742425,
        2211042061,
        3258862367,
        2837609058,
        4216364640,
        212873866,
        2427747501,
        1687509682,
        2634156879,
        2832353133,
        1757104256,
        2763125013,
        198296471,
        3912108475,
        1613012875,
        2076496427,
        74674107,
        400387372,
