{
  "generation": 2,
  "fitness": 153.94736842105263,
  "food_eaten": 2,
  "timestamp": "2024-12-11T16:05:48.410450",
  "initial_state": {
    "snake_position": {
      "x": 28,
      "y": 10
    },
    "food_position": {
      "x": 24,
      "y": 6
    },
    "random_seed": [
      3,
      [
        1643515227,
        3778743614,
        534911860,
        2053673928,
        30670590,
        2197923380,
        3819768993,
        103906397,
        4161129983,
        4213751936,
        758067767,
        3867709242,
        1073250306,
        258578016,
        3942949970,
        1364024548,
        1211337537,
        2033388161,
        840350388,
        1960543329,
        3762277430,
        1777324749,
        3207617760,
        2173444744,
        3259129254,
        2248837545,
        2543904072,
        4284023925,
        2520962812,
        4248386710,
        2535873032,
        1207302623,
        3683412541,
        3294657694,
        3032575230,
        3345238451,
        3083749998,
        2163004521,
        3652941979,
        3504556688,
        3586736003,
        731650710,
        404258213,
        2043733190,
        199017345,
        2403954391,
        3789795509,
        1150353555,
        2603958,
        2219109873,
        3985596798,
        1721189021,
        2753565779,
        3092172299,
        2182995389,
        2637131904,
        4072559609,
        4087861763,
        84736351,
        594077167,
        3169061685,
        2338807591,
        2129423710,
        4158783061,
        2070853475,
        1126425353,
        4224662276,
        958376697,
        1112152415,
        2235434523,
        1636813706,
        2163520653,
        3793063246,
        172689842,
        1056390515,
        3173865072,
        4053901000,
        3274719427,
        564364182,
        4096867608,
        3753397896,
        3168030041,
        3668778791,
        2584940122,
        2253201903,
        2738336270,
        852444932,
        3503642055,
        1282750820,
        2588172154,
        3369797332,
        604746057,
        595021429,
        3152345321,
        261254817,
        3579904226,
        815607112,
        438725325,
        1718201450,
        559471569,
        615261488,
        329882072,
        780462093,
        3511240365,
        1311588685,
        1037593552,
        1592576893,
        716029123,
        2068565459,
        707341101,
        1505594201,
        292949485,
        3190391210,
        674459571,
        546657673,
        696161811,
        805996801,
        1331009173,
        3309407388,
        3661216883,
        2069569774,
        1194512314,
        4284821404,
        3346338985,
        135170092,
        2251487551,
        3872281708,
        2066734924,
        2954069224,
        973448147,
        1528437057,
        2649630030,
        39306232,
        3935376776,
        1687543908,
        2741038959,
        2659284653,
        2760126390,
        1339207938,
        2540651666,
        434358462,
        1955977379,
        752765009,
        625867385,
        1587751494,
        4213767910,
        2456566476,
        1143343164,
        68331056,
        3490334211,
        2070168451,
        3808668771,
        867085181,
        2226619023,
        3232921657,
        1239916162,
        64092417,
        1930779700,
        738273806,
        3227154703,
        938179494,
        1534337223,
        3741823738,
        2605340521,
        1568358756,
        3164442405,
        2790575579,
        3838795645,
        3126696345,
        3472129408,
        419557491,
        2462029030,
        3963019519,
        1690524429,
        13473321,
        783685993,
        872059589,
        904754777,
        4161265306,
        3669516398,
        635720884,
        1817819181,
        78612553,
        3706867167,
        1776657322,
        4009942520,
        1430707812,
        1025545186,
        4049572243,
        1122191824,
        1598969395,
        707040808,
        314682291,
        709152807,
        3593143705,
        3677511334,
        1001649193,
        1566084371,
        4294084711,
        1193153660,
        2489974637,
        931216785,
        1089761721,
        2078469471,
        2952820554,
        803337606,
        3520389096,
        938092954,
        415706455,
        741026260,
        1460563950,
        2312735211,
        3910973707,
        232911412,
        1163202284,
        2874592174,
        1973821752,
        2706864035,
        2095729508,
        3278762394,
        3193870997,
        2587016753,
        1362417466,
        1254299666,
        49196608,
        3997074540,
        4017335324,
        2726785334,
        3024444492,
        176744152,
        4177365430,
        1723295020,
        1459992997,
        63071286,
        4187223472,
        3555423841,
        2541573168,
        3650331988,
        2543051904,
        2267666889,
        47571894,
        2036723161,
        3228188383,
        2961644966,
        999148338,
        1449174046,
        1277009055,
        2999049000,
        1080921348,
        4255643681,
        3572844053,
        2812242537,
        3923313908,
        634991937,
        332214354,
        3593948429,
        2587774214,
        74997091,
        2160993636,
        2009330478,
        2491323596,
        3467935397,
        1916246370,
        1176517130,
        2331008436,
        1689201171,
        1897928502,
        3827495265,
        2612273149,
        2430107183,
        3937327155,
        2727867180,
        2167805155,
        3212148046,
        3745927421,
        2211481177,
        1688416257,
        3210666151,
        183292747,
        3047070924,
        2807139852,
        4144741265,
        2621794099,
        339946722,
        2639121209,
        1317963096,
        3379948194,
        3828690544,
        411118874,
        379834712,
        600835809,
        3736726464,
        1022259899,
        2637193137,
        1648912408,
        2132577964,
        4159320785,
        2788866031,
        4101397496,
        1884752121,
        1790300459,
        3975236271,
        381008496,
        2234142350,
        3432937356,
        2543429193,
        2726143806,
        29181513,
        3741796334,
        2406160429,
        4143259128,
        2381493905,
        4210854938,
        3004200665,
        556873842,
        2475850635,
        2981781647,
        2590430308,
        4184788839,
        3379304650,
        1896403671,
        3775560318,
        671974448,
        3460314974,
        3014809635,
        1919702983,
        697402701,
        2899313202,
        2745761603,
        292554950,
        186440346,
        641878905,
        3969670990,
        2526322655,
        4213566242,
        3861019303,
        3186962951,
        1117678366,
        4243434324,
        3103181562,
        100610796,
        2886653702,
        2925756430,
        1374918488,
        3209751054,
        3328412564,
        2771764160,
        191513919,
        428909072,
        3606290178,
        201192240,
        982768577,
        4067878344,
        2798736767,
        3399596316,
        4149264177,
        752206150,
        3614770779,
        1570675590,
        2489250914,
        33271762,
        1760071144,
        2078822685,
        3397082546,
        829235791,
        1643493706,
        3488478474,
        3363066254,
        2346864851,
        1096291258,
        4225402434,
        1156368925,
        2101719212,
        5626045,
        726734215,
        4177309683,
        1485924442,
        2069318610,
        2752490988,
        3193391990,
        2470039035,
        1720213853,
        3741358745,
        3342947603,
        4145608066,
        1989292917,
        945190901,
        1254672945,
        1405763285,
        1400382995,
