{
  "generation": 60,
  "fitness": 2854.0197461212974,
  "food_eaten": 38,
  "timestamp": "2024-12-11T16:06:42.658273",
  "initial_state": {
    "snake_position": {
      "x": 28,
      "y": 24
    },
    "food_position": {
      "x": 5,
      "y": 23
    },
    "random_seed": [
      3,
      [
        4224654605,
        2959239632,
        1723649484,
        2680991115,
        443128622,
        903042318,
        473044362,
        3133987296,
        3716811511,
        2207319198,
        1628860114,
        2856057621,
        1198089763,
        3957056821,
        2189133883,
        396387248,
        3566910550,
        2371881692,
        319050330,
        1702148804,
        940434795,
        631946507,
        2976188997,
        1511923521,
        3865600673,
        861827468,
        2653172904,
        1902626117,
        1112793790,
        1959357812,
        1619220271,
        624183651,
        3664126464,
        3514717412,
        841853008,
        3009291929,
        4061038377,
        99239248,
        789006467,
        3852485135,
        732384548,
        3869866168,
        3847006260,
        1513671751,
        2595461057,
        3474876178,
        4066337616,
        1922769318,
        39165595,
        3069488947,
        305282245,
        4020528289,
        2709591954,
        3918051206,
        48571009,
        92325718,
        1228200110,
        3339525459,
        4129769886,
        2614133806,
        4117576500,
        2962332523,
        3890865094,
        3648041837,
        835001370,
        1555396541,
        2508174610,
        900659693,
        2366655254,
        4110965414,
        2192079170,
        2294911552,
        236176293,
        2759910848,
        3348699660,
        1257110055,
        826114087,
        2663441801,
        1054198069,
        1525150115,
        2028860799,
        2638110216,
        2145333885,
        1335725220,
        361248934,
        2708386617,
        3591614640,
        2106849448,
        3634437273,
        375760475,
        3210257065,
        2606349735,
        1266917278,
        782084111,
        1901341343,
        3448282347,
        1356034985,
        1851150809,
        3230296295,
        4223490483,
        992301103,
        1176662106,
        4008271179,
        3480608662,
        1599700178,
        2289256906,
        1541395584,
        511524025,
        2791689600,
        1630521968,
        3121554675,
        809369235,
        1363987076,
        2630301023,
        126923726,
        2174168744,
        3192362127,
        2944235787,
        3926114741,
        1075737191,
        3647396038,
        478609949,
        190769030,
        2696176702,
        1322291450,
        1616277314,
        68755380,
        655946720,
        361657013,
        1599596438,
        3889308533,
        1727181129,
        1849904929,
        4020793151,
        1907954738,
        3078778079,
        3384935755,
        3774786213,
        3268838534,
        2492880385,
        2112377643,
        4152133296,
        1388169915,
        2996403691,
        3322356783,
        744027310,
        2041806445,
        1670916747,
        3860755071,
        2906798342,
        2205980344,
        3834404130,
        2388025265,
        2488719523,
        3637592875,
        1147688802,
        863683698,
        4172186237,
        2836211940,
        658345462,
        386172692,
        4217547329,
        2200495381,
        1841220805,
        4206959685,
        3678579071,
        1519696789,
        41817919,
        2128874822,
        854214032,
        2404294287,
        2913579419,
        3450813669,
        656985338,
        2588661260,
        2052669170,
        2902292364,
        1078287920,
        717486194,
        2134749961,
        1681093367,
        3442080556,
        1806695083,
        4200799476,
        1222303354,
        2051380411,
        3544962966,
        1507229641,
        677141850,
        2171577447,
        573082305,
        2204297011,
        4030141168,
        2793543931,
        3336013294,
        456120344,
        532906333,
        1504221381,
        4075351627,
        1047980538,
        3082802424,
        4151058660,
        3914899616,
        1588101292,
        3376431362,
        98349197,
        412185934,
        2214525650,
        43331876,
        3335916832,
        1739235971,
        3039530967,
        1233228373,
        353971191,
        4276393376,
        193895491,
        4210877839,
        3247911966,
        2811687200,
        4083542985,
        104010520,
        3810505,
        1657798669,
        3480272076,
        4173044066,
        2390946680,
        2468114868,
        2457627105,
        1120197319,
        1982116008,
        3350297842,
        641635873,
        1838260745,
        3285414091,
        211295323,
        3122892966,
        552646252,
        3725940213,
        4189934969,
        2367742587,
        4158211372,
        915259527,
        3542218236,
        467374148,
        3617480575,
        1552205527,
        623201412,
        1722829237,
        3642798721,
        2832801774,
        3291604628,
        396561430,
        2734335179,
        3827956790,
        170295987,
        1149384521,
        2495259492,
        958966468,
        2945000510,
        1426893134,
        1081297318,
        1053737362,
        1561783497,
        2856831550,
        3694498366,
        4075130335,
        2283544909,
        2027081767,
        1065633218,
        2601379078,
        3326205704,
        177979137,
        888603362,
        930117957,
        965044605,
        598876486,
        3948338944,
        105312040,
        3088818465,
        1607062570,
        4189290834,
        2897744816,
        252058077,
        1635253878,
        3607875990,
        3922829997,
        3113838486,
        669505421,
        2197858945,
        459017911,
        3905065959,
        4223264478,
        1803483159,
        3908338788,
        4212868495,
        2658268915,
        172890923,
        36323621,
        1799319216,
        1010762701,
        1332150962,
        253115151,
        1632057582,
        1677771899,
        4026322028,
        720494154,
        1383792225,
        1052227363,
        914817446,
        2432915025,
        1522109101,
        2244300482,
        3907524586,
        1715651047,
        2144159420,
        2683974088,
        3037381003,
        101081970,
        3158964072,
        3546790103,
        3408094383,
        1171874713,
        3679168984,
        1783515776,
        172543645,
        2525199263,
        4291960600,
        4090009540,
        957289716,
        933085711,
        3869975401,
        1056688314,
        2203962998,
        597043034,
        2524062227,
        1673583591,
        3158389149,
        8951366,
        1964050362,
        1199803580,
        1113075648,
        1361973957,
        90152086,
        3758743093,
        3543029449,
        2450964971,
        1186059129,
        1048771913,
        2026799103,
        2278957910,
        323625291,
        77069784,
        1974705104,
        1143019028,
        1955389615,
        277963294,
        2360626868,
        2233061249,
        3332245502,
        4142357055,
        3886750324,
        3327399814,
        2008195157,
        592896243,
        391911004,
        1221887175,
        3359427997,
        1852523801,
        3270268307,
        1091508491,
        800716885,
        1227561326,
        3190107893,
        2954862666,
        547402920,
        3987587233,
        3274071822,
        3215201379,
        3288496943,
        408006010,
        3835059674,
        2877342596,
        823674976,
        1661681596,
        2703700802,
        1321161506,
        1842226203,
        4273877616,
        1543764237,
        3501112700,
