{
  "generation": 17,
  "fitness": 1728.3365570599613,
  "food_eaten": 23,
  "timestamp": "2024-12-11T16:05:54.872255",
  "initial_state": {
    "snake_position": {
      "x": 20,
      "y": 20
    },
    "food_position": {
      "x": 17,
      "y": 5
    },
    "random_seed": [
      3,
      [
        850167632,
        2746674978,
        1938939456,
        1360015125,
        2536465190,
        1558544370,
        3837200099,
        350084309,
        2718102541,
        2818343334,
        4003570690,
        3267903418,
        1557898995,
        2416663658,
        1154813541,
        1235568042,
        2978790308,
        3479180125,
        1871867855,
        2039815349,
        2659293472,
        121314037,
        3646281710,
        3234945540,
        660567545,
        4125062219,
        440285895,
        2976897418,
        1930907801,
        4228674094,
        4031450071,
        113814490,
        339557314,
        1677173625,
        1664055472,
        434226376,
        272785042,
        780106571,
        1744448886,
        1672326049,
        1051209155,
        2933314278,
        3088736000,
        3661690463,
        2272278012,
        3050119076,
        2983863017,
        1671907608,
        3963653983,
        3755632580,
        529893011,
        1425538326,
        2384571712,
        1579608952,
        264219064,
        3488734533,
        3876664111,
        2276173355,
        3122684197,
        2795960567,
        687657730,
        3236103931,
        3094949140,
        1576162377,
        3662018963,
        2366679963,
        972850157,
        3109111471,
        2957024498,
        925310918,
        1726169001,
        1237993965,
        608143411,
        4269851768,
        2145342562,
        725017262,
        2357879294,
        2549846957,
        2999749914,
        3282375306,
        1310695703,
        2876294513,
        2393578370,
        1842562678,
        1410655,
        1177276160,
        2465795064,
        2126989179,
        1974876445,
        21262056,
        1097574254,
        4250051869,
        1017978037,
        2209425518,
        3250042740,
        1868829176,
        1190177561,
        1478771140,
        3553145759,
        1108598537,
        1807754145,
        3175717595,
        1483717242,
        547875733,
        1739669697,
        3851645919,
        1243520451,
        2308656479,
        1286388219,
        1504375130,
        3094868665,
        1335334965,
        1630728333,
        133323477,
        2249592210,
        908669440,
        3652823630,
        1033166609,
        2492623981,
        2162038884,
        2114090667,
        4069051114,
        1659773463,
        373296794,
        2706301906,
        2623222780,
        4215682434,
        1141196659,
        1659044543,
        2254127766,
        2341147293,
        691584507,
        2131530681,
        4251170427,
        2365983649,
        3078018776,
        1692011552,
        776841039,
        4167024518,
        2436969107,
        2949483402,
        1074020308,
        3560333439,
        2140572881,
        2935349098,
        808504240,
        4171815078,
        2347388660,
        2800423726,
        139254994,
        3140561721,
        1244347105,
        2306332232,
        2529652784,
        1909515797,
        1509258277,
        3916969748,
        655816801,
        1846966888,
        406350399,
        3751543274,
        4148519709,
        339484543,
        874326885,
        698478719,
        1876758744,
        2031128003,
        2091926613,
        1127074134,
        4073939976,
        3000356914,
        601552757,
        3139147074,
        185680765,
        1024947570,
        264791730,
        780112001,
        3460940700,
        4229010183,
        384683969,
        2488131961,
        3667774895,
        2875614956,
        211864610,
        2008559772,
        3054093819,
        2538222453,
        1872716148,
        2669277500,
        813712153,
        1261690882,
        594655785,
        973508616,
        3304078902,
        2493360089,
        29724299,
        2629385803,
        1298780461,
        3840873813,
        1593388654,
        82771363,
        3731095500,
        699257583,
        4243929030,
        2156942970,
        545711727,
        3125707007,
        3973645784,
        3125442889,
        2960513237,
        784458328,
        1966042784,
        2689142726,
        223779496,
        196047411,
        175609551,
        3229051327,
        2698036283,
        3848138297,
        4128915156,
        3235551571,
        4224545738,
        441531768,
        1436387472,
        3792895925,
        1014589212,
        389109253,
        1577531109,
        4291548833,
        772560207,
        3195611552,
        1150751369,
        2499909715,
        4209711395,
        352063646,
        2668071513,
        657536017,
        2672720379,
        1872639266,
        3912890198,
        2364312517,
        174603048,
        598156381,
        2779203260,
        1783871052,
        837866858,
        1054794434,
        1275564342,
        2477103348,
        1352884211,
        2089157185,
        1215439528,
        924482150,
        262202849,
        1767403955,
        1630988407,
        2449953469,
        635943891,
        3208445803,
        1142794131,
        2578651022,
        1918412199,
        3186967516,
        151530531,
        2945305632,
        886684274,
        904520441,
        856550718,
        168575463,
        1325170106,
        1682064601,
        3552330603,
        2877035860,
        247241858,
        191788901,
        3415868101,
        3788431231,
        1115469753,
        2836589348,
        3716458188,
        958101483,
        1801295083,
        1044683736,
        728038035,
        954416711,
        3961067592,
        1165651904,
        93670674,
        3691124073,
        2415029925,
        1861121077,
        582949609,
        2311170259,
        2599668123,
        381833797,
        129659247,
        819597515,
        3191631027,
        3660469760,
        3865806460,
        3488615128,
        1464187720,
        840768901,
        2719347961,
        2507405496,
        414187631,
        190220752,
        2668782659,
        98968569,
        2970084884,
        172308976,
        3585083476,
        757831089,
        2051015942,
        3447565707,
        2934847001,
        1255532690,
        342370168,
        2460957920,
        2819003120,
        4225535859,
        3978353149,
        1708673739,
        1551798389,
        1870017927,
        3964230722,
        4215375082,
        3841287952,
        1907778569,
        1975908811,
        4283187641,
        1008992051,
        1220456969,
        3633455358,
        245325537,
        3836366446,
        242784040,
        3954579445,
        2217193989,
        4121425069,
        513361496,
        2746123262,
        3941011825,
        311612660,
        3108607148,
        2923640771,
        3565389886,
        888355705,
        1215273262,
        2844055367,
        746344525,
        4042163611,
        306513385,
        926103569,
        2145173589,
        828553588,
        3994003709,
        1429116504,
        4149099764,
        1295614777,
        4123020624,
        3877787638,
        3547585880,
        2917533802,
        3460603591,
        1444787040,
        2197776613,
        814659605,
        1368717308,
        3583943208,
        1952743937,
        614119676,
        3312821259,
        961557855,
        3277763542,
        346657525,
        2040090656,
        4086115649,
        4027292641,
        61386513,
        75456081,
        3587008882,
        3537822009,
        513673999,
        3029536199,
        1870933451,
        4157020714,
        2355462204,
        4265409360,
        1876466608,
