{
  "generation": 15,
  "fitness": 2403.560830860534,
  "food_eaten": 32,
  "timestamp": "2024-12-11T16:05:53.622102",
  "initial_state": {
    "snake_position": {
      "x": 3,
      "y": 1
    },
    "food_position": {
      "x": 7,
      "y": 2
    },
    "random_seed": [
      3,
      [
        2896812526,
        4268440615,
        364250621,
        1623882371,
        2326853737,
        2148081610,
        2654733837,
        3167899157,
        294844221,
        1434458968,
        3221078513,
        19293053,
        1096023530,
        172728881,
        967072095,
        2915316654,
        4278881065,
        1943350409,
        590133512,
        2775660710,
        1861068439,
        2154243951,
        1997267932,
        2788755696,
        2250046629,
        3499154147,
        1837593559,
        3344801796,
        2205781022,
        1256256313,
        709008385,
        1241772991,
        2559512643,
        3399430331,
        1606161654,
        1781376175,
        2949884438,
        3460060094,
        2373283529,
        272915691,
        1226912206,
        3588770915,
        1572419053,
        2396114985,
        476798951,
        1398333164,
        1875403010,
        1157469827,
        534780376,
        3950785591,
        3808344899,
        1117092236,
        2980600136,
        526533867,
        3775143321,
        3765309024,
        241211632,
        800830846,
        3569574583,
        2222206322,
        507074765,
        3725011090,
        2473041451,
        2260261531,
        2108528750,
        619178109,
        3484926188,
        1391538383,
        1837207235,
        279001781,
        1256738804,
        2170076872,
        334276423,
        297528952,
        751748247,
        3587201111,
        3448184259,
        1885256477,
        3043199401,
        480591309,
        3173880513,
        3940424518,
        286188617,
        707307163,
        1450624179,
        2898747143,
        796921381,
        2719489936,
        2143744816,
        1365682216,
        703998829,
        476089839,
        1608250922,
        456205968,
        11625886,
        3580768172,
        2271492602,
        787469933,
        1523241093,
        2802379348,
        3271566773,
        2673321636,
        2949455992,
        878523516,
        3041064764,
        1346667383,
        1489053202,
        841301027,
        1406651735,
        530220595,
        611632936,
        108699814,
        1685912161,
        2318665899,
        1265565091,
        1199886958,
        3981726433,
        3518104189,
        2652673070,
        3319989483,
        655146764,
        4217321488,
        3226147580,
        2686535409,
        3593461911,
        250553967,
        2534101128,
        918016967,
        3205059700,
        1824857623,
        3168086902,
        3005079709,
        2739769681,
        4177232579,
        106474158,
        4015749020,
        2815022746,
        2503089848,
        2762109112,
        4014637976,
        3602871608,
        2168268748,
        4222986801,
        3432701905,
        4171138538,
        860667986,
        421860084,
        2437171067,
        1523613943,
        435021795,
        2358132821,
        806141321,
        2619821252,
        3394687870,
        918620831,
        2849477756,
        3794038617,
        1924864390,
        816225432,
        2757834731,
        123737702,
        1218866144,
        3259915065,
        1802151793,
        1000719761,
        2963219059,
        333367430,
        2685060003,
        1571907208,
        1586060056,
        2750754848,
        91260457,
        3070083069,
        1409237521,
        3168524661,
        4231147276,
        3741396595,
        1309481821,
        947615032,
        3749365316,
        748061788,
        2542134408,
        3938677113,
        3738542698,
        1350769604,
        3475204390,
        4205901447,
        2896242305,
        2362971098,
        485167342,
        643339746,
        3058400619,
        1229537321,
        458298888,
        1940390650,
        1297391741,
        473483543,
        509101980,
        513622947,
        3865180656,
        252596688,
        3746104586,
        615936971,
        1922378052,
        94601972,
        2458545322,
        2754695232,
        1896527633,
        1575314937,
        2744761214,
        2977637151,
        1704958164,
        2118945419,
        2573646140,
        1817906858,
        788493460,
        4041081720,
        458070385,
        2078830147,
        1522363653,
        69722331,
        3144637765,
        2941465751,
        2579822327,
        1921287616,
        2233669230,
        696600085,
        4031107353,
        1102991988,
        2296667342,
        3984185581,
        2176677263,
        2439960415,
        2870968220,
        1281059375,
        1844224969,
        973934036,
        2979639185,
        2906113888,
        3169599825,
        4133090207,
        437301396,
        429162526,
        1861421545,
        1865347771,
        3935635386,
        733136432,
        368482136,
        1109514838,
        574131745,
        584280768,
        3483304421,
        4139806108,
        1836735527,
        1829166986,
        3104677352,
        1015002395,
        3133640356,
        3249702563,
        2695958695,
        2405696602,
        2776091853,
        2940210581,
        3257595161,
        2271545766,
        76931352,
        2781433793,
        990651442,
        2339308508,
        1407521408,
        1152398693,
        3538053052,
        2439577002,
        3510459904,
        1350208810,
        2928715386,
        431446844,
        13721404,
        47851868,
        3960568807,
        1337176415,
        3956450233,
        3909868222,
        2495632894,
        2317065677,
        614783834,
        387220176,
        4108814522,
        1082531224,
        3538772189,
        3714883937,
        3465534338,
        2599110374,
        861447241,
        3697594381,
        455669733,
        2366084055,
        1768587452,
        691312500,
        640281346,
        2805335443,
        1855579482,
        4058432769,
        2954038020,
        2551706472,
        2104601874,
        3032905480,
        2485154496,
        1173304696,
        614177789,
        769014816,
        3904894319,
        3257948667,
        4157983556,
        4157129752,
        2010227836,
        2813709728,
        3431131124,
        2405727865,
        1990305250,
        3391927165,
        270627829,
        2926560188,
        2078967676,
        575821574,
        1194417564,
        3179670933,
        2611813109,
        3655909952,
        340099609,
        3022841102,
        2532062466,
        3659208345,
        285426501,
        243801691,
        1790535104,
        2785117896,
        3400265809,
        230349165,
        1913255331,
        3358641518,
        2425285951,
        116249814,
        1856762867,
        1400855995,
        1622073767,
        585754833,
        1257753134,
        2174141555,
        2849216489,
        2155824361,
        2060843715,
        2308844500,
        2357032149,
        3364544496,
        3724095188,
        2559047412,
        777126526,
        3971765144,
        2035538646,
        3716577210,
        4270080433,
        3806289788,
        3567928473,
        3967988918,
        3739167668,
        2802357396,
        2047577145,
        1077847556,
        359420661,
        407510276,
        3774680077,
        3180161615,
        4069879266,
        4079140584,
        863616831,
        2878932956,
        1502240728,
        610248095,
        1565463851,
        2126847963,
        2904313563,
        2939188625,
        2741656334,
        878770266,
        1617475955,
        1496471193,
        80158918,
        3338253567,
        3338266782,
