{
  "generation": 83,
  "fitness": 2928.754813863928,
  "food_eaten": 39,
  "timestamp": "2024-12-11T16:07:16.728985",
  "initial_state": {
    "snake_position": {
      "x": 20,
      "y": 11
    },
    "food_position": {
      "x": 21,
      "y": 7
    },
    "random_seed": [
      3,
      [
        2731969353,
        1305453558,
        2930977128,
        731342919,
        3900074244,
        1151800741,
        3554937148,
        4025894905,
        3133477093,
        1365561684,
        3119955639,
        1356885482,
        1099817650,
        2777528633,
        1559616382,
        1923330246,
        1508406885,
        3991699050,
        2339174004,
        2761557252,
        3960897286,
        1538056140,
        4052050541,
        804481139,
        1509427673,
        2784501937,
        1532133556,
        806185279,
        1395126361,
        3703467469,
        220118359,
        442588557,
        900624220,
        1138453818,
        2609205193,
        1916012463,
        3177857245,
        428831538,
        2080605103,
        51930013,
        1721812730,
        1588499294,
        4039909158,
        144974177,
        1861016128,
        4182604740,
        1381453190,
        4244375426,
        2243645995,
        2618889010,
        3647202224,
        3792572023,
        3629908026,
        2566309307,
        572582938,
        2882933943,
        2927558987,
        3035892771,
        3892028165,
        4285915528,
        2791270819,
        2368282120,
        797816673,
        3177825591,
        478719581,
        140459428,
        1501502049,
        1218674539,
        2748433167,
        3153773495,
        2439894716,
        610006786,
        3357192618,
        2279704653,
        3486271939,
        2650578922,
        1432677999,
        4028536929,
        1050811689,
        1236580024,
        1302861262,
        3146818474,
        3360298329,
        1099935932,
        1207046097,
        2260478683,
        1329616865,
        882282815,
        2542160551,
        1275201459,
        2942522729,
        3886311441,
        2144706707,
        3637590433,
        3346257907,
        2119724266,
        2329813073,
        3991456831,
        1930690805,
        3907660236,
        380599439,
        1001088790,
        2759051967,
        2042049037,
        825689290,
        1228007709,
        3663827820,
        1523534095,
        1269671450,
        3025618804,
        2855843323,
        658878556,
        1214503030,
        12387510,
        1383344598,
        2454417566,
        1126520627,
        833370904,
        1331633943,
        2378723544,
        1744703856,
        1796590336,
        2597878498,
        3498521867,
        2167163628,
        1612386313,
        2167086324,
        620595054,
        2511154555,
        16724385,
        3172720871,
        2623722009,
        1621260044,
        2503182943,
        3470008606,
        304080199,
        1894643420,
        838879421,
        155774180,
        4056915756,
        2602023867,
        2434166089,
        1728706391,
        2607353494,
        446056539,
        3169225142,
        3023002259,
        1950160057,
        4146416395,
        4234878455,
        2019393660,
        256263684,
        1645006511,
        489482137,
        3443630695,
        2718952510,
        2233937620,
        823547572,
        3848521117,
        2226178566,
        3877191812,
        29400783,
        1075182026,
        1907208799,
        51948544,
        3131420090,
        3612634329,
        1800468326,
        2624372303,
        3518211440,
        1610501499,
        1137430124,
        368890352,
        1732482687,
        2761386341,
        3074366944,
        2102160110,
        2903410431,
        1847497570,
        1243746976,
        371832096,
        1529221659,
        3123085326,
        2138265602,
        1719793763,
        1856554096,
        2786513755,
        3191625238,
        3858849648,
        3741456786,
        2244962593,
        3459270676,
        1982086175,
        2378889465,
        1237755648,
        4114022729,
        1814609150,
        1102888702,
        1415879146,
        2731030010,
        168603139,
        1427191066,
        3937242561,
        2976882367,
        4264184798,
        601287715,
        514520085,
        2248373269,
        1275769725,
        2778430808,
        1430091019,
        591268735,
        1727055932,
        3919438331,
        1327894716,
        2611394283,
        3150137840,
        2926741736,
        2827034787,
        3452962441,
        1832183912,
        3342702158,
        972194824,
        2530919557,
        1843063981,
        353955655,
        2337878284,
        419985016,
        2111608983,
        918913053,
        91114613,
        2229037797,
        2546358081,
        1600409735,
        1431252057,
        3200989674,
        1854956551,
        932141183,
        647773438,
        2947392936,
        1636652918,
        2734810657,
        234666180,
        2409178332,
        1029160374,
        123602154,
        1814830533,
        1883762473,
        4091631445,
        4038514397,
        3252163268,
        3689163749,
        1676310059,
        3490782379,
        43363529,
        1311091940,
        1814338389,
        2457031048,
        3132430054,
        1442784925,
        504794978,
        79897502,
        2261065344,
        3749360957,
        1059162299,
        3178554936,
        2784241715,
        1611249141,
        599543931,
        3660558200,
        1378281273,
        3751806292,
        2574036320,
        4008800436,
        3760270847,
        417822132,
        2493540159,
        2884718428,
        1127992048,
        2072772696,
        1044100196,
        4248633844,
        207562289,
        2275352423,
        3929003389,
        959448084,
        2107629800,
        1025948803,
        3259744428,
        1575427872,
        2086684233,
        914040430,
        439886033,
        3977612478,
        2235035376,
        18301477,
        2391068776,
        1373055038,
        3690981985,
        3636523063,
        2123435969,
        326361784,
        1585394620,
        3632893105,
        3809310432,
        884636233,
        2650142688,
        1570562573,
        70737781,
        957437973,
        1915850780,
        3034591891,
        2281151762,
        2367707901,
        4153050026,
        3850804957,
        3450024939,
        1877059650,
        299347964,
        1734856216,
        3814821149,
        3669361231,
        1380355684,
        1135972482,
        3941970669,
        3468744383,
        175943237,
        2167764300,
        1849438253,
        2222676579,
        562068664,
        135177764,
        67974794,
        3680173488,
        1077318164,
        9006522,
        3415936633,
        3290775365,
        227638501,
        1530441210,
        336045080,
        2300247638,
        1508767301,
        2762884221,
        4120848072,
        2294125343,
        1325820965,
        1347456123,
        738148022,
        3557423536,
        3226836570,
        1219249232,
        1451091733,
        2109882825,
        687255062,
        3588284144,
        2223572161,
        507253283,
        4212910775,
        1080650613,
        1337950133,
        3014253052,
        908463434,
        545296128,
        1041274817,
        1783438980,
        2910887974,
        2585216467,
        1723866872,
        3388286577,
        1542755523,
        1725934432,
        4192933853,
        223383376,
        1374978830,
        2067048192,
        187808966,
        147920394,
        620992350,
        1327967191,
        3443766923,
        343144145,
        2135103354,
        2347714046,
        3036247732,
        2109072226,
        2935081827,
        993946640,
        2274894880,
