{
  "generation": 88,
  "fitness": 3603.9473684210525,
  "food_eaten": 48,
  "timestamp": "2024-12-11T16:07:25.786872",
  "initial_state": {
    "snake_position": {
      "x": 2,
      "y": 30
    },
    "food_position": {
      "x": 19,
      "y": 27
    },
    "random_seed": [
      3,
      [
        4024486461,
        2830372353,
        2190086003,
        3043953140,
        2945725223,
        544401764,
        2883265228,
        4172543596,
        4145493168,
        1332830922,
        1917660629,
        819471935,
        2551609819,
        2078869413,
        134194994,
        696973431,
        1675773493,
        1321369548,
        3946287120,
        3388092120,
        3499662,
        3929435630,
        1831858456,
        4068757414,
        3949957626,
        2785145384,
        2807378892,
        1591526157,
        3580974325,
        1848666973,
        3591065341,
        1235015376,
        2925499937,
        3871838507,
        1804237155,
        1886882582,
        886544386,
        2590068866,
        1830477944,
        49772453,
        1599293355,
        1394418266,
        211381831,
        1948569474,
        1403614090,
        1987248733,
        1834841437,
        714703947,
        1353157269,
        1502636176,
        4209275332,
        3525907059,
        2336409785,
        1683669805,
        1862343542,
        1643360019,
        3474861317,
        1447041416,
        3396384251,
        3530241230,
        875363179,
        2251694015,
        1375746498,
        1708816182,
        1522405457,
        2243376404,
        2445307470,
        3311795134,
        2804551712,
        1840625881,
        57553075,
        3769244632,
        4053995281,
        3608573846,
        2089920180,
        3696917605,
        1279150059,
        1390637619,
        1762634819,
        3595030866,
        3114355887,
        3430392242,
        3333755778,
        4181225826,
        2388874688,
        2812977614,
        1971775202,
        407667944,
        675586336,
        2944499429,
        597224507,
        569971710,
        1916820290,
        2407746939,
        364235716,
        305084302,
        3153204062,
        1741270939,
        3589543197,
        295531984,
        2451109256,
        617315191,
        1119539999,
        2905897395,
        444351520,
        49501982,
        2128687884,
        3237107714,
        358163357,
        2013679035,
        3184641474,
        2728876092,
        1497957280,
        1341038511,
        990473818,
        1386806395,
        2148599267,
        391245591,
        960545071,
        2639335279,
        2736186304,
        4004312978,
        3536380311,
        3596970863,
        1870783143,
        2003317189,
        2257285967,
        2953005622,
        687812043,
        1104926722,
        3033398550,
        496242299,
        4211482075,
        1593487952,
        1552690706,
        1990933679,
        523509550,
        4260981383,
        1239776571,
        4172557703,
        2238580016,
        1499704927,
        1905801451,
        4177324281,
        1424829522,
        3965442331,
        355126319,
        519826702,
        3321746825,
        474028666,
        60181444,
        1704531852,
        3628039699,
        1616604280,
        3823983212,
        35661184,
        1606525109,
        2725801575,
        3493932046,
        366861966,
        1656107642,
        331481311,
        358336259,
        1053668219,
        1283174461,
        2002104276,
        99894855,
        3562788078,
        3103389396,
        3321823551,
        153374310,
        3474170863,
        3976966817,
        3167037028,
        1660842546,
        3551413115,
        4196383266,
        2636896503,
        3734363171,
        3674839774,
        1069160939,
        2464612511,
        2610742318,
        625354071,
        1148963253,
        361691862,
        2954445705,
        2157331217,
        2652528923,
        2183506800,
        1413200615,
        3160739530,
        45516410,
        878646482,
        2696127714,
        3054460227,
        3034354295,
        1488359902,
        180168072,
        4095681064,
        4100700522,
        3917219625,
        3164775427,
        770233935,
        4060447411,
        1410449642,
        1146451869,
        2517080568,
        8170868,
        1815215741,
        3734006738,
        1324250980,
        2788880225,
        3713809950,
        1763363570,
        2846533733,
        2546785039,
        594095437,
        62205693,
        3395213758,
        3367908563,
        1062512691,
        1745033221,
        2156007763,
        66157062,
        2761660281,
        384549641,
        4219737797,
        2443518001,
        4282854655,
        2564190019,
        3633528024,
        3042370868,
        630613081,
        3622131858,
        3056774404,
        190573642,
        3590895655,
        305183426,
        3393108738,
        1568838286,
        1138093952,
        2993284571,
        2210682876,
        1368218251,
        3328880857,
        4283236839,
        1806714587,
        4252229270,
        3930751656,
        2327999767,
        1476832704,
        3934122877,
        4101529657,
        1978984169,
        2950130516,
        3264088430,
        2715612867,
        956393454,
        1730072885,
        790331129,
        1233216991,
        1775129847,
        1467536837,
        943899572,
        3246107997,
        4098183819,
        3787925954,
        673488069,
        2599183731,
        691370929,
        526549404,
        4009486477,
        1986164061,
        3383423275,
        3411985902,
        3999590195,
        236628482,
        2753773887,
        1399498054,
        3710494420,
        583589014,
        393773770,
        2217759550,
        2099976803,
        4134849348,
        3533090450,
        919393349,
        2133838205,
        2673979916,
        1213507983,
        1295176405,
        1738817593,
        1931310351,
        1694897701,
        2807226257,
        87040063,
        1669455264,
        3299996005,
        3694845804,
        4006654149,
        1747232247,
        497388464,
        4235066118,
        313272547,
        1656200765,
        250446830,
        438632443,
        4083626687,
        1957314439,
        3984273771,
        2637539039,
        2570360045,
        4276545725,
        1718047599,
        4016880510,
        553900720,
        3149846987,
        2689600291,
        1200841550,
        3778270701,
        3616920147,
        3880516547,
        3316532821,
        2558837704,
        2046541618,
        84393079,
        2537659300,
        2408715438,
        3463345490,
        3515484460,
        2590491598,
        1261341373,
        1582823349,
        2444000424,
        286132608,
        3508709567,
        2584780541,
        79055324,
        1065383447,
        4219367770,
        12698473,
        1452893219,
        2794828753,
        4003633728,
        436426522,
        2722175695,
        928574342,
        221009732,
        1532400696,
        1541379983,
        599101987,
        1492362217,
        1256681441,
        1720793709,
        2148863467,
        1344321940,
        1851102796,
        4034480618,
        922143368,
        2992531935,
        139682631,
        650990130,
        2478795723,
        2333827281,
        1927721048,
        973784064,
        573800906,
        1178911618,
        1044995904,
        3851114635,
        2726177085,
        3149916912,
        1215873095,
        1509060025,
        2913709981,
        1194955881,
        1355266840,
        101960993,
        2657853705,
        3339565950,
        779955309,
        3727847917,
        1810431302,
        1976986320,
        1361515468,
        593131109,
        2981829041,
        565767985,
        3048897420,
