{
  "generation": 57,
  "fitness": 2853.368794326241,
  "food_eaten": 38,
  "timestamp": "2024-12-11T16:06:39.206940",
  "initial_state": {
    "snake_position": {
      "x": 28,
      "y": 15
    },
    "food_position": {
      "x": 4,
      "y": 2
    },
    "random_seed": [
      3,
      [
        2206991909,
        2717500761,
        284536715,
        1350692140,
        2238503853,
        1730690096,
        2429553726,
        408995900,
        1240578903,
        2951173058,
        3116874586,
        2751635641,
        411993814,
        946464352,
        2559015935,
        3222676285,
        30312855,
        1874975694,
        3835361980,
        1057620231,
        88376574,
        3515911746,
        1351184407,
        1988901864,
        1278839183,
        1331402268,
        1083285670,
        999047199,
        3348826807,
        1460923346,
        2181862526,
        2519320233,
        836371314,
        2040861203,
        2213805481,
        4005094242,
        4162340937,
        885003429,
        3326404087,
        854394601,
        2300765460,
        3276591920,
        169882321,
        150020127,
        190434879,
        3638069143,
        3954639170,
        303371408,
        2834384230,
        4213201488,
        3399567038,
        2865377496,
        712674392,
        2269060112,
        1760368621,
        4055862819,
        2640500816,
        617242543,
        2286623915,
        1452158831,
        212123308,
        3317663419,
        2323034030,
        241736840,
        2290858765,
        1142970233,
        3879234206,
        4044068282,
        2823976138,
        1353275206,
        1562144154,
        1901359151,
        4191457434,
        2277929885,
        1726225672,
        2378413007,
        3420590267,
        2393796666,
        1573289605,
        773278757,
        3879413983,
        580776928,
        862704200,
        3134793797,
        601322317,
        1135539268,
        3498347445,
        1149914476,
        3103360027,
        1717409960,
        3619938349,
        30440892,
        1256800370,
        3842034416,
        1791519250,
        3398753437,
        1008853796,
        1112762575,
        3022871613,
        392553242,
        2686706552,
        389596121,
        250243522,
        4260630,
        1821412166,
        96192860,
        1400510494,
        1172556916,
        2172296922,
        4032331740,
        4183326516,
        3919546885,
        1951643236,
        1450273648,
        2746696278,
        4160524875,
        3298515391,
        1239221891,
        2251590307,
        362743891,
        1123758645,
        601388822,
        1780273474,
        3737770519,
        842180907,
        17820380,
        1105141954,
        110242290,
        3254316057,
        434731551,
        263298038,
        3868251592,
        2765388733,
        3853517036,
        3634936066,
        2614254360,
        2639778397,
        3371987951,
        4230723772,
        1226178424,
        3013979885,
        2632636553,
        816120522,
        2887107114,
        2027814524,
        4209044311,
        3031654347,
        287461327,
        3854296534,
        4238275505,
        3008163115,
        955826147,
        563354835,
        2938306985,
        1688987140,
        3987398233,
        1035112439,
        4146895261,
        1466072878,
        2268036330,
        1593839507,
        4157541474,
        1164809423,
        1358793184,
        2457414813,
        1612629890,
        3549608769,
        2305962128,
        3352529011,
        2524931807,
        2504243755,
        4040853246,
        2249678316,
        1705451221,
        2314786034,
        1169405048,
        4188682270,
        3223326024,
        2506903419,
        1868905248,
        1801982063,
        3981543268,
        583156953,
        2695930710,
        3431674138,
        1115913813,
        2382516937,
        2039060579,
        2131538040,
        1498881027,
        3446010894,
        972470510,
        3770497551,
        862945264,
        1785198103,
        3898444243,
        3862718149,
        1089160448,
        3642099570,
        3711968920,
        456305371,
        3924391915,
        3356441695,
        1972155030,
        795928529,
        2048803144,
        1275602794,
        639617540,
        3340286126,
        2862358718,
        1051791398,
        341237339,
        3430078245,
        1032347883,
        3681540468,
        3754853676,
        1117719105,
        1911231506,
        2256596446,
        1103438709,
        1253387146,
        3479688881,
        1255843842,
        441950046,
        3427818193,
        1969138840,
        2795790010,
        3674724599,
        780712620,
        743399712,
        3892573317,
        433506289,
        2311153697,
        1185978245,
        2004029901,
        1813813378,
        1071650812,
        846733282,
        2207154256,
        2188832227,
        2748461985,
        2092882730,
        1310396806,
        2558168618,
        3663270752,
        3911562463,
        755350436,
        1667362695,
        3198151901,
        2018413710,
        52413943,
        321661068,
        4125087015,
        1675945670,
        4145922560,
        663486477,
        3358165906,
        3560567606,
        2515755854,
        488419745,
        3958038525,
        1283018654,
        2610367750,
        4023287625,
        3311640509,
        399745392,
        2013439289,
        2040968971,
        3036162641,
        2071174044,
        2003193719,
        1522750950,
        1152336776,
        1198980530,
        4007683333,
        3889711809,
        3553289855,
        3014837520,
        2344878722,
        2657627016,
        3062655159,
        2118300576,
        3143411855,
        3874063204,
        3974488752,
        2813115300,
        1342049109,
        3974459246,
        3544697843,
        2361672015,
        352031930,
        4233000273,
        1514684866,
        3392742201,
        1261128363,
        3314425559,
        2325761501,
        4119934184,
        2813879763,
        609865819,
        121397320,
        966656944,
        4009003892,
        517286066,
        4191564922,
        3782443570,
        2911796204,
        2173379309,
        3345225595,
        4063686377,
        3542065688,
        4246223939,
        1616097135,
        330783898,
        3116613937,
        3721466511,
        1611315122,
        293555219,
        3203943571,
        2110884135,
        972900433,
        3396160218,
        1209577969,
        2127334715,
        1916422695,
        1110986527,
        1366054732,
        2064614465,
        4190154310,
        2974268094,
        4284912400,
        2550563503,
        138299761,
        2916275551,
        1111184757,
        879318834,
        3442981594,
        4236579602,
        2583810157,
        1798301562,
        1953129929,
        1266758024,
        2793706701,
        4070275243,
        2319799728,
        2024522989,
        4282415975,
        2043369607,
        16474498,
        2966776497,
        1734355047,
        2213310557,
        3840130386,
        3671987262,
        3218356262,
        3820661248,
        18832484,
        1253962512,
        3075879038,
        2239994408,
        1355683791,
        1399819662,
        2232660267,
        4159557998,
        874826494,
        2051659323,
        4185472546,
        2026543278,
        3598801265,
        3319590671,
        354969919,
        2559663247,
        328350247,
        43313791,
        2559347638,
        522630560,
        2816404454,
        1731042685,
        1949240311,
        16788435,
        1823424785,
        189585034,
        1676339354,
        2284528073,
        3952905322,
        467967297,
        4202616591,
        1502848686,
        259761178,
