{
  "generation": 43,
  "fitness": 3228.2908163265306,
  "food_eaten": 43,
  "timestamp": "2024-12-11T16:06:22.784117",
  "initial_state": {
    "snake_position": {
      "x": 17,
      "y": 16
    },
    "food_position": {
      "x": 21,
      "y": 4
    },
    "random_seed": [
      3,
      [
        401920849,
        566913198,
        358892948,
        3326674978,
        4123156827,
        1464008600,
        1899070293,
        1765907218,
        2127074674,
        2848145813,
        2904521995,
        3677989718,
        808199111,
        2067197819,
        1444824415,
        4118683473,
        3295486746,
        42381185,
        4029616341,
        3886763346,
        547474754,
        4181921865,
        3947771492,
        179566483,
        2775685232,
        2752887731,
        2545108800,
        3924968,
        118500399,
        729240885,
        4068391552,
        1601992551,
        700359606,
        3881556008,
        3554434453,
        3956034939,
        1442740653,
        1815975467,
        628226399,
        855971752,
        4265477757,
        3022557261,
        2138924866,
        965042441,
        3798124628,
        2010194500,
        498630410,
        3938869761,
        3402668030,
        3841382302,
        2568999301,
        1397225014,
        1601444311,
        2599503606,
        2352622181,
        3661230610,
        136949571,
        2244002541,
        1106039447,
        1063487076,
        1237373862,
        2396814351,
        2020619661,
        1724493880,
        1634248954,
        2583035302,
        3951966329,
        2364121248,
        1012336185,
        1551717166,
        2147425039,
        2964356917,
        2408923701,
        2481587889,
        2351329003,
        2339187940,
        3532244692,
        2995283949,
        2176870410,
        476353851,
        869656670,
        2083581563,
        1072614762,
        3801590145,
        3043284217,
        894361668,
        2850297361,
        1209006326,
        250737146,
        154020775,
        3349415921,
        1283373424,
        3263444603,
        3975487123,
        279279177,
        2951445572,
        3980386583,
        2476840975,
        533971544,
        555695464,
        3340589351,
        991251454,
        1095760400,
        3812688017,
        404074803,
        2961184847,
        3495528963,
        3888065520,
        541541147,
        3346870859,
        2031190619,
        1062804589,
        1450243237,
        2020833710,
        3583047944,
        3241387462,
        1444985708,
        218941264,
        2118621626,
        87854458,
        1558505049,
        320506138,
        2372284510,
        3381063445,
        528657562,
        3441960483,
        664463434,
        2949535276,
        940057558,
        2549643034,
        1621540238,
        1707116571,
        1809679688,
        3885624547,
        3168426842,
        1268538902,
        3250202255,
        1289321687,
        1018384186,
        3119293091,
        2684629291,
        1755373833,
        203316972,
        2093494831,
        2879750091,
        1835311493,
        1705140656,
        128377387,
        3536930546,
        2851782833,
        2668828900,
        1460442615,
        1203435982,
        3546471875,
        2640606783,
        2194307595,
        1637242668,
        1471042883,
        862880821,
        3341415465,
        515319778,
        49016117,
        1611106739,
        3324051720,
        2312497619,
        3124321538,
        2524967500,
        212466848,
        2241383039,
        1734017283,
        2381317804,
        1147004498,
        2214203185,
        3492240322,
        3645857289,
        1556630982,
        2486032568,
        1110731086,
        1689604651,
        4283960116,
        194715471,
        3123485797,
        4055218602,
        1467231183,
        3225063090,
        3295831224,
        3865215683,
        3186121900,
        4182972049,
        2513659551,
        2462762511,
        4181759088,
        817780361,
        3217667790,
        1089392138,
        759330487,
        4164720394,
        1440892842,
        3857931845,
        4195450833,
        3110973716,
        2782545599,
        141588364,
        3533260480,
        289520044,
        2955289293,
        889782634,
        524744316,
        2688680380,
        2134156353,
        2931214389,
        222029949,
        3430731262,
        1853517609,
        1874755868,
        2628185325,
        913337859,
        3256324161,
        1979735917,
        3348255608,
        605500516,
        3817238534,
        1138471897,
        893396304,
        2156535827,
        2757795956,
        972591914,
        1862603232,
        3656792486,
        3579099438,
        2935047771,
        2210658905,
        492035965,
        3010932065,
        3733505291,
        1117172804,
        2054683961,
        3494224257,
        501657720,
        1240384062,
        4270799619,
        3339791550,
        419105865,
        2677070886,
        3066155168,
        3641450777,
        2204646700,
        3899558550,
        3583506385,
        1246557201,
        997486160,
        865311564,
        3714546921,
        631999573,
        2604000122,
        2870162158,
        1217673302,
        2217572189,
        2433176115,
        2174186807,
        3470575630,
        2356419330,
        303153821,
        2846373215,
        1762618836,
        3140712006,
        929905892,
        3501694877,
        3694909706,
        783001834,
        2850919766,
        1923264946,
        95639116,
        3899168637,
        355517823,
        1417765504,
        96335891,
        839488870,
        1988783462,
        2569846771,
        3111892602,
        2265322532,
        1252343579,
        129844564,
        1257752684,
        1388511704,
        1569113750,
        2751755909,
        3778263158,
        1109290476,
        3833543121,
        2082221344,
        174801717,
        3936340295,
        392682930,
        3309817565,
        3139075902,
        1713271724,
        1741678921,
        3604582558,
        2294472643,
        3354472289,
        11255719,
        274785430,
        2946539566,
        1109365555,
        3229430478,
        3211486564,
        2386210409,
        1227687207,
        2829354982,
        889110719,
        1826447734,
        2579347137,
        3844511886,
        2415194910,
        2706798291,
        3393850680,
        700021036,
        2217753816,
        3644144173,
        2539100108,
        4246999215,
        1178720154,
        1920007007,
        122312874,
        3436395830,
        3737412903,
        780674018,
        4115830407,
        4215574940,
        2128161948,
        2335783977,
        3853405529,
        1309678200,
        4271602005,
        4233674920,
        3013439396,
        820155922,
        591422238,
        1531892378,
        3584859583,
        512065333,
        2373556058,
        3713130814,
        1713139351,
        3071897618,
        1105203241,
        2151488081,
        2559690197,
        2726010140,
        3666929984,
        1367047476,
        2711398608,
        2555918636,
        3035451211,
        2940004577,
        2171207885,
        1466545848,
        1501114421,
        4110088517,
        3444927547,
        1917885882,
        3505754349,
        3568701229,
        1219775789,
        2923668305,
        1641591639,
        3062170050,
        2542758383,
        227015884,
        357716108,
        3830436710,
        588926160,
        4184933167,
        793668791,
        3636140031,
        2456831392,
        673129016,
        2725056343,
        1580370271,
        2297908394,
        1110218078,
        2969118310,
        1952743230,
        1791312771,
        2668419226,
        755163729,
        4284094444,
