{
  "generation": 80,
  "fitness": 2478.4663865546217,
  "food_eaten": 33,
  "timestamp": "2024-12-11T16:07:11.720599",
  "initial_state": {
    "snake_position": {
      "x": 15,
      "y": 15
    },
    "food_position": {
      "x": 28,
      "y": 17
    },
    "random_seed": [
      3,
      [
        2866097941,
        2855196535,
        3947094564,
        4184868429,
        3039701884,
        3867457894,
        2615633455,
        892341261,
        1618166864,
        1335765874,
        2873175151,
        1902204315,
        3043855334,
        791835926,
        3559272208,
        1548079998,
        1659165666,
        4288618611,
        1838833819,
        2014501365,
        200744925,
        2639616160,
        3635980326,
        3617146,
        1478027877,
        1377763961,
        1539845852,
        583373024,
        1054720108,
        1123563130,
        662888933,
        295926864,
        751082685,
        166482637,
        953052368,
        190426161,
        2569517476,
        2520612788,
        628495040,
        2256731425,
        3228574831,
        3178274813,
        2947358020,
        2667460773,
        624230418,
        509414309,
        2409857773,
        2197786664,
        258418900,
        274752598,
        3867734198,
        3650734627,
        1509211241,
        46547835,
        1788297654,
        2675817377,
        1179937617,
        214622753,
        1650800217,
        1566198142,
        3425533453,
        538379370,
        1156590867,
        2384823976,
        582440898,
        3684459733,
        591978210,
        2127517841,
        3447544114,
        1893256192,
        358324377,
        189352389,
        3893848034,
        1550483242,
        508829227,
        2636733443,
        1783980852,
        4172150508,
        3245410926,
        3067441302,
        2068854989,
        66375367,
        3280331458,
        1590225312,
        3837222756,
        3979649278,
        2845401549,
        3808990753,
        3216983333,
        2338734871,
        3446117759,
        2525269693,
        604828579,
        165802165,
        3954785997,
        1323977298,
        3184126987,
        3151616694,
        1840775353,
        804712492,
        2997117467,
        174743309,
        734981476,
        3828769683,
        2918390895,
        1460968864,
        2810285089,
        3081692770,
        1708050533,
        3898243642,
        2225347811,
        3275552264,
        2788916435,
        3099336134,
        1801419929,
        2124636754,
        699464240,
        737653115,
        3753833014,
        2669009010,
        1836433303,
        667266960,
        764500514,
        3238781206,
        4041358200,
        3044081569,
        477748241,
        816831927,
        2607780103,
        979952475,
        2822807662,
        617933120,
        4085825570,
        3357524968,
        3109973695,
        3890812129,
        2874240238,
        2688870363,
        2375136868,
        711309948,
        229650655,
        4270532840,
        4245202335,
        3751420395,
        2584959802,
        458400383,
        3403915628,
        832325129,
        4208977384,
        629023254,
        530473358,
        1156650572,
        1486172455,
        2740699316,
        3289156049,
        1265738385,
        3202324445,
        535293755,
        2876242611,
        1648960381,
        4060917468,
        2075351292,
        2879248542,
        2606050666,
        800023836,
        1289735039,
        2366760625,
        387440144,
        1696160387,
        99981876,
        656742484,
        2614097744,
        1172530479,
        1527646084,
        2997491422,
        3923050071,
        1649050185,
        561557794,
        2501061073,
        2904024066,
        244172463,
        2790977955,
        3839353536,
        1857328462,
        827935930,
        625290604,
        250227034,
        2725315467,
        97672198,
        1420813619,
        3227655137,
        2142477057,
        970849998,
        2840198031,
        3521539108,
        472330737,
        912532082,
        3263828840,
        659070411,
        2407954832,
        1520109478,
        3082572180,
        2129549170,
        4278791867,
        1246370974,
        3113681064,
        22340948,
        3620743456,
        1514103617,
        2290599337,
        2443447133,
        4051476798,
        1575692980,
        2389996351,
        4067333801,
        2371892140,
        1065993882,
        9935438,
        1634356678,
        1180323095,
        251759582,
        844741606,
        151783067,
        3296853179,
        2268609518,
        2692925994,
        2305716637,
        121035430,
        1363890457,
        744283718,
        3426958410,
        3656185658,
        770636022,
        3805387924,
        199239554,
        3856242555,
        154862400,
        2029137720,
        678918421,
        3383452632,
        3640249424,
        3208320620,
        3037890537,
        1145371917,
        2943998740,
        3174612796,
        958308151,
        2159895796,
        295519127,
        2140668851,
        3754081727,
        2357571004,
        1857229019,
        3692635080,
        2854349554,
        2266028717,
        130314602,
        2578059757,
        823070005,
        2919753710,
        3697096576,
        295301478,
        3532089034,
        3119657217,
        3977822535,
        3039020463,
        1507608478,
        302580053,
        2307695486,
        1530272351,
        3114352399,
        1160841633,
        1572437682,
        2124176211,
        3382543540,
        1287602788,
        3017646140,
        4187721479,
        4115342550,
        2711345323,
        290223922,
        2407485604,
        2296204248,
        2860162983,
        28008280,
        95394814,
        2878922221,
        289718107,
        1594075751,
        3474893416,
        4156943430,
        1432561082,
        3876078677,
        2969294518,
        3749243869,
        1628860290,
        1066550661,
        92294706,
        660115691,
        3441756879,
        3531566706,
        3631221004,
        3979821783,
        2050176818,
        1754096873,
        1728709210,
        2579697579,
        1573636268,
        2973243988,
        3221398133,
        4063921193,
        2158433356,
        4010383904,
        3595240286,
        2999833764,
        4134417427,
        1370353798,
        1338488148,
        1505046632,
        514614010,
        4017442796,
        2430553983,
        2567769738,
        1800234860,
        4212963775,
        3210986615,
        3455702133,
        3886401641,
        2749297790,
        660355418,
        1054642549,
        2244085427,
        3590433352,
        2385868312,
        1246521664,
        2003409387,
        964127979,
        2679402458,
        541986961,
        954017933,
        3691457944,
        1447379844,
        575195861,
        3018174236,
        8054974,
        725714939,
        2661698535,
        683065185,
        266226237,
        3430950884,
        3202064304,
        3986275995,
        1737332091,
        676600110,
        459547530,
        20318193,
        3802009752,
        1676704016,
        2763993297,
        2313889170,
        1396915579,
        3161053678,
        610746399,
        512150190,
        3305685433,
        194774756,
        4224145134,
        2909489798,
        3879531479,
        2986056151,
        1377560274,
        740381284,
        754936525,
        4229507391,
        3302662705,
        2112541295,
        3764867761,
        1249098354,
        940815561,
        3507665823,
        2214051545,
        4265661818,
        3671915016,
        854133479,
        1636469563,
        4269295718,
        3218922576,
        2550727928,
        2728115511,
        715242761,
        843810802,
