{
  "generation": 1,
  "fitness": 154.83870967741936,
  "food_eaten": 2,
  "timestamp": "2024-12-11T16:05:48.094349",
  "initial_state": {
    "snake_position": {
      "x": 16,
      "y": -1
    },
    "food_position": {
      "x": 24,
      "y": 21
    },
    "random_seed": [
      3,
      [
        707332389,
        2419249505,
        2444601187,
        705884704,
        3659027183,
        686079706,
        2950394533,
        277532135,
        1525382522,
        4124411906,
        2150417322,
        3005806118,
        313678811,
        2392782225,
        649699053,
        1306811866,
        2759173421,
        4128313709,
        2476253259,
        2517467440,
        2409027932,
        4194172797,
        1282585952,
        1042249219,
        726318927,
        99855123,
        2886219419,
        3786630988,
        3422719644,
        1432736303,
        3664424330,
        1426479632,
        4283661537,
        368390770,
        2822531414,
        1075994974,
        4188905176,
        2019682776,
        1014506607,
        1800848684,
        1512751416,
        3498420844,
        701196398,
        1707386949,
        1564810284,
        3419635376,
        3276057471,
        103083555,
        188687032,
        552858726,
        370622046,
        1683918572,
        3710321029,
        2552624403,
        4285424358,
        2796691563,
        3208037612,
        3102162423,
        2120550829,
        1998093770,
        3840591561,
        3723815303,
        3322823012,
        685658792,
        1923677824,
        3312097414,
        2617061444,
        1021443493,
        2257867713,
        661870489,
        2540270887,
        1600454000,
        3507757109,
        2267476282,
        3168917044,
        3088094104,
        3375916710,
        2614376142,
        30440691,
        3336593823,
        2757542858,
        2934662223,
        1481745234,
        4239368586,
        3772972006,
        2466741776,
        174757004,
        2443408323,
        126455238,
        87182028,
        2050208140,
        2475111412,
        4090279909,
        2499883273,
        4134248540,
        577002875,
        391704988,
        425095014,
        1325609242,
        653333940,
        4014448885,
        1251332769,
        1557934149,
        372313644,
        2102647717,
        4249974740,
        3560878097,
        3718588501,
        3589245061,
        2253279040,
        3909820545,
        1508519760,
        3048467242,
        397147719,
        1060244039,
        1887692833,
        2700723159,
        2371824640,
        3449056085,
        783286869,
        801539590,
        3850843719,
        3017737627,
        3866477038,
        2118988125,
        502413143,
        3230690426,
        1315437701,
        4004250600,
        2886283515,
        1234101245,
        1433952528,
        3381142507,
        1125705412,
        3086460315,
        1935731895,
        3969131472,
        629141985,
        1417981223,
        268260084,
        673618948,
        715938073,
        4031900203,
        1918094454,
        2380357768,
        2302598095,
        3565999918,
        735095814,
        2685723914,
        4025787694,
        4097004475,
        4193522783,
        2781009147,
        3685561851,
        1928654034,
        2762203728,
        3889956977,
        629366013,
        2811975745,
        1524691084,
        1115885445,
        2337864297,
        219945872,
        1187667803,
        353519074,
        1288751346,
        1546439975,
        1208603873,
        351728905,
        3288580900,
        3209965275,
        3478511253,
        1581832156,
        355940058,
        3599308713,
        1899461740,
        1974958345,
        1822020050,
        1415493107,
        3592078805,
        928545341,
        2864659673,
        21022461,
        3530107893,
        3413861797,
        4072870047,
        438203512,
        1876939621,
        2679520419,
        1967575158,
        4106334005,
        439612966,
        1946496283,
        3109322108,
        1760348279,
        3615939626,
        1299797791,
        1459786333,
        2313354661,
        1030676509,
        2790726270,
        2301876164,
        1678775106,
        2278614186,
        501993204,
        705669871,
        3501644593,
        3771646683,
        1491370258,
        3231172151,
        3277083529,
        3965353118,
        2074081427,
        429581355,
        3247493122,
        2537759013,
        1578859351,
        1240840363,
        908488301,
        3304077229,
        2330716368,
        3984299333,
        705927033,
        2240843363,
        2220072972,
        2738861373,
        2847123719,
        4017034478,
        4094708357,
        2696173781,
        84418958,
        2045632342,
        1962943017,
        3636180527,
        2403627803,
        2544465476,
        2613406580,
        2278763767,
        2537743005,
        1634072333,
        3349606188,
        2893578341,
        600673677,
        777053104,
        2813933256,
        1364203770,
        1282745205,
        2451954037,
        2316329543,
        968569726,
        3164877494,
        3495294628,
        3338812762,
        2278105601,
        3621517162,
        3945235199,
        2192798208,
        792013201,
        222360716,
        1769045807,
        1535805878,
        3513428341,
        1497804040,
        4127736956,
        1992209441,
        2454751829,
        3857962509,
        997833139,
        2547503357,
        666759767,
        2834648251,
        55004888,
        1072654155,
        3097857105,
        2724339934,
        2628206145,
        3589599090,
        1173018361,
        3574131213,
        76028594,
        2845126777,
        2676053160,
        1792730589,
        1797265235,
        4238498363,
        175755052,
        2293522148,
        4141411911,
        922239617,
        4269734690,
        586811916,
        3274453370,
        611084484,
        2671557481,
        734863562,
        2607336698,
        789767314,
        1945041061,
        3461765994,
        370259521,
        805214398,
        2293707714,
        2306746721,
        3722001960,
        3999107565,
        3834247890,
        43154002,
        2194498964,
        1427137320,
        2267781026,
        1581600866,
        4028812311,
        4041577978,
        4042519004,
        1545079107,
        2427909048,
        4153255563,
        3116822224,
        404209242,
        2295358061,
        1727085995,
        3028578019,
        1147990354,
        1993253900,
        2456455215,
        1427527388,
        1344665074,
        570815002,
        114279231,
        435626626,
        3584739176,
        4157758562,
        2720313762,
        1239567284,
        2517130526,
        2386791614,
        2666610625,
        928979321,
        898474629,
        2676710635,
        1069012776,
        1614355370,
        1096230341,
        944470202,
        2918303357,
        4059343529,
        681359851,
        295849917,
        1820922152,
        981211524,
        571285176,
        3527951495,
        2535831025,
        489752609,
        4073285018,
        1079397492,
        353713921,
        1073706166,
        3898867181,
        413353959,
        746778095,
        1518066008,
        3748591132,
        2283832751,
        1825068498,
        3485386399,
        3771541175,
        3580251406,
        454468771,
        2611442514,
        1176733410,
        1396873328,
        3552179455,
        674291981,
        3875638425,
        1854325222,
        3810911336,
        1875005791,
        4204337012,
        3273383976,
        179152285,
        3274512435,
        3504434811,
        2257805186,
        2796254155,
        3561031915,
        3132332005,
        2268057235,
        532701628,
