{
  "generation": 73,
  "fitness": 2778.5395408163267,
  "food_eaten": 37,
  "timestamp": "2024-12-11T16:07:00.649765",
  "initial_state": {
    "snake_position": {
      "x": 17,
      "y": 24
    },
    "food_position": {
      "x": 7,
      "y": 4
    },
    "random_seed": [
      3,
      [
        3480111397,
        889646473,
        1417287765,
        1241416785,
        3773067236,
        1961497386,
        2818418308,
        2146130171,
        3733286928,
        1261896328,
        1484710955,
        3873560312,
        3331517018,
        638517272,
        3384498506,
        162947634,
        2822328791,
        2994203859,
        2463222315,
        1531025734,
        4291533611,
        2271661887,
        2661934112,
        2244450153,
        2608260356,
        2256185428,
        3867880766,
        376640780,
        1112811570,
        972773352,
        834387553,
        5761952,
        1771087439,
        3355189707,
        1565918984,
        4270778309,
        84980517,
        506103324,
        781022210,
        3708308302,
        1716158302,
        1546268491,
        1520013966,
        2369612096,
        4220987124,
        3014493152,
        2164411408,
        2371951844,
        1712289546,
        3823440467,
        1856082155,
        209552306,
        2295563123,
        3397557774,
        2413031458,
        3658578305,
        2689637259,
        3255776164,
        4174237781,
        1911047005,
        60862311,
        3610608437,
        1900387151,
        387136198,
        391445107,
        1786772024,
        1092118336,
        2014319625,
        409575435,
        2768608587,
        1497929515,
        2849131109,
        1679632031,
        662180466,
        1662348790,
        3425287891,
        3027962759,
        3115164665,
        3729306027,
        2504179121,
        2960203300,
        932422208,
        2790294897,
        2784609229,
        3063186993,
        1663745947,
        1591559437,
        3330551867,
        582316397,
        1769054297,
        4084534929,
        751067729,
        1525858569,
        796183819,
        2872296377,
        1920158358,
        2096567096,
        1213358302,
        457666832,
        2443423710,
        1227687249,
        4109552157,
        1827627911,
        2864483658,
        922221930,
        783091674,
        1853297588,
        3772086181,
        3223165049,
        772847992,
        3863210661,
        4055730125,
        1807741792,
        1230962572,
        3714987775,
        2185684679,
        1273116429,
        2150831334,
        2216659414,
        1390627756,
        3570503185,
        678743137,
        2453591885,
        1852762242,
        158843119,
        2740858679,
        1584351536,
        682294810,
        3192928694,
        3655017669,
        3211768101,
        3577398292,
        2877017245,
        3991474570,
        72624276,
        1888348442,
        2255407011,
        2173944026,
        1650221964,
        1751837163,
        112219406,
        1086617576,
        1935604713,
        2437087050,
        3958537235,
        2873029118,
        4173612088,
        3758941074,
        2098291580,
        2113850107,
        4123804749,
        155133614,
        1243129534,
        649214916,
        2645905630,
        2128363635,
        103401083,
        3934712331,
        2549277185,
        804226410,
        148285646,
        637267846,
        3730725477,
        1058897166,
        4180879540,
        1889307445,
        203098044,
        9130814,
        2277723364,
        157067237,
        2702988624,
        2886410979,
        473468354,
        870715916,
        3396763236,
        3745759842,
        1799342166,
        287145490,
        108990324,
        3237318631,
        117073034,
        3514008223,
        1783544567,
        2768227803,
        1799019558,
        3594209597,
        2399300550,
        1786237377,
        3962336519,
        4169897533,
        4027703419,
        4080168891,
        3580587825,
        1980246404,
        3795981749,
        2495331961,
        1793584990,
        3895366172,
        573121997,
        1281652263,
        2033182473,
        701021986,
        3810832270,
        1881131803,
        33458469,
        3213046180,
        2753230771,
        2015151528,
        836289535,
        1808047338,
        348882328,
        1034665571,
        657802848,
        2811802990,
        2137792202,
        1232849359,
        1603673853,
        1281102616,
        983550080,
        2184794349,
        2407341359,
        4027455049,
        3558321664,
        2884585257,
        2564622726,
        4028586498,
        3441138327,
        2050321432,
        1585568522,
        3883737199,
        1883903750,
        1998524437,
        2751131400,
        1430273719,
        2378850878,
        4230367882,
        2573691609,
        1820782552,
        2091018528,
        4153384689,
        3922529657,
        1576857891,
        4064428081,
        2100451399,
        394071320,
        1749868693,
        3683540604,
        1082626519,
        1058311326,
        743130044,
        3831292516,
        3741149363,
        164904397,
        2155776353,
        367893668,
        957348077,
        3260898753,
        3769948684,
        3051831544,
        649643621,
        3140139486,
        3765457417,
        2956079008,
        798993448,
        2199549275,
        359968090,
        3500838320,
        3062665783,
        1088476863,
        4205474999,
        67199184,
        662905841,
        1095715480,
        602626750,
        2507065986,
        464239429,
        2059864160,
        583724374,
        775052556,
        2122550262,
        588089324,
        564390896,
        1237421024,
        508553750,
        2648415640,
        3733451343,
        1505443146,
        2037923624,
        1841068701,
        2558282022,
        4272526666,
        3723780942,
        498726542,
        2494054699,
        2151315591,
        4188098157,
        3032221394,
        2148236640,
        1374332983,
        462951576,
        4042219292,
        1814293776,
        2730852556,
        1679120972,
        2013909942,
        1290105433,
        2034757213,
        1242004926,
        1479448747,
        2571813686,
        3448619018,
        2342268557,
        624987393,
        519646360,
        4006135857,
        331377179,
        1028328349,
        2701123983,
        3293451823,
        2114793576,
        2025907276,
        1812143666,
        319556493,
        1919571024,
        1317220416,
        2510675228,
        1929215001,
        3975314284,
        3171233312,
        4108463900,
        2496590013,
        1954193538,
        2249810990,
        3506349478,
        1384828881,
        1582480780,
        4001196791,
        1477962441,
        312624071,
        4059251866,
        1021358730,
        3903507095,
        1622145616,
        549108758,
        1269022224,
        1296667956,
        2563771741,
        3534180199,
        4073151755,
        4225768794,
        2472612178,
        3395215027,
        406032646,
        2427317319,
        2971271009,
        620467300,
        1647171217,
        681030002,
        1610659220,
        3669886131,
        2146032107,
        3610271344,
        3980466794,
        172076963,
        1203404573,
        1697944179,
        335545405,
        2111355269,
        2478593102,
        707418039,
        4281347199,
        2156038110,
        2712618696,
        1757654327,
        3099098711,
        2288242308,
        1793785755,
        2912852803,
        133184220,
        1004137068,
        3103349620,
        2339349417,
        4234722315,
        2625837911,
        229676707,
        1043174240,
        1168866292,
        1102835761,
        766755675,
