{
  "generation": 97,
  "fitness": 3303.8194444444443,
  "food_eaten": 44,
  "timestamp": "2024-12-11T16:07:41.075171",
  "initial_state": {
    "snake_position": {
      "x": 5,
      "y": 8
    },
    "food_position": {
      "x": 3,
      "y": 18
    },
    "random_seed": [
      3,
      [
        514325285,
        3208963359,
        2390934591,
        2957059125,
        906943467,
        3614999172,
        1520614992,
        3263846749,
        1567356945,
        1324980095,
        1532361411,
        331788616,
        316186511,
        1523846202,
        3576871552,
        2527884900,
        2406219179,
        1238288111,
        522662245,
        2219146380,
        1845487703,
        2878943446,
        2658703875,
        1105118815,
        3197412139,
        1483598172,
        2380327925,
        4182281945,
        3473764354,
        2156246992,
        2844711363,
        1797657360,
        2909068656,
        882932067,
        1614576073,
        3524723617,
        1149665700,
        2644685205,
        4256123613,
        2975125908,
        4123380505,
        1197271030,
        3695596927,
        758495277,
        2147959277,
        265864660,
        1078931040,
        2786520251,
        980868873,
        2205402335,
        3462669483,
        3585633741,
        850100152,
        3144236646,
        3635635372,
        2053952938,
        551432499,
        1206942738,
        137954153,
        2217277994,
        3358102767,
        3704456221,
        3387790589,
        2849840765,
        1841070687,
        1399201890,
        2130555968,
        3124846239,
        4268341616,
        3349570013,
        3131769494,
        50437328,
        845762381,
        2973898224,
        3392934112,
        1708262218,
        3450757501,
        1854373372,
        3430475850,
        1277387767,
        3999854570,
        1693972682,
        3097633611,
        3301095025,
        1024564998,
        2145095497,
        3421537112,
        183347337,
        838096303,
        1271202269,
        378688698,
        2245046142,
        916038001,
        531813027,
        1217285288,
        132719598,
        3977000950,
        1041490052,
        1021574232,
        1053726656,
        2289284993,
        430587343,
        3818649588,
        950209428,
        1590584776,
        3165057830,
        105063942,
        2234001607,
        762070168,
        3243091742,
        3730161169,
        2523848959,
        4291550500,
        3511834221,
        3564981284,
        3608174878,
        2811599430,
        1926813281,
        4197273658,
        3003072193,
        2587913972,
        28562511,
        3799827732,
        2514984039,
        659217061,
        3805684746,
        1865823403,
        3222324162,
        2195298415,
        879776894,
        813201905,
        4055500427,
        558626087,
        3299404151,
        1499174033,
        653157183,
        3623512033,
        999146338,
        3663297305,
        3743915229,
        2471913676,
        637495309,
        4245044103,
        3960252556,
        2964608397,
        3408333699,
        1529887225,
        1481156546,
        475674833,
        4055789183,
        2928705210,
        809377364,
        168336133,
        1315578909,
        15598671,
        773566077,
        3994233571,
        2703238331,
        3681126752,
        114781075,
        1269476825,
        2162959248,
        2455853028,
        175130640,
        780911536,
        3666442802,
        2910216140,
        1924729157,
        4051830539,
        3015170850,
        999706944,
        1369338866,
        1383909417,
        4092675849,
        997616160,
        4121356023,
        466217895,
        1194600987,
        2126710019,
        675937950,
        1493826210,
        4187295915,
        3562739075,
        3370656738,
        146546600,
        2694127977,
        3654706210,
        1817782538,
        3832427756,
        3074222371,
        3970092468,
        1945794737,
        419170195,
        2261949034,
        756838123,
        1513761774,
        2777931528,
        4181122300,
        507639143,
        3914216819,
        4136720698,
        2678491774,
        780741124,
        2499743262,
        1296388521,
        3238503107,
        2494280484,
        2370970075,
        1711881071,
        2893553552,
        2931581777,
        1035877009,
        3571131485,
        4261776541,
        1515095039,
        2423185397,
        3892391033,
        1977412078,
        2060611624,
        1274259770,
        1802540168,
        1725297330,
        2475656162,
        3441680716,
        2301528835,
        55163262,
        46419926,
        665049136,
        283862969,
        2647349594,
        664572669,
        20942574,
        1583764641,
        2846115212,
        741761002,
        1209361076,
        3516533631,
        1833937406,
        3593392643,
        1252858303,
        4190896699,
        2067605204,
        2076209641,
        3581190359,
        1829044600,
        1925107304,
        755995787,
        65524139,
        1172269479,
        1684298515,
        2777126973,
        697956813,
        438419674,
        671600118,
        2926096851,
        1300832886,
        1274546480,
        1308117169,
        2875344942,
        3003396492,
        4249540352,
        2520184384,
        1154320494,
        3584459239,
        559770714,
        3799491481,
        3193617581,
        3095289294,
        2579602741,
        2661517940,
        4135111384,
        525131762,
        2280018415,
        1554359864,
        2454085484,
        267424402,
        3164732357,
        1181541653,
        1939162380,
        2733275960,
        3529269994,
        2264447333,
        2841853338,
        69560029,
        1787842624,
        943620899,
        3124742563,
        1391381804,
        3186925634,
        1867194018,
        3236995278,
        4258112598,
        3517549941,
        3628789495,
        577620208,
        3342887770,
        1470584147,
        3939486474,
        1146325207,
        1203512296,
        2463682616,
        2039563918,
        644505080,
        2655383395,
        4035431884,
        1909361946,
        2521269270,
        2347464719,
        212231319,
        3900571851,
        1841652406,
        2768850977,
        2728352211,
        982102247,
        2657241279,
        242770723,
        1669842222,
        616953979,
        4024109190,
        194753172,
        1462946394,
        4021366094,
        2116270026,
        958443570,
        1148298671,
        280264507,
        1928701265,
        2882858199,
        3349742336,
        834664940,
        4019125557,
        721177061,
        72846054,
        3472702544,
        3616641451,
        4042699337,
        128748462,
        38472820,
        1841280236,
        3063849899,
        514254680,
        3340720381,
        3093206242,
        1431602945,
        4196936302,
        2443842168,
        2315052896,
        3687406320,
        3387081511,
        712330407,
        4249614015,
        150063458,
        204337657,
        1616367784,
        2218565048,
        83466546,
        393916335,
        2622949856,
        4141083526,
        368124513,
        1888033458,
        3365673777,
        3001731659,
        4006684790,
        3242397642,
        1709294266,
        4279834215,
        3106489879,
        3832429297,
        2463244458,
        2125755245,
        3330345657,
        607864304,
        1883187526,
        2847086892,
        2408107772,
        2788086710,
        2631678931,
        687906824,
        956310062,
        3167515447,
        3411146542,
        510205355,
        3026087365,
        509844556,
        345087391,
        1570344589,
        3407272549,
        1176079247,
        2013844365,
