{
  "generation": 94,
  "fitness": 2853.2947976878613,
  "food_eaten": 38,
  "timestamp": "2024-12-11T16:07:35.868787",
  "initial_state": {
    "snake_position": {
      "x": 13,
      "y": 10
    },
    "food_position": {
      "x": 15,
      "y": 0
    },
    "random_seed": [
      3,
      [
        3000370486,
        2842002294,
        1820582131,
        1842922310,
        766950265,
        2771609091,
        2565049709,
        612094368,
        4045930553,
        594397677,
        3697206966,
        1375844276,
        374766430,
        1803789012,
        2788422357,
        3022248915,
        2438519680,
        1583096008,
        623180129,
        2184341331,
        3455336219,
        3824783385,
        3725484071,
        3825160950,
        4130958856,
        1389212766,
        2352561072,
        1195282782,
        3727336078,
        2184840535,
        3811189501,
        895016876,
        3580292186,
        2283825353,
        1099666929,
        3899880162,
        428457063,
        3566271491,
        2335560833,
        504222894,
        3479483246,
        3651210999,
        1675850789,
        4126302006,
        1418023173,
        2795189404,
        1631725040,
        1411180045,
        1599188381,
        2447556302,
        1965178391,
        1079128765,
        3373502171,
        2713567415,
        3055602015,
        4035953079,
        3157090280,
        2693843501,
        2535850516,
        3759706125,
        1148577363,
        76640918,
        4120231868,
        1793552471,
        3078754060,
        2963530124,
        2921298657,
        2448689770,
        2711671157,
        1946656709,
        2056554143,
        127875574,
        2767899257,
        1672744425,
        2857177938,
        3323460296,
        2163739394,
        297427591,
        2432847420,
        321753319,
        813429697,
        4277960329,
        1807176215,
        1146323195,
        2638481366,
        1983422667,
        2055339391,
        1831529315,
        4168645087,
        3689806679,
        3246045445,
        4252514284,
        1687196373,
        2064310412,
        1506380606,
        410629640,
        530738238,
        3393677399,
        2987697741,
        655792552,
        1926258678,
        2343905437,
        2547144849,
        2206355140,
        4079258460,
        4027817906,
        2235430036,
        3710661452,
        2930347383,
        1086414446,
        1228954168,
        905665288,
        460422480,
        1850185783,
        2868822832,
        566086296,
        3521539605,
        3792116009,
        2248720154,
        734473539,
        1808890190,
        1264904059,
        289346585,
        776774702,
        1177196281,
        3003698401,
        3095508331,
        2968317904,
        1618335389,
        834895046,
        2658937423,
        603116816,
        1055432414,
        3247421734,
        3894619050,
        905298339,
        2467504767,
        807277527,
        3037224295,
        1708329344,
        3648845091,
        959541988,
        3192753178,
        1032810694,
        2374212273,
        3031967328,
        1004190120,
        1025139969,
        3637253018,
        2848049271,
        1237311943,
        1886395925,
        2574726197,
        2313254809,
        2376781786,
        1267955285,
        761789931,
        3835288655,
        786593317,
        4127551776,
        1976812966,
        1180775102,
        140487680,
        635410078,
        861652804,
        451899735,
        4167104622,
        2962417287,
        3395082045,
        3488826687,
        4167256161,
        689102097,
        3635858620,
        1696532445,
        1826852300,
        1424958585,
        2049329880,
        2722997886,
        1369953511,
        2852205038,
        465658009,
        1432459090,
        1440772677,
        3538306439,
        1645929288,
        1020362775,
        2388249295,
        1794793186,
        1085974242,
        3278716106,
        1757778842,
        293677075,
        865799410,
        1174996729,
        2509191249,
        3553850282,
        1805662382,
        3093912839,
        3810491904,
        2658452741,
        2221913088,
        3586585166,
        1297568080,
        1159516375,
        418402764,
        2538608091,
        4290337191,
        3729134932,
        1851887363,
        124500507,
        3055215853,
        776235786,
        4222610443,
        2897381549,
        2346475733,
        4093245694,
        872707074,
        2210151701,
        3261304452,
        544832883,
        1873863027,
        3308766093,
        2048721687,
        2259475790,
        3691364268,
        1567989371,
        3555444872,
        506030908,
        814013851,
        2136013850,
        2218886927,
        3732698248,
        4196857839,
        1123025580,
        1455978471,
        755027621,
        3021395311,
        3365598113,
        2636305970,
        4203131334,
        1270487839,
        2661853643,
        1294714190,
        1213391562,
        2954059310,
        3978346613,
        2255532800,
        3785752914,
        462195749,
        4256241561,
        3349219096,
        2786138151,
        51889265,
        69119951,
        4219683389,
        2163839096,
        1842735913,
        170708323,
        2651102791,
        1289398392,
        767262137,
        296103263,
        1769853062,
        164335480,
        247659038,
        900690902,
        2859042009,
        1306413897,
        3001176350,
        787230307,
        3769804725,
        1206021598,
        715800681,
        428691368,
        4166021567,
        3147139047,
        4130874846,
        3498583912,
        1667778561,
        1567940990,
        3378773704,
        1845755223,
        3179992563,
        2489317150,
        12883601,
        492056525,
        3831621308,
        3896102399,
        4092060608,
        1029947802,
        4053226431,
        477888978,
        3590959809,
        223867207,
        2384782056,
        1124906146,
        2696167362,
        3656289378,
        2442091014,
        4029894441,
        2254911343,
        303960025,
        2088456780,
        3864258247,
        1194637546,
        1607063176,
        2766447781,
        3922660952,
        189392368,
        1547530946,
        1974826911,
        3098183204,
        4237856149,
        1105383699,
        660191517,
        3226866354,
        2431704446,
        777056638,
        4144884662,
        1528111758,
        2827918911,
        3946881061,
        468062134,
        3173616141,
        76960776,
        2481775748,
        2867842870,
        3255145846,
        3250143625,
        3200611543,
        2531361763,
        2511432969,
        3601943783,
        3356657032,
        408501592,
        2242527859,
        2817736241,
        3902625128,
        91763678,
        382434302,
        1423924289,
        1851498106,
        4228828606,
        3193609597,
        3642974708,
        3465200430,
        392614288,
        134215245,
        4186965713,
        1156884794,
        1564335743,
        2552492399,
        4288846540,
        503743862,
        2771166502,
        558620165,
        815441383,
        645189744,
        4283740647,
        1808617391,
        1910475045,
        3714669400,
        3755354331,
        3142003371,
        2377448459,
        736786870,
        383184152,
        4189128530,
        671266228,
        3260236757,
        4095256838,
        3114241553,
        2567754572,
        2295272762,
        2589303199,
        1996155938,
        3223466372,
        3687908722,
        1798480544,
        3964031923,
        871046058,
        92595299,
        2376921817,
        761684897,
        1916429106,
        3612142808,
        402195668,
        3738819811,
        3076394886,
