{
  "generation": 98,
  "fitness": 3228.4902597402597,
  "food_eaten": 43,
  "timestamp": "2024-12-11T16:07:42.904957",
  "initial_state": {
    "snake_position": {
      "x": 8,
      "y": 26
    },
    "food_position": {
      "x": 17,
      "y": 12
    },
    "random_seed": [
      3,
      [
        1709473248,
        615270829,
        345070877,
        406390183,
        1368189975,
        1805005020,
        3404993349,
        245131431,
        3919759385,
        3997474363,
        2824942993,
        3096370723,
        2466920298,
        881593297,
        1748743894,
        2058313319,
        140956318,
        1903062206,
        2233477967,
        97241734,
        4148738695,
        664984147,
        2341570690,
        3236413419,
        1376880853,
        2621905584,
        2932925017,
        2291936187,
        276094826,
        179454151,
        3809176812,
        1683227708,
        2685301991,
        3689112708,
        3466715713,
        3106400359,
        2322823319,
        266806386,
        2916833739,
        1996068625,
        3537130478,
        1870688444,
        146612497,
        4287695689,
        892448146,
        696495901,
        474651810,
        2600036788,
        1297086122,
        1516442812,
        1607390459,
        3837403450,
        136879320,
        3620907337,
        2527673226,
        2083231761,
        3728307979,
        2498658738,
        47507005,
        3694538748,
        3021539248,
        1416031936,
        2393067085,
        3079244127,
        301180036,
        1876722560,
        154728489,
        4205312220,
        2589058842,
        3006064753,
        3347214131,
        3855700727,
        2174802993,
        4283110269,
        762594325,
        803189010,
        316582002,
        99565549,
        2094900396,
        431718375,
        3269147961,
        1714134870,
        1129121566,
        4238647990,
        3252730815,
        1203208784,
        2883402327,
        1818992420,
        3313204804,
        1576371591,
        1347293971,
        3934682229,
        2894942728,
        82414983,
        815380343,
        1362006217,
        954429519,
        3696816209,
        2796079481,
        3306601804,
        3577211620,
        542504698,
        1203520979,
        3015201868,
        3418085338,
        1654682659,
        844965219,
        3176409708,
        770020196,
        3687800323,
        1257264056,
        481792566,
        2359438932,
        1760158152,
        1685057536,
        3878243854,
        999926803,
        3209962144,
        4172449289,
        3735414192,
        2912953937,
        4106865192,
        1253667741,
        1268674231,
        3407430775,
        4025979525,
        3239001847,
        3296325229,
        40899407,
        3633641442,
        999644691,
        2621350646,
        3881675210,
        2910483189,
        1162614421,
        3726957042,
        1730688793,
        812422424,
        629935466,
        1216004638,
        1701211313,
        2550698094,
        3368275151,
        329510305,
        3823443781,
        1935280720,
        2631588852,
        3803071361,
        3655463269,
        665036547,
        528226817,
        3859673714,
        2689528474,
        2610556210,
        1675019707,
        2315204316,
        1229632410,
        4030944865,
        4005210398,
        320730308,
        1183039907,
        3941430068,
        3829558365,
        3041465317,
        1554876805,
        3112961986,
        3048878874,
        2576057848,
        3375368148,
        1656683589,
        1730881528,
        116907162,
        3692949711,
        992017408,
        277895655,
        1717987435,
        3765083188,
        682796470,
        974676686,
        1270756927,
        3162938136,
        678643648,
        1485529847,
        188006940,
        2133957833,
        1798247348,
        3430956176,
        4088415630,
        1858941200,
        1152837656,
        3601196459,
        1990865673,
        2820747081,
        3911695914,
        2818339638,
        3672978243,
        1225717723,
        464362626,
        2000725253,
        3599057627,
        176892065,
        3159603850,
        1999244886,
        3579376863,
        733701958,
        4095527182,
        3977953681,
        1957649525,
        1069059312,
        1875165696,
        2992902573,
        3264981908,
        462355478,
        1851607861,
        2538734692,
        2938460919,
        2663535273,
        3194673940,
        1510676317,
        1516704294,
        2067252321,
        3418951170,
        4045929659,
        4101721500,
        259363196,
        3108734925,
        1440715095,
        1500511727,
        349067204,
        3991379706,
        3063019100,
        1126675727,
        528503103,
        1551589155,
        3927612587,
        2778923266,
        887455179,
        4190936230,
        1491662685,
        2881229807,
        3255224129,
        660406673,
        2908412018,
        1369249355,
        3150053892,
        2041345341,
        3671775885,
        254477565,
        2306722328,
        4141854389,
        898037,
        2006214701,
        2678490603,
        2985503956,
        3155854726,
        4292607487,
        1808082668,
        1556207057,
        2586524274,
        3511871722,
        1787452357,
        1860276208,
        1100991570,
        2294696823,
        4094421190,
        237801768,
        3425663474,
        1510388046,
        975877661,
        637156889,
        2219323114,
        1477649632,
        3272441477,
        1201068148,
        3906080936,
        2378255462,
        2254126375,
        3731152988,
        3656754219,
        1515518575,
        804319089,
        1181942791,
        769312003,
        4275050201,
        463941548,
        3689629518,
        76309007,
        983544034,
        2829688637,
        833240443,
        1397015750,
        2827989968,
        1843690372,
        15144833,
        3766785120,
        3548058516,
        3449797987,
        2705366219,
        2912382374,
        1216859971,
        3244815532,
        3123201359,
        244718260,
        176150853,
        1551034033,
        4178821831,
        673364226,
        2246458625,
        742892420,
        2574637794,
        3532217059,
        164803188,
        4182778380,
        1510325295,
        3518988903,
        2850901631,
        2064790472,
        3374688031,
        1668723956,
        3013761116,
        1577321566,
        3504441279,
        1383152063,
        3288363959,
        2125474300,
        1833905810,
        3050739224,
        498490432,
        1000440357,
        3839209603,
        4169614554,
        221202226,
        4234781325,
        1080183644,
        3202369730,
        2051308433,
        4074195308,
        2709601293,
        2343552624,
        2057498671,
        649503677,
        3764418911,
        2398443568,
        308051221,
        1727183190,
        2329563563,
        132699229,
        421578229,
        4263543307,
        3012359552,
        2369996429,
        1632622795,
        1663759208,
        838803005,
        2263531457,
        494510742,
        1883208423,
        3207415766,
        1101664748,
        1443846476,
        1922079683,
        3241110821,
        1763483184,
        3818422209,
        2855077988,
        50271617,
        3251515930,
        1880948843,
        1396186531,
        2283928354,
        1592194672,
        730297674,
        1947428097,
        2452546871,
        3297341245,
        3878594444,
        1341794672,
        2710724872,
        3558234670,
        126157511,
        3572825432,
        4209961230,
        120970251,
        3561027293,
        3960220886,
        641571736,
        3064786710,
        140428907,
        27569964,
        1978373360,
