{
  "generation": 0,
  "fitness": 153.84615384615384,
  "food_eaten": 2,
  "timestamp": "2024-12-11T16:05:47.629006",
  "initial_state": {
    "snake_position": {
      "x": 20,
      "y": 28
    },
    "food_position": {
      "x": 16,
      "y": 26
    },
    "random_seed": [
      3,
      [
        2076301858,
        192169941,
        1325656707,
        2709861019,
        1825528258,
        569977988,
        215572756,
        3562787998,
        1898992670,
        3021265615,
        1453072393,
        576712174,
        4145807854,
        3788718644,
        544605546,
        1894621718,
        4109659203,
        2133420907,
        3071860278,
        856022975,
        2106000353,
        1993172072,
        2131331781,
        922822237,
        2344549295,
        4234540958,
        2177326576,
        1781467387,
        4041880371,
        1954441595,
        636348930,
        4249266608,
        2260847320,
        615400809,
        4249595219,
        3369524394,
        1301484174,
        2820729220,
        3287536347,
        2576177642,
        574998908,
        1021304356,
        690238511,
        3652665854,
        2209058759,
        3330786546,
        1097520372,
        945198548,
        3272941801,
        199476157,
        2931705975,
        3685270816,
        3876835110,
        4278911046,
        4209440351,
        56126407,
        3925092052,
        3028951015,
        2267600176,
        1504965095,
        1209836863,
        3162053953,
        791379444,
        2536388420,
        4243561546,
        3177303672,
        1695118633,
        2727614732,
        3260687005,
        1824615286,
        2841864225,
        1135957022,
        645290199,
        2599562756,
        4183469446,
        1020585182,
        2073943641,
        673833904,
        2694678435,
        1942989705,
        1562180669,
        3416304388,
        1739530152,
        660940275,
        604666003,
        367555991,
        3364056571,
        880642849,
        2075864208,
        1437720106,
        2127313750,
        2762127426,
        2040211735,
        3422448800,
        2512704764,
        4034078038,
        3185018977,
        2550306264,
        375927621,
        262857958,
        2930605330,
        4265234945,
        3320026136,
        3564488827,
        2802755019,
        4277336055,
        1424286637,
        887907857,
        24857325,
        1233662177,
        1713809033,
        1483498982,
        2233430828,
        3679667923,
        4293898943,
        933218904,
        2053934429,
        585559497,
        1098069426,
        361001116,
        2128949134,
        1078401653,
        2807419802,
        529681827,
        2107767295,
        3154698533,
        1499489532,
        712965128,
        1840223043,
        1298942435,
        654396673,
        320839454,
        14036667,
        3463986086,
        241745068,
        2611952524,
        818269942,
        886203352,
        2346893916,
        3012714380,
        2654968934,
        4210112169,
        2121592486,
        3585813926,
        1041279383,
        1128805056,
        2168222637,
        1936260114,
        394292555,
        3154118498,
        569047524,
        465481879,
        939188101,
        1169282169,
        548463077,
        3570186653,
        2153642341,
        4069162514,
        1420143380,
        1738900468,
        3235160509,
        534682260,
        171167694,
        193607677,
        2607747923,
        2916141787,
        1037378986,
        3394598825,
        19665339,
        3146767933,
        4280054786,
        1615106429,
        2552122517,
        2667180971,
        998923828,
        3752618532,
        3568668097,
        4264044714,
        2957724520,
        1678649265,
        3413089878,
        4229927155,
        2171308133,
        1670719127,
        3407477024,
        2364276879,
        2760717887,
        4011782306,
        1016663483,
        2499020550,
        3116855356,
        1196603260,
        4102219659,
        608115972,
        3518915069,
        2220664862,
        3806520407,
        1575037330,
        955200243,
        2768569941,
        1143757999,
        3538798260,
        1101497795,
        4145570469,
        3366866885,
        2194408010,
        2261128739,
        3148813081,
        3833458324,
        2684103971,
        176404047,
        987659730,
        3291037934,
        3292888073,
        1867723085,
        4239861915,
        1029908086,
        2313767469,
        4097540589,
        770650157,
        3871099797,
        3193660479,
        3998143779,
        4171750935,
        1460919431,
        2417126838,
        124375214,
        4277133207,
        3970269014,
        2000866910,
        1410873439,
        2121115304,
        1533444876,
        2807221568,
        3694485556,
        1370266567,
        4099264886,
        2603918200,
        357559731,
        2975905378,
        4113376276,
        3911944081,
        611452936,
        3451329466,
        3643137777,
        3844467256,
        253264085,
        2023091381,
        1113816986,
        1263560448,
        3939598986,
        1225371924,
        3991981107,
        2904882985,
        1559181007,
        850030440,
        748235255,
        1470805884,
        240249779,
        2144279080,
        669846896,
        1014293397,
        1692623906,
        3575663312,
        847215500,
        266844434,
        974146765,
        1787376033,
        1556314093,
        1906833072,
        398426152,
        434427147,
        650193683,
        1667429392,
        1405444798,
        4180230622,
        2462585448,
        3501420342,
        2923081299,
        4095416058,
        1901775885,
        905642276,
        2550888371,
        4262994253,
        4136826371,
        2054294644,
        3800723780,
        246524849,
        1358773779,
        3866083394,
        3595723899,
        1375179279,
        3756585939,
        1922527707,
        2323233139,
        3633284232,
        3663709141,
        2341003158,
        2229459910,
        3407207388,
        1403111994,
        859352591,
        346668590,
        249314283,
        993520682,
        133717330,
        465800097,
        319252257,
        1025606506,
        2829147175,
        354093644,
        3058501538,
        1376720386,
        564110705,
        1453069131,
        4264403779,
        1380605210,
        459261825,
        566391394,
        4158407197,
        3706102501,
        2821996260,
        2655173551,
        3645080503,
        31965751,
        3820589038,
        1520264361,
        3797127603,
        950360245,
        1533704749,
        3673462158,
        3294955196,
        2051078867,
        634598263,
        2356159861,
        1758824738,
        643988026,
        1682337381,
        972094083,
        3531952070,
        3817759102,
        555220400,
        2860746432,
        1325871830,
        1484902064,
        894129687,
        574244404,
        3421583264,
        3887294491,
        4072414753,
        3775676719,
        3438113887,
        333585660,
        908864920,
        3269073583,
        152164069,
        3636952753,
        2042202121,
        229387036,
        1153972049,
        2048507215,
        2934298761,
        4192937232,
        1737475620,
        3343286896,
        2789747923,
        4275062800,
        3267270978,
        522268006,
        2701070102,
        525175165,
        2936204083,
        4065877685,
        3312633288,
        1347567735,
        1837905749,
        178876818,
        512587143,
        3572536537,
        2466541168,
        1567496911,
        4217632366,
        1351508719,
        2857538212,
        23012386,
        1100828808,
        1939236874,
        2961413858,
        917124884,
        4214221922,
