{
  "generation": 19,
  "fitness": 2254.0178571428573,
  "food_eaten": 30,
  "timestamp": "2024-12-11T16:05:56.380912",
  "initial_state": {
    "snake_position": {
      "x": 11,
      "y": 14
    },
    "food_position": {
      "x": 1,
      "y": 10
    },
    "random_seed": [
      3,
      [
        1792525378,
        3565287347,
        1538306881,
        652224270,
        863863677,
        3823760255,
        3747923703,
        1972931412,
        786369309,
        3944410957,
        3553880002,
        1050812858,
        3784956619,
        3040916407,
        511173145,
        2974659504,
        2584383072,
        1115571213,
        3619874533,
        265353083,
        1719599606,
        516584123,
        3293699663,
        3866179901,
        3185451653,
        3894257213,
        3489443028,
        2612388808,
        2458319047,
        3366770843,
        502038682,
        1678580204,
        4247109102,
        2465561904,
        2181880620,
        4017301779,
        2474561304,
        3235406600,
        754014044,
        2266941027,
        4213160648,
        1163971379,
        2427408323,
        720887502,
        3116209552,
        3464434844,
        1944093168,
        2893006544,
        116511078,
        2309108744,
        1484875448,
        1813139053,
        3373589060,
        2924956703,
        1567984762,
        633893113,
        689199411,
        3086508415,
        1814544038,
        58621182,
        1750435502,
        1083858277,
        1286256714,
        3064926154,
        1144647035,
        847767145,
        19168280,
        1475756841,
        2270306388,
        1393361648,
        3106442601,
        274666749,
        1892871592,
        2688005706,
        993792400,
        3650943165,
        76959006,
        2774605984,
        3264055450,
        3219916509,
        2663400840,
        3441875578,
        3986410787,
        1565401593,
        2462258727,
        2880266701,
        2157109878,
        3769875089,
        4166508363,
        3790824406,
        3728289005,
        662393287,
        2716697342,
        190239939,
        1766105272,
        2198008992,
        3768953869,
        1988646816,
        1131425963,
        2179053750,
        599503618,
        73467978,
        1922351568,
        2232426882,
        1124751234,
        807848347,
        2692972331,
        2134835386,
        1382178029,
        3959446643,
        1758160179,
        446516591,
        3101782163,
        589967060,
        3222464717,
        3313352041,
        4253539222,
        3289092220,
        2361276860,
        3698318805,
        4189432073,
        3720696247,
        4025319544,
        384170164,
        1607784775,
        1310940459,
        1598120394,
        2894688993,
        375764315,
        286955435,
        1477217372,
        800999237,
        2726918882,
        4150255571,
        2873006130,
        174160211,
        2903359752,
        1498728572,
        2617426074,
        3491907658,
        1166322086,
        720479339,
        484382569,
        1051829403,
        2599209860,
        1408056029,
        1555141521,
        2014482118,
        685923990,
        2871959653,
        3808751744,
        523996898,
        1934683214,
        2516971123,
        1691205694,
        734740070,
        137442495,
        3310824380,
        3740324879,
        2241384969,
        4218758383,
        3223525802,
        385617353,
        2456511980,
        3255750701,
        2028583135,
        3977814570,
        941598270,
        96970710,
        2622912151,
        3895577215,
        3663301201,
        54392991,
        3630389947,
        3544790020,
        228409366,
        2493681694,
        888626509,
        2159378293,
        3818983263,
        3397782733,
        138091146,
        1977759771,
        2887224939,
        2601074122,
        3338413256,
        3351393623,
        1015003026,
        1314165960,
        752764516,
        487731755,
        3998317287,
        2308004021,
        4019700967,
        196341655,
        2337937143,
        4041450825,
        3653829016,
        1671791177,
        1340896489,
        3934408357,
        3636278440,
        2375258797,
        941349499,
        568432703,
        2644611049,
        808465702,
        3872792988,
        2189064260,
        3817713100,
        864769693,
        2413383954,
        891971119,
        4051881152,
        1103205613,
        2925841645,
        1786512375,
        2093871339,
        3046363926,
        2645122957,
        298887316,
        51975993,
        1454325139,
        361715852,
        2860009678,
        998923376,
        1743327503,
        3827614262,
        569886876,
        4078793670,
        1065923382,
        2464938418,
        2599362783,
        3388662274,
        890055805,
        3985572095,
        1640575321,
        3714669041,
        602227530,
        3725772168,
        1855320137,
        3396048760,
        4219264940,
        3356919947,
        4250891105,
        1508825074,
        2643536406,
        548692445,
        463979522,
        2480802126,
        4247012825,
        2711443350,
        1945683306,
        3444035778,
        1288912334,
        1852002589,
        3432591697,
        3230827784,
        2357649759,
        3819072908,
        2598273017,
        2644821689,
        977364269,
        3855847471,
        1084991063,
        849022748,
        2620256587,
        3181159801,
        1823166865,
        219525583,
        169252418,
        781075605,
        2304560876,
        794690236,
        3459974715,
        1901379301,
        1010576452,
        245419745,
        1205834968,
        511177204,
        786122420,
        1700027601,
        1238126234,
        1754719023,
        3042419303,
        2239086400,
        722278345,
        1474550401,
        361646456,
        930967478,
        2951264707,
        2627341215,
        2600146689,
        3985861519,
        4174859029,
        4245635735,
        3393694010,
        969193373,
        3116036777,
        3134543388,
        78248211,
        2330398021,
        3356730325,
        3929522987,
        285439268,
        3141771316,
        3017492637,
        1324477697,
        2233745123,
        3754740830,
        766374551,
        3165504632,
        1438602076,
        3026145159,
        2227767029,
        3235719355,
        1574574978,
        1009573106,
        3884769424,
        2627087627,
        4283849481,
        1018058064,
        3446186220,
        1937828518,
        3520590386,
        2099727171,
        1348537918,
        2620226247,
        3795664826,
        578345288,
        3373343992,
        25219436,
        1828779542,
        883073367,
        1638132971,
        1205288378,
        1899307071,
        1671708610,
        4102495810,
        419548083,
        159748719,
        1163723500,
        2291013245,
        987683558,
        779636979,
        3472788661,
        1382472220,
        592603843,
        1681359857,
        3132200149,
        4060652902,
        2442963662,
        2156518163,
        3329589517,
        3375407205,
        159051504,
        3707557079,
        3050295791,
        76631569,
        3437570627,
        2267379546,
        4196673786,
        1220016231,
        3708561911,
        4217746459,
        2814274400,
        1051609189,
        1874470054,
        2301282798,
        741187038,
        1042068870,
        1279189365,
        1659211714,
        1514775449,
        3078552973,
        3606956097,
        4219777979,
        2314754235,
        85127369,
        4160467945,
        3212986927,
        3846182930,
        3260832200,
        649511759,
        3869864221,
        1555847627,
        1947229160,
        2592314789,
        877133436,
        679461175,
