{
  "generation": 67,
  "fitness": 2628.224815724816,
  "food_eaten": 35,
  "timestamp": "2024-12-11T16:06:51.858451",
  "initial_state": {
    "snake_position": {
      "x": 8,
      "y": 13
    },
    "food_position": {
      "x": 7,
      "y": 27
    },
    "random_seed": [
      3,
      [
        3566076986,
        478563987,
        2010975605,
        3273546233,
        3735225415,
        2933526297,
        1616276536,
        3826921843,
        1242993463,
        1447536398,
        492422653,
        968984886,
        3071956633,
        4006025990,
        3962757,
        1397980113,
        22169794,
        754166853,
        1040537763,
        158174321,
        3661432841,
        1551081678,
        3082936714,
        1580520463,
        3615645892,
        1023516258,
        2168277266,
        2049675463,
        1634880522,
        2433823050,
        3722542191,
        3647903427,
        2430571055,
        3757284837,
        1029623663,
        2288246643,
        1836386150,
        4175973855,
        2679182052,
        1724217738,
        2247245,
        2046521942,
        3303300993,
        3193340433,
        2536067829,
        1039899118,
        2322836872,
        3548087155,
        2565350251,
        1658104861,
        3394220178,
        3426103920,
        2787376156,
        2498910370,
        1143129966,
        3607559050,
        1951804351,
        4195171751,
        4058412347,
        1225901722,
        2781483759,
        3893959240,
        1877304740,
        3541302067,
        3665433570,
        3502459616,
        2977408375,
        4187072880,
        3168172482,
        1746315564,
        1938763925,
        3866856876,
        137763878,
        3341246819,
        2368890923,
        1123639349,
        2553257790,
        2673571120,
        2094024452,
        1584035858,
        108438783,
        1818873099,
        2712983231,
        2206478502,
        1658279742,
        1065959138,
        3989171399,
        4174903273,
        3948932395,
        1846542768,
        2517905947,
        2489464002,
        808411600,
        2485340897,
        402242238,
        2079387475,
        192560979,
        209217637,
        2711457172,
        1964920440,
        864936351,
        7285016,
        2414709508,
        3922648252,
        3345718977,
        1928120687,
        3799760780,
        3017711497,
        3522195885,
        3579749259,
        3999704871,
        807732502,
        4209560596,
        3843201279,
        479746519,
        4287373054,
        1526926289,
        1712407440,
        745897603,
        683078054,
        3944037993,
        2220063710,
        2733361332,
        3307014071,
        2203813820,
        2820653196,
        2138983957,
        2775182434,
        1680575887,
        3329391549,
        1569743510,
        2136474898,
        2878555673,
        1568241593,
        885748675,
        503886129,
        848787724,
        2287763152,
        1335639409,
        3739926930,
        4260842371,
        916191758,
        3058130503,
        3369691949,
        3844998494,
        139280484,
        3527313974,
        3966601331,
        3891885593,
        1366985607,
        1139062611,
        1078922076,
        258805896,
        4154633489,
        3496146248,
        2165906820,
        3703706878,
        3052926494,
        1645938750,
        576570337,
        1045041361,
        1041676465,
        1246915762,
        4202419741,
        2424560454,
        805200298,
        3123365494,
        514291766,
        1146148517,
        2866989241,
        2105310520,
        4274031504,
        716858911,
        966350480,
        1716990019,
        689220882,
        2129938492,
        136272769,
        3866779683,
        1943895498,
        741514151,
        1612677818,
        1162300541,
        2528294337,
        1664533483,
        3622038816,
        2422933161,
        2767982953,
        1792529644,
        3122133028,
        1768248241,
        769136202,
        1159777054,
        114319457,
        481602184,
        1121240880,
        2645906840,
        2208396388,
        3283552692,
        3732167503,
        1601838999,
        2594955333,
        2734324950,
        3317532457,
        3644746596,
        2915274613,
        2735752512,
        3185356366,
        1043448502,
        3971141471,
        4216493543,
        2533830767,
        2887533767,
        486182129,
        499388918,
        2987034768,
        3976316760,
        1007317984,
        3211575031,
        3261589405,
        2677187909,
        1115492283,
        1419148306,
        1636507600,
        2895587371,
        3637612460,
        1055107298,
        3330711283,
        2913086609,
        204228473,
        326779247,
        731992806,
        2254561767,
        2290825344,
        679315284,
        3428304603,
        1343229617,
        1008149779,
        1573796355,
        2947985323,
        4155969952,
        2592000449,
        151402190,
        3551991878,
        1562221312,
        1884999342,
        3887796046,
        2340880184,
        1094774946,
        958007819,
        670759664,
        4021938433,
        240540937,
        2462454053,
        1694416860,
        1974476982,
        3168311539,
        2272183403,
        3341021986,
        2813570274,
        3935563880,
        4153285166,
        1181169990,
        3657463783,
        90895866,
        4116597155,
        2251623730,
        1738820421,
        704876123,
        4282941360,
        2180468189,
        2278904598,
        2886859044,
        2866461435,
        254207044,
        542191230,
        3751058454,
        1758170547,
        2531351221,
        270570414,
        4140669561,
        858808031,
        805963666,
        1316520201,
        3168470177,
        2445278208,
        1240650393,
        772890726,
        3442257050,
        3444788836,
        2100798255,
        2234277895,
        2342928221,
        801232975,
        1622441895,
        3818184379,
        1161657828,
        1869793158,
        3088242751,
        3838189960,
        3183698623,
        3513520865,
        1254342373,
        1930473000,
        2159939361,
        455277488,
        4111425997,
        3029293853,
        3137389061,
        2647061645,
        1141952839,
        2473353064,
        3948004972,
        3571769089,
        3149028656,
        2307824231,
        2997225212,
        1960451416,
        3331891547,
        2419493118,
        2585967988,
        225611179,
        2549059503,
        4117861823,
        4030001852,
        1551407704,
        295290791,
        2262913789,
        3114032461,
        42661894,
        3565424792,
        1082703235,
        1909910925,
        2182649504,
        3650427446,
        1323044120,
        2208010175,
        11309792,
        2738336277,
        172287212,
        1932335167,
        3655554673,
        1209029330,
        1842749287,
        3442190040,
        589219174,
        4275169677,
        2354823193,
        525681573,
        2198866308,
        3686505564,
        1254286329,
        2687044429,
        2325911490,
        3976205983,
        1629229119,
        747818749,
        3637332660,
        3388913668,
        3776540294,
        3434264361,
        3794694223,
        2601540769,
        3102469365,
        1248234754,
        901913884,
        1097565188,
        4292461676,
        3619963752,
        197035328,
        3235733564,
        952305760,
        2287614549,
        3885908490,
        2257597380,
        825547344,
        1466056206,
        2772547744,
        2733284896,
        4250081697,
        4209638916,
        3617495687,
        2356899990,
        2214183942,
        952513704,
        4258486509,
        3661205627,
        1495535482,
        1741720871,
