{
  "generation": 34,
  "fitness": 3078.2922912205568,
  "food_eaten": 41,
  "timestamp": "2024-12-11T16:06:12.235207",
  "initial_state": {
    "snake_position": {
      "x": 24,
      "y": 16
    },
    "food_position": {
      "x": 25,
      "y": 27
    },
    "random_seed": [
      3,
      [
        2936395730,
        2427443124,
        2166715230,
        1634400582,
        4277264802,
        2225874145,
        3947226260,
        1685279478,
        4099405833,
        428525698,
        739262410,
        4040804171,
        2780523370,
        3776277188,
        70383476,
        3776172960,
        2709089272,
        2212885252,
        4279250504,
        1526274331,
        2533317503,
        1420761365,
        2754566933,
        2214553247,
        2558796176,
        4116738043,
        1647360249,
        1456737530,
        2455624582,
        2473178134,
        2900949885,
        417960259,
        322520194,
        1616534711,
        2978838871,
        1998048839,
        810585749,
        1894578497,
        3895212225,
        2304730437,
        2808182764,
        2792184407,
        2824697421,
        2174748458,
        1643487369,
        3130287796,
        4231879064,
        3001439830,
        3661459244,
        294085564,
        3139157739,
        1546063062,
        2489231442,
        1633034542,
        2287074909,
        2322886810,
        3936712500,
        707198322,
        1679736536,
        2575939846,
        1919642261,
        507066655,
        1569198171,
        4174835542,
        2280011586,
        294408631,
        697298253,
        3910267448,
        3123116829,
        3022979322,
        1809984317,
        3402516879,
        1264869353,
        714057492,
        251901576,
        117001582,
        4033564917,
        4125790901,
        439594629,
        3220463009,
        4214575723,
        1533595204,
        1046170046,
        1187774217,
        1875791256,
        4140325949,
        3106451598,
        3219923457,
        1773050464,
        995899478,
        1402760265,
        975348602,
        4142976570,
        2294554748,
        3018182341,
        1791323870,
        2848010764,
        2922565187,
        273774093,
        916891519,
        470082414,
        2482623960,
        2047685592,
        2653679143,
        1066829981,
        3755378425,
        442106777,
        2468711636,
        1372078788,
        3039196233,
        3745032250,
        4209404443,
        134962565,
        2035256965,
        4207491868,
        1597650233,
        1623181153,
        210325778,
        1246729911,
        3587692903,
        796839660,
        2826978451,
        1197395100,
        3979623058,
        1805227798,
        284325622,
        3517547429,
        1177305262,
        659849962,
        3380018471,
        3832342383,
        2990350671,
        811907317,
        618036230,
        279202099,
        3036618049,
        1112848509,
        2876026869,
        1246632830,
        2407466162,
        2634246468,
        3362170532,
        894931624,
        4019149070,
        396488200,
        4088904834,
        3317503188,
        554463906,
        1787354767,
        221421019,
        2958169476,
        288880101,
        3923598381,
        2240290229,
        1647977712,
        1101129679,
        2093032423,
        1244025538,
        243395215,
        202194369,
        364007537,
        1223283445,
        187247605,
        1749226291,
        862703983,
        2084826638,
        2847429841,
        1863306450,
        1054767798,
        3394308492,
        1896653044,
        1484904668,
        193862140,
        2187127852,
        2887928364,
        1332692421,
        1778963832,
        115869060,
        359560551,
        3400822707,
        338606629,
        749451907,
        4009478832,
        606272822,
        4242080367,
        954001458,
        4271861443,
        2496012111,
        1394455533,
        2869357459,
        261343820,
        1067612892,
        1472101805,
        2533985977,
        177808577,
        3108454949,
        516103621,
        1905083542,
        2410503170,
        2882570288,
        3447260902,
        2684479821,
        3454070283,
        3277998414,
        3816497258,
        3056722726,
        2125299389,
        2565551384,
        1331416977,
        3584976583,
        3421482489,
        4009653324,
        941841531,
        990136342,
        786437521,
        3525585853,
        4205505941,
        1098334028,
        697760603,
        764850337,
        3149955759,
        3368864980,
        3831831108,
        1851517692,
        1026997213,
        699421424,
        674916603,
        1588440896,
        236040181,
        3977680575,
        661842867,
        1627935409,
        3862917756,
        2331166523,
        3613655717,
        3939811693,
        2131377433,
        2474035958,
        1136033012,
        3940654665,
        62119548,
        543131192,
        1347731476,
        2876323465,
        3096472861,
        1796221151,
        2840459166,
        1249443975,
        3962505649,
        2922864694,
        3076755836,
        3024617111,
        2181619329,
        912693583,
        4169810810,
        3879692455,
        2965036486,
        4044538072,
        2522547421,
        1030271467,
        1086540676,
        1503102467,
        941411534,
        2724749851,
        3114213468,
        2996858272,
        3332151855,
        3716374487,
        3989626259,
        1648554147,
        3789268852,
        1758446861,
        2808666208,
        2259754168,
        1591311307,
        2997063627,
        933429999,
        4177271241,
        1751317962,
        3900843061,
        4042715149,
        2844599539,
        2101001743,
        1267697235,
        2047828938,
        1327781394,
        1161652290,
        1628730342,
        1311126986,
        1871736621,
        1372397607,
        3419753417,
        2227818539,
        846775759,
        1465566230,
        1146069484,
        409668879,
        548567473,
        3314059901,
        4011161800,
        2868734649,
        2344826585,
        1204507538,
        2190064959,
        1956875540,
        1710206058,
        1969296362,
        3052097257,
        993469684,
        799383280,
        2777658336,
        3084468832,
        3077805692,
        296818830,
        14810460,
        1431413681,
        1189599010,
        4260705523,
        2542645338,
        3476262823,
        1994727236,
        771980164,
        3191320666,
        2283341112,
        4241351088,
        3346151447,
        677881885,
        2805589030,
        626491019,
        46122328,
        2756619630,
        3492423417,
        1054217154,
        4134662004,
        3078512254,
        1248139974,
        814322967,
        2220279501,
        3027948262,
        486953690,
        2636663859,
        3833228749,
        2209256652,
        199230719,
        4021606021,
        2694614710,
        3766948802,
        3761070620,
        263271296,
        3027729350,
        43788574,
        290717960,
        2447528636,
        124459386,
        3772817897,
        1802729849,
        2519506705,
        2801961524,
        2915893472,
        2279417637,
        3634521326,
        3354288909,
        207055883,
        448373678,
        3731813769,
        1486144093,
        276290744,
        1277374192,
        2244388886,
        1964961009,
        873728481,
        3532718305,
        1126797828,
        1667619823,
        735656797,
        859084292,
        1566226361,
        313626262,
        570295870,
        2107729202,
        2106961475,
        3037593682,
        1415373672,
        2579690907,
        3859139458,
        230599080,
        1030518286,
        105376186,
        3279513981,
