{
  "generation": 52,
  "fitness": 3078.7272727272725,
  "food_eaten": 41,
  "timestamp": "2024-12-11T16:06:33.242945",
  "initial_state": {
    "snake_position": {
      "x": 17,
      "y": 20
    },
    "food_position": {
      "x": 26,
      "y": 10
    },
    "random_seed": [
      3,
      [
        1308861356,
        4113013401,
        3242825007,
        71475386,
        3513862249,
        923642815,
        3484961453,
        1562338149,
        1000725453,
        1802159925,
        289907488,
        1531943584,
        4059918120,
        1337189101,
        41828488,
        2817459268,
        771649597,
        1511500270,
        668040417,
        3286309038,
        461854935,
        2129020819,
        3982047892,
        2317273451,
        710582614,
        2578704413,
        1335002926,
        1838077913,
        3352470613,
        2342698994,
        2365612464,
        1847758536,
        2562051180,
        451702542,
        2062197711,
        3752637015,
        3811008651,
        3008304612,
        3705960552,
        1153131073,
        2987333797,
        4234575434,
        3047093530,
        3391769447,
        2682623686,
        4085140204,
        2849412241,
        2962762645,
        2396844206,
        2106984318,
        2586540826,
        3250757370,
        1756333404,
        3024917645,
        4229857943,
        1747635328,
        298894214,
        4102294036,
        63440742,
        3489593135,
        1780855920,
        1949454643,
        3106891491,
        2480557306,
        3487894374,
        1258409030,
        3051884156,
        3995318436,
        188528476,
        1092320628,
        2075157794,
        948747179,
        844909897,
        621939990,
        3302496065,
        807360407,
        1495038801,
        593820384,
        3171136340,
        592101505,
        2928180291,
        1106159367,
        1476008923,
        1392931565,
        1690211707,
        3008558962,
        353858211,
        3635467309,
        2275798412,
        2639466156,
        1472603855,
        790765607,
        2353187358,
        2121420462,
        3209834702,
        1320153282,
        443180510,
        3462377430,
        877882817,
        2452366752,
        1093805178,
        2897488123,
        603055604,
        2643856572,
        2850665595,
        228411332,
        2838792456,
        2571322136,
        1328571578,
        1645620995,
        3461036565,
        161785829,
        3190181832,
        4144840244,
        2835032861,
        3829387453,
        2237095129,
        3439963829,
        691602758,
        3775093930,
        3655889882,
        2214067052,
        3446502540,
        3818060977,
        2770330987,
        3393492776,
        1120434818,
        2065317522,
        552322120,
        1324308818,
        4263762401,
        2987484893,
        842504858,
        1516272036,
        3464183490,
        3126288791,
        542606875,
        3092780892,
        106206810,
        1650599429,
        1843135150,
        3449618004,
        2689187824,
        1959200520,
        3662100222,
        4021495651,
        155811814,
        2716134314,
        3232756840,
        624214422,
        3205210383,
        2650777809,
        1342956989,
        1375379461,
        1945202666,
        3711416698,
        1862311122,
        3160578183,
        2493213538,
        4173328074,
        16555468,
        2375357381,
        1930175091,
        101340015,
        3947000954,
        4090472274,
        2625206748,
        756029534,
        455223080,
        2049274634,
        3271927881,
        418697462,
        1934282332,
        3097432654,
        841303545,
        462630746,
        2372045144,
        1161573290,
        255267114,
        214495191,
        1731197600,
        416699864,
        3764855221,
        2775190974,
        1315486177,
        3951093379,
        415201395,
        4208784064,
        2763373933,
        769328906,
        265360330,
        1989462312,
        2368300815,
        2043378100,
        17140286,
        1093765523,
        2005336010,
        3462719232,
        2006173441,
        1396852538,
        1603841343,
        2079670301,
        559568265,
        1763740264,
        1260201535,
        3016579706,
        3487615203,
        2576102508,
        2069133160,
        1353542637,
        3207143312,
        3430744856,
        3451647257,
        526609673,
        4237374744,
        2495236912,
        2871419558,
        3636187648,
        3798987298,
        345728123,
        816432936,
        2729914270,
        2226697574,
        2777160752,
        3052467508,
        3318924050,
        1048165936,
        2892787552,
        4141378946,
        1739388310,
        1354260901,
        1502734771,
        567738381,
        2572461095,
        2524973122,
        3739358157,
        2827898571,
        2369837117,
        3574170359,
        3899138169,
        954779379,
        463656758,
        3137005691,
        173048927,
        432619178,
        3563098539,
        3770064566,
        838348455,
        4260965920,
        1872002493,
        484483582,
        452403546,
        1735240900,
        2583481174,
        2916020791,
        1293405169,
        2842363919,
        417950077,
        3326586287,
        3405396957,
        2739249558,
        1641617994,
        903383972,
        361601977,
        2892031049,
        57475418,
        4294491791,
        1336002335,
        825413398,
        4223340593,
        2870498894,
        2563264671,
        2601334487,
        4030026136,
        2149505258,
        4203715737,
        1476902639,
        834928357,
        4205959187,
        1190296482,
        1786252007,
        1452888743,
        1116617817,
        1767240832,
        1047358316,
        1584476655,
        3582700524,
        3096339895,
        926390335,
        1488594720,
        2441066210,
        2560616422,
        4277728308,
        1517971811,
        1553188558,
        3103421256,
        3724890535,
        2305037515,
        347043779,
        199888057,
        2642289811,
        1141051866,
        952281343,
        870353163,
        1451769696,
        3523974063,
        3009125586,
        3518179400,
        3079284628,
        590280934,
        1674215539,
        622380478,
        2341059902,
        2234065658,
        157414107,
        1551868945,
        1164574638,
        4226244480,
        2563153625,
        2236757851,
        2732693988,
        46279374,
        2728130980,
        1015316356,
        1447140093,
        3234460128,
        3678228228,
        668305560,
        2260562065,
        4119020711,
        851569842,
        3716352213,
        1033172382,
        149812728,
        336573022,
        959635341,
        2102081704,
        3807415897,
        2743614871,
        2518981724,
        25246245,
        1586689742,
        1773977883,
        4052847225,
        860640766,
        2999981938,
        1055248692,
        2261090372,
        3999335471,
        827352486,
        908802790,
        3999800032,
        2948029144,
        2568602888,
        1812223672,
        3637244930,
        4234677980,
        3262608241,
        601005878,
        3273249450,
        2045362880,
        2481104238,
        1813142874,
        3852534225,
        4040082467,
        1919752011,
        548559655,
        999351279,
        1122653838,
        4293511380,
        2471792951,
        3289422635,
        1782855290,
        1316040702,
        2580990601,
        731587389,
        2147958089,
        2465459415,
        2578996007,
        2738808128,
        1575513703,
        1173983375,
        2249275430,
        3335201679,
        275568312,
        47959778,
        239039679,
        3676870658,
        3482240036,
        341978197,
