{
  "generation": 7,
  "fitness": 228.46153846153845,
  "food_eaten": 3,
  "timestamp": "2024-12-11T16:05:50.085148",
  "initial_state": {
    "snake_position": {
      "x": 21,
      "y": 3
    },
    "food_position": {
      "x": 25,
      "y": 28
    },
    "random_seed": [
      3,
      [
        3823067719,
        1862329731,
        305611157,
        1097960395,
        352488643,
        2166652613,
        777901332,
        2786766539,
        209379178,
        1590031949,
        859729315,
        1477244143,
        3273485128,
        3285414822,
        2288892833,
        163871365,
        3048744307,
        48564104,
        1150131671,
        1809231093,
        1534188448,
        2329906743,
        1318196180,
        814483015,
        899734637,
        441551923,
        452937329,
        1091140315,
        3625833745,
        71829545,
        266338015,
        469673460,
        2297901836,
        506743721,
        2096459431,
        3297893966,
        551202303,
        2116534256,
        3732776304,
        1433941162,
        4060195086,
        216257087,
        1231565416,
        1785703641,
        61550075,
        3838902028,
        3166968899,
        2561972423,
        394596117,
        3833714325,
        3717010408,
        2478460309,
        2944910378,
        3936851603,
        3604620874,
        3715753312,
        2586744683,
        1078977679,
        3496481931,
        2955215760,
        928036446,
        2213922267,
        1975231706,
        4030481234,
        1355096051,
        2377410675,
        2731880617,
        2002853746,
        1078380816,
        2018303507,
        4162660187,
        1973932046,
        1365958891,
        1671217613,
        3861028774,
        3124597836,
        3477310854,
        3571145011,
        1407380264,
        2589650699,
        35842231,
        2181963090,
        1151414576,
        2405161760,
        2058199906,
        2150283387,
        2165831368,
        3679027100,
        2544351368,
        1805111115,
        2368530961,
        486336731,
        1675607718,
        1745518537,
        288364272,
        3427751791,
        1686277781,
        245399821,
        3331851097,
        1165809942,
        3841044708,
        571684463,
        4260281838,
        1865313610,
        3146173211,
        1158886047,
        3315491872,
        3510138010,
        3662808020,
        3925660582,
        1719828991,
        2245463920,
        3356176415,
        4266841130,
        1189108692,
        597040395,
        548559314,
        2740369799,
        2265499090,
        973111243,
        1253373950,
        607123229,
        3492021511,
        442309035,
        3923604509,
        906015054,
        3040431076,
        534579929,
        3617423825,
        2881914812,
        464069288,
        2804234027,
        1132165153,
        2763462019,
        543215175,
        4180168233,
        3189404469,
        3711407171,
        842522071,
        617516333,
        176870778,
        1115361380,
        920021342,
        1252109923,
        3434857973,
        752140366,
        671112801,
        1185888692,
        1703907984,
        2616652870,
        3934126024,
        553641748,
        646959229,
        2983863287,
        2688911995,
        3844482749,
        150705102,
        1965959667,
        33153470,
        3197892432,
        1845775978,
        885054717,
        915475146,
        3639569835,
        2860372893,
        2366025272,
        2936886728,
        985450520,
        1716607795,
        3041161395,
        1534204018,
        1262261684,
        2412873604,
        1420915804,
        1033237299,
        1920560216,
        2148592760,
        1285060927,
        440572624,
        2811640051,
        925728972,
        1136899419,
        2182225043,
        3137163320,
        1649597683,
        2421404426,
        2721305400,
        1949941572,
        790290147,
        3391083716,
        4254977687,
        1497953680,
        1334715104,
        1271370128,
        2357519714,
        2346755288,
        4199435802,
        3559818441,
        431767562,
        3337993102,
        392978541,
        2013560274,
        3358176601,
        2662265343,
        474168811,
        3331893495,
        1254991492,
        1184137227,
        320672079,
        3296657950,
        2849000331,
        1276058996,
        1194367409,
        2593963642,
        2298014135,
        3323838049,
        4183754363,
        1871638703,
        1895856879,
        1219190209,
        3317978883,
        3227589229,
        2636910002,
        3801044076,
        941333258,
        1772532678,
        1442599090,
        432595052,
        536859993,
        316772105,
        2369915109,
        3925419421,
        381693902,
        29422583,
        112497284,
        518485077,
        2657274923,
        1358205143,
        687929947,
        1474577110,
        3067751542,
        3790905985,
        2903886805,
        114293967,
        330831193,
        280426621,
        1630306934,
        706675709,
        3506065196,
        249412373,
        3453097688,
        3459927149,
        1684178599,
        1148601340,
        1659503142,
        4193829869,
        335777199,
        3266361064,
        3508659949,
        511296349,
        1937660692,
        3216442108,
        304433400,
        229674235,
        1352533867,
        3980547330,
        3876684301,
        2857242119,
        4023515801,
        1558046951,
        2260041676,
        2239575737,
        3550353402,
        3020412548,
        3065908800,
        3289043120,
        883667842,
        254095572,
        3439220997,
        1503394779,
        885017408,
        532419941,
        3194079886,
        4229890377,
        1595614961,
        332971560,
        2093083408,
        1099139481,
        689691758,
        1884808286,
        2141006996,
        3525364668,
        3089457899,
        3868218436,
        1542906854,
        1786901802,
        1309065389,
        526353782,
        993814275,
        314160039,
        1297591185,
        2605697518,
        1198334970,
        2666213364,
        2092229985,
        3692769348,
        4135578753,
        955432174,
        1186031453,
        1191336679,
        2028201490,
        2126838487,
        153542962,
        4208702258,
        3607052889,
        205273336,
        2506870814,
        1830674217,
        1190693537,
        1185188456,
        1999178578,
        2392535598,
        2656913597,
        2139639181,
        881837510,
        3381778012,
        476487020,
        621743527,
        659950063,
        1769230438,
        743147442,
        847028499,
        1642112679,
        2941978571,
        172132022,
        841859170,
        3845173183,
        2847805624,
        3664175032,
        1641891849,
        1379489446,
        1434994424,
        426869812,
        2052196997,
        1386724136,
        177279571,
        1437395258,
        3048938896,
        1208671085,
        3317050649,
        161162634,
        3099237552,
        2094112389,
        3074634445,
        4002855856,
        2874248977,
        4069090605,
        1032394296,
        219115483,
        3804576173,
        1171340856,
        812699866,
        856970672,
        3531330948,
        3447799489,
        1878741270,
        4175274564,
        4076924484,
        4144439158,
        1769115478,
        273456129,
        1597652936,
        240991192,
        2347739113,
        2172345153,
        3644769280,
        4256269121,
        824844276,
        1811415331,
        208783431,
        3639548953,
        1043472859,
        1770692329,
        742795405,
        4044714755,
        3581540958,
        511947080,
        388896973,
        457175927,
        634206484,
