{
  "generation": 20,
  "fitness": 2253.6525974025976,
  "food_eaten": 30,
  "timestamp": "2024-12-11T16:05:57.175349",
  "initial_state": {
    "snake_position": {
      "x": 4,
      "y": 6
    },
    "food_position": {
      "x": 16,
      "y": 20
    },
    "random_seed": [
      3,
      [
        3526142312,
        1382906297,
        2695911507,
        2674959434,
        3193662907,
        1080364713,
        3586298467,
        2798570811,
        3804133562,
        64088594,
        2963353176,
        3275644336,
        3897577507,
        203582264,
        826354864,
        2663604184,
        4136109248,
        2576775350,
        539439690,
        1223108954,
        2924964477,
        4239579718,
        3093131780,
        2453718063,
        4045701147,
        485222240,
        2287259523,
        202578611,
        3501909662,
        2350769887,
        9852183,
        2980830047,
        120727361,
        2917417260,
        611600413,
        3383066037,
        1185736907,
        623285573,
        4225068930,
        2242627271,
        474761872,
        997397361,
        1119379453,
        3174977232,
        2017101613,
        1331437070,
        2896492785,
        1376126742,
        3618195035,
        2264455726,
        699352230,
        1832975739,
        2387619199,
        3058049093,
        2996875188,
        2772708460,
        969476199,
        1182044711,
        2552500909,
        1574277077,
        3263451426,
        1972425817,
        2902690422,
        405403653,
        4230754102,
        3566482878,
        1966183038,
        2465753241,
        716956810,
        3401331889,
        3534615846,
        1128078655,
        698716445,
        4084226559,
        2017350318,
        4117870055,
        3354518525,
        1516388255,
        536002256,
        1632206659,
        3168122912,
        4114448188,
        3852587646,
        2256547264,
        688886861,
        2030438680,
        3330675472,
        1905964636,
        940825674,
        4275629347,
        3843206314,
        1178742617,
        2528058358,
        2091191546,
        3466202351,
        3687547818,
        2709937186,
        2230034915,
        1122437949,
        1098918798,
        976037987,
        2258775179,
        194021230,
        3598268964,
        1200451949,
        2262701915,
        514829610,
        2444000108,
        1405938479,
        2249385104,
        3988369033,
        4052663649,
        2793922686,
        2922253871,
        3377646993,
        1741756688,
        1058055699,
        3830864633,
        1381418616,
        1640315702,
        2932641785,
        1681533254,
        1133786634,
        2269212840,
        3084004182,
        216305341,
        2901109112,
        3756428707,
        205803816,
        3792103318,
        638453069,
        1969633186,
        2627792906,
        3303487941,
        516959389,
        442350589,
        2661245611,
        1452073659,
        2764347985,
        224851665,
        3626875269,
        1429885862,
        1364114636,
        1246859575,
        1402657110,
        3777325949,
        3668575215,
        3699073628,
        54431086,
        1046107313,
        4101149120,
        2788015905,
        1604361820,
        2717293758,
        3444070411,
        4235111083,
        833004608,
        649554468,
        3820852513,
        237996055,
        1491684466,
        1168528854,
        4085748830,
        2546465108,
        798475921,
        67211217,
        60969729,
        4168727784,
        1730402645,
        1918674996,
        3350454384,
        1359213684,
        793309690,
        1253930766,
        2615882682,
        2530651778,
        309084431,
        3052215772,
        2017270986,
        3310324243,
        418259357,
        1530176360,
        2592521748,
        1204266342,
        3402947556,
        275293184,
        309844004,
        670857124,
        2762614608,
        2354490707,
        3598820932,
        513126113,
        3180530339,
        1081641234,
        3979388497,
        1614822404,
        3201543845,
        1839237273,
        2350063884,
        3168940700,
        2413545941,
        1259813988,
        1220953226,
        114120493,
        3926334013,
        814274819,
        3643198094,
        2222866441,
        691818268,
        3871581671,
        2985603759,
        1563603479,
        1701247433,
        635756119,
        3868877500,
        3291634581,
        4199342916,
        2903329628,
        3871293500,
        4113326826,
        3056980873,
        947198312,
        1804475859,
        1931031646,
        3199253933,
        1856118282,
        2284414939,
        3985022237,
        1062198745,
        1487856838,
        1593433910,
        809323624,
        713723712,
        1207823189,
        734608796,
        2823596532,
        3698540718,
        282839898,
        1471030329,
        1912751729,
        1757672574,
        244882885,
        2231400516,
        1702935370,
        1811430071,
        3341589071,
        1181647874,
        1923876103,
        1317537236,
        3593234809,
        178730703,
        1588881381,
        3463270058,
        2413212218,
        4126027956,
        4071479356,
        239188413,
        2570790050,
        2837909638,
        4117821406,
        3479966547,
        2885719949,
        3635135787,
        4132513630,
        1382931044,
        1936029974,
        2777042040,
        479437919,
        4059744309,
        243621450,
        3502291653,
        3806161406,
        1754151601,
        3971011190,
        1532248716,
        1084809226,
        3778123314,
        2867951483,
        3367359435,
        3936009623,
        255652087,
        2417272031,
        3484168661,
        545530308,
        278161986,
        3471265922,
        2190807285,
        2873873297,
        4273344153,
        3442008160,
        1300964642,
        3249142263,
        2590083417,
        1526989495,
        1965765731,
        2299937172,
        1955487728,
        2842521296,
        2083240402,
        86057849,
        2491923778,
        1615905160,
        3215154583,
        2987247365,
        3038087813,
        1973185177,
        87358237,
        2786429882,
        2470046887,
        903112090,
        3034771996,
        3870338923,
        363290146,
        1606083551,
        4274078725,
        1579055697,
        3081737303,
        586551557,
        2062795730,
        2373260921,
        495543393,
        4018273766,
        3659745100,
        677112892,
        1894518635,
        2890578784,
        1761795413,
        3114222364,
        3719995703,
        4090181764,
        1183858933,
        2884569242,
        2593484527,
        2489238218,
        2369813271,
        3756962661,
        2031710498,
        3859574346,
        3159129203,
        3475822854,
        1714221559,
        2035153317,
        3775270860,
        1128160000,
        2801624138,
        971947982,
        1879077796,
        3683780722,
        4185600670,
        3224769605,
        2643036831,
        186040785,
        352379964,
        1954943535,
        3915682667,
        2836890672,
        3916932862,
        640153679,
        2737207617,
        2561063216,
        1789048423,
        3862481003,
        3073774141,
        2160371951,
        1239989303,
        2588230485,
        2178277555,
        3439754537,
        139011817,
        103649055,
        892742191,
        2470468895,
        222240993,
        447021843,
        2809609637,
        1569950102,
        731183001,
        2198121278,
        3865992394,
        2165613416,
        99934682,
        2555293378,
        754306960,
        2269944817,
        1611980018,
        3161647945,
        1158028163,
        3867536293,
        3595674954,
