{
  "generation": 44,
  "fitness": 2778.149829738933,
  "food_eaten": 37,
  "timestamp": "2024-12-11T16:06:23.849009",
  "initial_state": {
    "snake_position": {
      "x": 11,
      "y": 18
    },
    "food_position": {
      "x": 19,
      "y": 11
    },
    "random_seed": [
      3,
      [
        4151106596,
        2788974931,
        2879056739,
        4033795631,
        1919526513,
        4264654066,
        4236907568,
        2950818995,
        2123817040,
        605328284,
        1062119215,
        460457421,
        2980023812,
        2561357690,
        681836312,
        1937841408,
        1672152524,
        1886184460,
        3524930302,
        598482914,
        3068647837,
        3071522887,
        1119537509,
        759652673,
        791372809,
        3370029579,
        689401649,
        4093968864,
        3978877771,
        2354784320,
        3801600994,
        289246472,
        2310723436,
        3597933458,
        1329460672,
        4283543953,
        1858005822,
        1921613148,
        1953680643,
        1644362414,
        3021098880,
        1989269361,
        765700789,
        1190746888,
        2087650138,
        421037903,
        4066804660,
        2439005371,
        970998917,
        2360098300,
        536341765,
        4110885626,
        3308972800,
        3379478188,
        2374148807,
        1276244093,
        58860671,
        3258094307,
        4203969549,
        3410724546,
        1174251491,
        3817132399,
        1717284795,
        385167210,
        3689452656,
        1723626082,
        1241927168,
        1677864362,
        2064675631,
        1943140936,
        825220941,
        1994586202,
        2652956418,
        3252002618,
        1011265818,
        1829107392,
        4220511298,
        1782901920,
        1182867135,
        4238103628,
        2745733977,
        419762823,
        4116623461,
        2041284604,
        352754490,
        888677903,
        1092514779,
        4146743066,
        4223510658,
        26790763,
        4280791432,
        2578349073,
        1184099569,
        864308022,
        566338150,
        2723178066,
        3548352301,
        3899445141,
        2729918742,
        2118588133,
        2178803185,
        3375080994,
        1243915601,
        3445598532,
        3945067797,
        1316982371,
        3231506755,
        1052150275,
        3994768958,
        1362705969,
        2510154181,
        3771893673,
        2000866490,
        3612716041,
        2077467709,
        3502321754,
        4187897918,
        842130666,
        2028926407,
        141090208,
        3239221484,
        248513445,
        1107846974,
        735667559,
        2955631766,
        3866598447,
        718080492,
        2974164021,
        2844290226,
        1584367862,
        3950987789,
        3973315684,
        2587309081,
        1545128756,
        1370857702,
        2858051230,
        3148490931,
        1205646420,
        1464601822,
        647088478,
        781553120,
        4048889388,
        516999130,
        561929161,
        725923330,
        2951094477,
        3465021286,
        1693809039,
        1705902671,
        3954565899,
        3107149713,
        75454872,
        1478264989,
        2875424356,
        3051744642,
        3941511582,
        3194900352,
        2125780763,
        3366876374,
        2648532727,
        1655489879,
        4210544289,
        2867969591,
        2135816438,
        1745200992,
        613438821,
        3127553518,
        2580499673,
        2964146810,
        1704031656,
        3902104584,
        1603377324,
        3223971460,
        2587947201,
        3214734040,
        2890343172,
        1423850541,
        3434916929,
        1120824317,
        2126657983,
        287433686,
        1927145253,
        353653687,
        1283128291,
        3111404149,
        701280705,
        451286569,
        1481210658,
        3336348310,
        2069545173,
        2198435597,
        63375501,
        2400751973,
        4206143364,
        264028209,
        2970622824,
        468287295,
        1694154316,
        2803996527,
        2650455657,
        1376335002,
        1039762116,
        1433181417,
        2990404146,
        2703254118,
        930950962,
        2766942938,
        564855466,
        4197558658,
        2842085271,
        4043851512,
        2406343439,
        1698886640,
        2928531345,
        3096944335,
        2440525685,
        3274237525,
        874029554,
        3050680455,
        2032879778,
        3099578234,
        3720904095,
        3700860828,
        2764163642,
        43345386,
        1477837598,
        2153894803,
        2700076952,
        983243857,
        924064715,
        1518969847,
        2988118007,
        3652476017,
        871414080,
        102990984,
        1475735761,
        2107678462,
        1764381802,
        1845873295,
        662307631,
        424917787,
        1290973777,
        1299202712,
        2411194198,
        1199184812,
        117450507,
        1295733169,
        1712390211,
        3409059328,
        2778181079,
        3455405094,
        2618334406,
        3518821233,
        2440995060,
        733699844,
        1468820557,
        3026542880,
        2758250919,
        2048152096,
        685205882,
        3939632571,
        1359858243,
        3846110960,
        3562070621,
        1636037380,
        1066384499,
        1320829329,
        3753767529,
        1309538288,
        4164957141,
        349127146,
        2355409296,
        3396041263,
        121346331,
        4263834547,
        342735933,
        890278485,
        3954319821,
        559471457,
        2988125982,
        3312844572,
        1131910515,
        63639776,
        2543575532,
        3342195528,
        350685066,
        3875367267,
        2327930155,
        1049409317,
        3442978019,
        1454224069,
        343598246,
        2779062061,
        160218681,
        2169639650,
        1318006191,
        810759200,
        3575575834,
        1297313868,
        167185174,
        3347315585,
        2357917206,
        515462145,
        2382909819,
        1315708858,
        2855995576,
        3454240866,
        3703907729,
        3744728126,
        2515018410,
        485862770,
        1680670232,
        1708346791,
        927551840,
        1133836105,
        3838115995,
        1764682253,
        3216088279,
        3500829155,
        2671453017,
        131933624,
        1938968531,
        1939028478,
        1627236383,
        2872668856,
        2938924676,
        2411910423,
        3350170,
        311714283,
        1762620666,
        2177115885,
        1419718870,
        717495186,
        2060095723,
        1894883469,
        1419938912,
        1235704445,
        3888124246,
        532584097,
        4284093943,
        1319431031,
        2147606582,
        113273359,
        3673955412,
        652469008,
        1604724981,
        27938420,
        1512579809,
        1294952334,
        1107258392,
        3830591432,
        402668287,
        3837316070,
        2312063363,
        3406436410,
        3943882518,
        38845061,
        261155709,
        3810506939,
        3395361173,
        21969315,
        2449966212,
        598391123,
        3495131026,
        47561350,
        599956478,
        1788227406,
        1249392475,
        2748821447,
        3869651615,
        826093522,
        1599161775,
        4184623300,
        2372109019,
        2916381688,
        985060885,
        206326230,
        168004349,
        3697519873,
        457517753,
        1884851066,
        4224774131,
        1022759148,
        109351014,
        3927412625,
        1641133043,
        919155518,
        2798845480,
        1643017588,
        1915502133,
