{
  "generation": 37,
  "fitness": 2628.6919831223627,
  "food_eaten": 35,
  "timestamp": "2024-12-11T16:06:15.828458",
  "initial_state": {
    "snake_position": {
      "x": 29,
      "y": 22
    },
    "food_position": {
      "x": 27,
      "y": 6
    },
    "random_seed": [
      3,
      [
        470981868,
        1783800714,
        1988007506,
        322203103,
        1532052981,
        2717812474,
        1139800680,
        399491365,
        2962176976,
        175851883,
        1788428776,
        4069786657,
        3730174223,
        3898171166,
        2338853915,
        1208884962,
        1642946664,
        1973003703,
        1119688826,
        1461432998,
        2452813023,
        2338062045,
        1233647917,
        1124378466,
        3111687453,
        3865035797,
        3217097909,
        2553828545,
        517745384,
        3229327952,
        2048820774,
        3999853398,
        338853578,
        2109995557,
        1316018409,
        2935682255,
        3466770784,
        1132737264,
        646704989,
        4097560787,
        3064739319,
        14616200,
        511353305,
        1367823563,
        3263012941,
        400171988,
        2885547320,
        2505908217,
        3728976261,
        2483555004,
        4069744260,
        1044625687,
        1579008558,
        703906785,
        3306599740,
        4207384130,
        2383878570,
        297998722,
        2502258065,
        2238398642,
        2574553328,
        1093616121,
        3248162977,
        4264631123,
        4048985113,
        1189925205,
        739793469,
        26445263,
        1497033021,
        160960386,
        2592625683,
        3538285831,
        575067050,
        2074180083,
        1680018161,
        294569664,
        3684645688,
        3594355898,
        803830677,
        3142834784,
        375630351,
        1824080749,
        4191699576,
        2685861622,
        297452556,
        3766591583,
        1936071672,
        79220259,
        1285740720,
        3115421123,
        693065517,
        2215428985,
        2485107326,
        3656563503,
        1222309393,
        4085130647,
        3520114295,
        508426029,
        47621244,
        1210375532,
        2731034758,
        2308338751,
        3237434650,
        2685104776,
        2823636834,
        1919165,
        935021797,
        4102237735,
        3850837460,
        2030931898,
        1783096059,
        4253875393,
        1831319044,
        3859282934,
        1465191780,
        2673291884,
        219744643,
        2714959463,
        1837324549,
        656920001,
        1724440687,
        2364331657,
        4232673196,
        2102198613,
        2420186472,
        995361063,
        2079875138,
        606834892,
        1492426006,
        47783833,
        934695437,
        2153297584,
        2033461824,
        1691605614,
        1829978558,
        209948606,
        3178188612,
        1059457375,
        1428704376,
        167241752,
        1234823934,
        1079088178,
        579878334,
        171551212,
        4234830813,
        1431820285,
        2660172099,
        3179200584,
        3916185085,
        1321186554,
        3871860792,
        869712674,
        735546199,
        4148361709,
        3184349161,
        1987734263,
        468881691,
        1321247330,
        905140085,
        236060342,
        1742771127,
        2098549471,
        1262507920,
        2131291921,
        357223111,
        1031634622,
        3463494938,
        3287196801,
        3606867770,
        835825229,
        710928042,
        3240270845,
        3351543897,
        2486352622,
        2657448516,
        1571510207,
        2659831121,
        450114083,
        2658595877,
        3497949920,
        1927653751,
        1468274560,
        3045202641,
        3770084068,
        441044697,
        2577402533,
        4093894230,
        1229450724,
        2291938957,
        2922232581,
        3160201298,
        2764474937,
        669276951,
        1470196003,
        2868999911,
        2796069435,
        18400275,
        1698186901,
        4000241141,
        3626625486,
        2576893296,
        3317637401,
        947458089,
        3161346979,
        1077124655,
        1373291787,
        3515436393,
        1798736086,
        2672362961,
        1983178044,
        559953342,
        838814652,
        3652460065,
        4174266760,
        3892191548,
        2775394265,
        1353894720,
        4150174377,
        1567405736,
        4155422119,
        2975482196,
        1478700786,
        3222997403,
        2003101394,
        641046868,
        3531666823,
        3574988374,
        3823757463,
        568052195,
        3449681966,
        3327572931,
        721992314,
        3498820792,
        2971244869,
        126804789,
        936272726,
        2405840037,
        3130978484,
        1672769418,
        3677347996,
        4218723378,
        1674532876,
        2172873505,
        4063433279,
        2671286701,
        402402804,
        1659587448,
        257871523,
        3566616969,
        3409018893,
        3236482188,
        2365791556,
        3540512670,
        1966773302,
        3733093084,
        3398473394,
        1779765414,
        2270371422,
        423335093,
        1442074361,
        4144567296,
        705077382,
        1764226339,
        205083369,
        1130111689,
        932545637,
        169690276,
        3354855293,
        1336657121,
        3426701630,
        3034655430,
        3401261259,
        4261315161,
        3901760276,
        3090582592,
        4029039099,
        1511800866,
        2963736466,
        4220355480,
        312651239,
        1924250315,
        3934336800,
        1956885791,
        1734270276,
        267302075,
        2548725756,
        1195728153,
        1232971562,
        3695839286,
        1954610821,
        980724144,
        3664473570,
        2413625982,
        3155452616,
        1365930540,
        1356401470,
        1679955598,
        1989495745,
        1516208617,
        1407786054,
        806669653,
        3411897047,
        2092473367,
        3409853614,
        2319319517,
        455381153,
        3381538457,
        2545490477,
        929075103,
        3568180795,
        2332353249,
        1551460167,
        3180493182,
        1679972644,
        2376307132,
        3471988990,
        309347392,
        3536838112,
        2397852066,
        3156994244,
        606484678,
        2315117248,
        3144707717,
        3119179978,
        3239889505,
        2564449478,
        463606555,
        3329831587,
        3144970537,
        1622406360,
        3296035723,
        2497670975,
        1049809502,
        4105660062,
        1532954057,
        3543358053,
        2875550292,
        3850475979,
        3791560180,
        2930894672,
        2836582218,
        3675112102,
        3686514709,
        2775964787,
        3548969388,
        788738654,
        2426579296,
        661112649,
        1060953838,
        495323977,
        2640182119,
        3948929526,
        1300275615,
        460418447,
        241274023,
        1001009080,
        498810594,
        2430676200,
        328394646,
        3219475663,
        2347773491,
        4160636979,
        3189901186,
        1225354179,
        844517660,
        325213788,
        2202600575,
        3397730678,
        2309788083,
        4120305464,
        1509759066,
        3480403563,
        2511109815,
        1886215628,
        2439511864,
        1039216904,
        3519476974,
        2027571934,
        789212848,
        2034377856,
        2218210313,
        3949264047,
        4011718562,
        1815011032,
        3467681271,
        1594222069,
        123138044,
        2299155475,
        1415779290,
