{
  "generation": 25,
  "fitness": 2403.732503888025,
  "food_eaten": 32,
  "timestamp": "2024-12-11T16:06:02.471024",
  "initial_state": {
    "snake_position": {
      "x": 12,
      "y": 11
    },
    "food_position": {
      "x": 25,
      "y": 11
    },
    "random_seed": [
      3,
      [
        2093411439,
        2185757104,
        1959644182,
        1886604304,
        3992610994,
        1618043324,
        1856881434,
        1242964113,
        2473663842,
        3576530530,
        3663240810,
        740307041,
        1580060994,
        1832856053,
        1266723753,
        2320285118,
        634264739,
        4214753963,
        1585764740,
        4081290069,
        2421073663,
        4203393837,
        1809524428,
        4183094405,
        2820449638,
        1831149644,
        3366640516,
        3594083000,
        3640906255,
        2062197898,
        95330200,
        1493791787,
        1956246412,
        1089283284,
        3159139942,
        2989245119,
        589661621,
        2191018203,
        150189783,
        1968123409,
        1054976142,
        3234474905,
        3896453605,
        2298092724,
        2815412468,
        296408050,
        68527412,
        3370390105,
        2166994896,
        3040050177,
        2706323351,
        2539473560,
        1855491649,
        2531050038,
        381225353,
        1168601130,
        2151368450,
        2106066639,
        2613316042,
        2027968010,
        1363080735,
        1805428489,
        1763693870,
        2345530437,
        2160830537,
        1037277281,
        1675418729,
        978269607,
        2187098102,
        2766326214,
        1151763436,
        3111987165,
        3867301313,
        228804562,
        3665742394,
        4165644135,
        2040769744,
        423334798,
        1801846523,
        3240372215,
        3840684288,
        4222472219,
        351185138,
        3449845304,
        1709092302,
        3824424950,
        1746213088,
        2887368552,
        611255560,
        177696270,
        1274925453,
        2147280946,
        2050348187,
        548101527,
        3678142689,
        893547262,
        1873197567,
        1233405949,
        3753092560,
        3151394476,
        3911027165,
        2290719119,
        2894487813,
        1809948022,
        4093992998,
        960500232,
        595836241,
        2496452015,
        2346667835,
        4136069401,
        1372785954,
        2379974109,
        1143345408,
        26596246,
        3173248401,
        182665342,
        3165539854,
        4152838295,
        1760323338,
        2246009660,
        2538025501,
        543028975,
        2227721502,
        3877415743,
        3058500564,
        1902326860,
        1103441284,
        3884267246,
        2060661703,
        1292733066,
        1091132209,
        166423199,
        1042229120,
        662958986,
        3997824134,
        1419621450,
        2197841490,
        4141301854,
        1772188847,
        3984559932,
        3564451400,
        1541223017,
        3404327118,
        262081499,
        2105631754,
        106165681,
        1348754973,
        1623389984,
        3668107449,
        1708013326,
        202847990,
        70645037,
        1456726013,
        2335580627,
        212719770,
        4100402278,
        3598511034,
        2701176921,
        1390566965,
        1198303227,
        1571711379,
        843929705,
        1487955464,
        1932512019,
        3988225704,
        2701107309,
        298257711,
        904004323,
        1649709250,
        132082625,
        3293739613,
        2582149902,
        1072162413,
        2900470415,
        738956986,
        845021135,
        1610445978,
        2005691573,
        212511592,
        3927970012,
        1473126026,
        635407576,
        319066804,
        717470810,
        2609228524,
        4262768660,
        164185599,
        1211951612,
        1855404942,
        2891669110,
        1373678681,
        684337889,
        702042881,
        3309686962,
        1674962257,
        2029568335,
        3795143597,
        3822843361,
        3017023712,
        2669145117,
        2507679975,
        4126732652,
        1389528067,
        3118799057,
        720116170,
        2376698870,
        4072281398,
        4083753819,
        1731996671,
        3177583217,
        3283493452,
        3992856462,
        4126325601,
        2957003861,
        3748192267,
        939967504,
        6446633,
        1445707975,
        1818466960,
        2943219562,
        1087163827,
        1665339892,
        1818210437,
        2926866232,
        1641816263,
        482449006,
        362634518,
        2395762450,
        1556527501,
        619091004,
        1756696740,
        1821769808,
        3458978168,
        25693476,
        3433494773,
        959338492,
        1394977845,
        718882355,
        3839142157,
        170171568,
        642977057,
        2960240519,
        196334265,
        4176566374,
        3687709410,
        2517682668,
        4105110982,
        3355302909,
        3055771451,
        3698974661,
        295964764,
        3195515176,
        1436256900,
        2348338222,
        3134061416,
        785516654,
        958081173,
        826903210,
        3262072200,
        2569073690,
        1221718495,
        3552032662,
        3845683104,
        1517808436,
        1842381904,
        78695210,
        3979675562,
        1921259973,
        1584589758,
        2856582833,
        1168992745,
        2243462378,
        1272908283,
        1684157004,
        427404899,
        2269312169,
        3479964001,
        2559970559,
        3683371979,
        2604722010,
        263026449,
        2229053953,
        1636707219,
        4100096229,
        3753272216,
        1378103987,
        3973251780,
        3452320424,
        2020948792,
        1842706453,
        3569002261,
        2601374058,
        2425634522,
        1381696964,
        835877062,
        3333521601,
        2468464022,
        4182936553,
        1425408003,
        139901912,
        1580687422,
        2311556151,
        3995272687,
        1538852135,
        3008067113,
        2085624360,
        3206977379,
        4232994723,
        630418362,
        3590221285,
        2225137312,
        2882687413,
        3400914970,
        262241134,
        410438298,
        2349123994,
        2620291979,
        2828448019,
        737549273,
        1790075174,
        3632568131,
        2035401170,
        659282083,
        2126410765,
        322147076,
        2915802178,
        922024294,
        1201919036,
        3724267842,
        1557091200,
        2707474963,
        298119148,
        606460058,
        3648619627,
        529463080,
        1184372131,
        1791983190,
        2345585043,
        2962007512,
        781024570,
        982455402,
        1324718936,
        1747103947,
        4094769937,
        2610268548,
        3801734840,
        2291090456,
        1328655513,
        267465389,
        3551017818,
        4148541152,
        1209580189,
        395871570,
        2960496034,
        1422803086,
        1863170319,
        4229888360,
        523009054,
        1767727570,
        163910202,
        1982192191,
        804276650,
        915331808,
        2240660661,
        1278601750,
        1036879187,
        135225583,
        1587885426,
        2761992836,
        1040450283,
        3339496914,
        640948277,
        826141722,
        1791108977,
        3385177364,
        2192474843,
        2693996177,
        463235743,
        3333393338,
        1225105855,
        2688545581,
        1759040004,
        2112649444,
        1915713351,
        2296822566,
        1428374061,
        4061230864,
        2646073431,
        131944836,
