{
  "generation": 92,
  "fitness": 3003.7688442211056,
  "food_eaten": 40,
  "timestamp": "2024-12-11T16:07:32.424914",
  "initial_state": {
    "snake_position": {
      "x": 24,
      "y": 12
    },
    "food_position": {
      "x": 21,
      "y": 4
    },
    "random_seed": [
      3,
      [
        1995423267,
        2584488544,
        2199294328,
        2023771992,
        3999920213,
        3552081487,
        924106444,
        325218109,
        3082362741,
        1203917850,
        3259164578,
        1871738855,
        4293736928,
        70014226,
        3656939213,
        1684483948,
        211386973,
        180113773,
        3343533597,
        249687398,
        4275275985,
        2692943488,
        1315109293,
        137496274,
        4212794941,
        1386388051,
        2778486777,
        2668128792,
        611490617,
        2400405493,
        2646935359,
        1388294997,
        3806686392,
        4278489221,
        1643724983,
        1646188531,
        2991780380,
        854530966,
        2822772902,
        2221679933,
        2796106734,
        1540120903,
        1814523676,
        1618121545,
        329609795,
        3645115702,
        3208130045,
        76841932,
        137512912,
        1134352164,
        313341541,
        2409575131,
        2131754868,
        328367504,
        593175767,
        374615443,
        1416606244,
        891175317,
        357968565,
        1226331294,
        4197038970,
        1005175562,
        4200637249,
        4218091779,
        2371526124,
        2899503433,
        1683048985,
        4146421101,
        3348867815,
        3630998887,
        3541265582,
        3229596823,
        732338028,
        2637401339,
        1447463655,
        1303023783,
        1923872790,
        147388533,
        487404704,
        1260382290,
        4282425461,
        625164419,
        3469043464,
        3243689598,
        964623474,
        3093287748,
        2761141982,
        3483737250,
        2132511760,
        3655108491,
        576450102,
        3596574306,
        3918803041,
        676719133,
        1618267614,
        874554007,
        3623979697,
        2632166031,
        1286971676,
        2520710698,
        2257647251,
        3528688770,
        3023260603,
        1084722996,
        2057412327,
        3946025753,
        1590908163,
        3439530959,
        318633851,
        1118522237,
        2824541000,
        345760090,
        3509555030,
        280860218,
        1436097184,
        2687492139,
        1962989385,
        3832343681,
        2585623385,
        1220905865,
        2208983523,
        1770380455,
        2884147405,
        3310601316,
        1930394441,
        4104681017,
        1732563651,
        3605611898,
        926118467,
        1179762605,
        1144191234,
        2408847713,
        769273807,
        2146355981,
        3010566272,
        3361544507,
        450670024,
        1205643045,
        2191022154,
        1048095256,
        1845189766,
        2892516064,
        3680078334,
        4155960371,
        976809673,
        634870792,
        3879594901,
        1066191971,
        215631170,
        430135428,
        714717366,
        1614155796,
        1936805375,
        195084422,
        1841403093,
        969096107,
        640147450,
        868498903,
        4178696509,
        1194615608,
        519502604,
        54780684,
        3691827257,
        1071065860,
        1108351843,
        2940119995,
        813247160,
        3687261377,
        953937402,
        3615862484,
        2972924759,
        2064195560,
        3223446653,
        1566773006,
        3821128590,
        3839974719,
        2351409638,
        3865569844,
        1957800282,
        592404224,
        3437876144,
        2072478171,
        1837442454,
        78048460,
        4088381276,
        1630503810,
        3104234357,
        3288706159,
        1206881801,
        2453670842,
        331542524,
        1003005528,
        3771857074,
        663902450,
        2150624838,
        2443606503,
        3676696988,
        1447691552,
        139376997,
        4121764303,
        2844824451,
        1971053994,
        2908338452,
        3979604817,
        4092006949,
        1357640620,
        3102484532,
        3245409897,
        2385385280,
        3999858971,
        3398211769,
        3234982354,
        1287992069,
        2757055007,
        4272874415,
        3529998110,
        1143549188,
        2446070547,
        1833544119,
        682117788,
        1622618390,
        1527031854,
        2707765362,
        695103798,
        4161307436,
        286449436,
        1314054483,
        820676079,
        1803637557,
        1290107809,
        202053127,
        2042998141,
        4159186226,
        2689283511,
        1989364588,
        2538021495,
        493038958,
        226535966,
        990250871,
        2248948698,
        1114934262,
        3489471682,
        2531962432,
        890525442,
        3576709399,
        1943294464,
        3491670459,
        2457211165,
        747025943,
        2079252843,
        1685061514,
        2426915722,
        390337512,
        3650465848,
        3785100827,
        3454457999,
        3888984421,
        2115138617,
        2514858057,
        2987361441,
        565951046,
        3810139688,
        3611702145,
        542748522,
        3229665501,
        1977842199,
        3311963870,
        708357650,
        2626318590,
        1248216353,
        1382739821,
        2088535009,
        3836341128,
        3708646831,
        1901343677,
        3101258173,
        467677600,
        923569603,
        2936011972,
        2665935259,
        3711800275,
        1694581397,
        32261553,
        580586198,
        1372264343,
        909287330,
        3402617592,
        4032822071,
        2298539108,
        2006064021,
        3353452938,
        437746784,
        1773051538,
        4209093072,
        677209349,
        51478796,
        1096153978,
        1655435062,
        18492529,
        2104498608,
        3382900205,
        2464310796,
        2445873767,
        3402693648,
        2584186550,
        2751415734,
        2322512750,
        3861052656,
        990070517,
        2562823532,
        509913711,
        1292162948,
        2757745669,
        2033779016,
        781435590,
        1237246644,
        1119281486,
        1709426924,
        1517742995,
        41099373,
        3021401741,
        1882613142,
        726351348,
        4159933498,
        1259088659,
        640612687,
        2093069072,
        2645632872,
        1367205578,
        2797526961,
        3037956157,
        144607523,
        3956997049,
        2176992372,
        890385131,
        1087693939,
        3004460743,
        1615916569,
        1561359475,
        2419084019,
        1148762414,
        2998769588,
        2278195419,
        2761794111,
        596580772,
        1768251944,
        1438225513,
        3161418512,
        1524566979,
        3533194785,
        1622134207,
        3393120416,
        2861496093,
        1398972766,
        871486274,
        1096194880,
        302261122,
        81733259,
        831098106,
        875502024,
        2077714320,
        2752646902,
        3451029150,
        3226259466,
        1306230513,
        598666726,
        908233014,
        1665345001,
        1632284867,
        3764843116,
        569863884,
        278133911,
        1981397427,
        3454798009,
        3252023105,
        279212890,
        3640972961,
        986724061,
        1327929434,
        2563516427,
        3972753608,
        2827657532,
        568890405,
        1824602081,
        1779501077,
        2378858008,
        2881235180,
        3538430369,
        321032234,
        1839698261,
