{
  "generation": 21,
  "fitness": 2554.5945945945946,
  "food_eaten": 34,
  "timestamp": "2024-12-11T16:05:58.134862",
  "initial_state": {
    "snake_position": {
      "x": 25,
      "y": 14
    },
    "food_position": {
      "x": 22,
      "y": 4
    },
    "random_seed": [
      3,
      [
        751570870,
        1902573215,
        4071289010,
        1786221865,
        543617819,
        669273225,
        795451455,
        1280685050,
        3185149649,
        4228264170,
        510793928,
        3352453935,
        2546013408,
        919741735,
        1531674155,
        3927307644,
        3611452925,
        946248935,
        3158319245,
        3108261088,
        812660528,
        1200705225,
        1876081815,
        3334740728,
        1748482175,
        3190224990,
        2524952130,
        1839813631,
        1304215402,
        1893085658,
        3469580892,
        4191902880,
        3637799925,
        3876233181,
        1401876557,
        1857296936,
        3581838336,
        454873980,
        1308701629,
        2053198858,
        3756541306,
        3434404792,
        2560533854,
        1753184704,
        1544403420,
        3665163233,
        4010998763,
        1443977356,
        549334690,
        3081095762,
        2131046461,
        744957583,
        1830154775,
        4242505821,
        3074411784,
        1765827721,
        629486973,
        562284194,
        46189979,
        2768890696,
        2478938363,
        2050606108,
        1416229235,
        1239186098,
        1571293203,
        3115983457,
        3282142375,
        1892711263,
        3199299885,
        2175529548,
        727076479,
        858401999,
        2629197435,
        4124453676,
        1213344831,
        3316004817,
        1581585291,
        464777012,
        2556293168,
        2738986945,
        2521646319,
        2423562479,
        1492056125,
        3608953910,
        2905515869,
        3186228896,
        911386622,
        3615909806,
        2004375413,
        2231159047,
        3369996381,
        546502191,
        3752236308,
        2620953892,
        1477117997,
        3369996360,
        37625737,
        919549609,
        1383392010,
        3748538623,
        2340772513,
        2861868696,
        3158298681,
        3761470264,
        2959431111,
        2700671303,
        2130166405,
        1158207251,
        3437513194,
        845348749,
        2967968509,
        4047089628,
        1220578676,
        212653069,
        3559640149,
        164868724,
        46661540,
        54720653,
        1330662055,
        1680539764,
        3815723354,
        646949980,
        851229273,
        2817187036,
        3897295468,
        2051269877,
        1140302982,
        1233402857,
        778194768,
        817429921,
        124102188,
        2680978828,
        4122652910,
        3386196728,
        4009112569,
        3436951871,
        4255709744,
        1279653343,
        3051431586,
        3560674433,
        3505993151,
        645328945,
        2726427370,
        2490252850,
        4223546589,
        1678933818,
        1975727333,
        3947207349,
        1503607863,
        427806313,
        3165516142,
        4253174390,
        3026092522,
        4175288106,
        1201494291,
        2845996457,
        1017503399,
        2738093579,
        3418536972,
        3177082694,
        3269627808,
        4289286462,
        3146731537,
        3155911788,
        4290274721,
        1857611475,
        239695759,
        4241772205,
        914949346,
        3540845881,
        3249373717,
        63489178,
        4074164803,
        2098246058,
        3002333404,
        4041766080,
        858605581,
        2591031209,
        3509776534,
        4024227666,
        3362454774,
        3405511813,
        53534950,
        368572706,
        3494493618,
        4111060578,
        2762141600,
        3945581731,
        4017958176,
        3703081383,
        2518090757,
        2049049863,
        860145825,
        1802944398,
        3970204859,
        1157409839,
        3468188140,
        1279516933,
        3400453340,
        2470924245,
        2826778326,
        31020028,
        225972475,
        3684101990,
        1498086617,
        473312371,
        1936496894,
        2676254850,
        606128227,
        776937634,
        685239209,
        4162808736,
        1942300914,
        3239658009,
        4020814730,
        2227732794,
        1854203256,
        705053267,
        2200761551,
        1016723394,
        2362246956,
        2469392481,
        3215105772,
        2508520838,
        1045195716,
        1273573135,
        4249769916,
        3446265887,
        1527694622,
        2922313036,
        2483730538,
        3984155455,
        3882175783,
        592169937,
        1792742495,
        3264471955,
        4182875637,
        1297148006,
        1103520122,
        2896004606,
        1581237199,
        1398129466,
        1608236662,
        1493185531,
        57716570,
        3563809602,
        988143945,
        2942688616,
        2324191457,
        1821762484,
        1455786175,
        435944536,
        1920594609,
        3277998683,
        428410423,
        3913512092,
        1754605325,
        806255115,
        2320196851,
        3791647098,
        3655180644,
        4185618471,
        1452539145,
        2853190805,
        734058921,
        896004175,
        1787711469,
        3927550681,
        4222830325,
        4225703493,
        2648123240,
        3739386492,
        3001956651,
        1650894319,
        2551896370,
        3003562641,
        3519876982,
        1244587198,
        2953134132,
        2385826746,
        1534657608,
        2051454585,
        2814014151,
        3581825512,
        3100128004,
        70114671,
        608973722,
        3166441961,
        2481961971,
        1592067311,
        1454171400,
        1400439564,
        1861453630,
        1530673872,
        1041371442,
        1075181228,
        353306630,
        3926472885,
        2500973910,
        1946894078,
        1559190052,
        517667452,
        3172655896,
        125874290,
        3398552962,
        4190001291,
        2475866363,
        2359209638,
        940971137,
        362203821,
        3214932181,
        3809513138,
        1950704384,
        27137182,
        3619000653,
        1557210918,
        1144935792,
        1566529409,
        1214394675,
        4222240748,
        2180069936,
        1634577263,
        3132232582,
        2296252096,
        219755653,
        3934374619,
        3021046660,
        2352595061,
        2154095904,
        1900430985,
        1547476630,
        3825599060,
        685279979,
        1518554421,
        2292683979,
        2462650159,
        1484038217,
        2854314440,
        3110921192,
        3325772941,
        954084839,
        2171839568,
        2066713466,
        2986759391,
        1658491691,
        93812994,
        2107984763,
        3471656610,
        3425136296,
        92062078,
        704777867,
        268345919,
        960315564,
        2007302380,
        3387901358,
        1969449481,
        4013470382,
        122510140,
        1117773703,
        3972264191,
        2042074323,
        1676764240,
        4140505370,
        1943293232,
        1734774305,
        3511934512,
        959222249,
        108998798,
        1740632553,
        3011887091,
        962299622,
        1161632977,
        1227412863,
        4284533761,
        3883286749,
        1463650874,
        4210059955,
        2186315340,
        3702442727,
        1441860708,
        3232287724,
        4048663409,
        3437624143,
        1939104213,
        543290223,
        696568775,
        3526948978,
        3009950803,
        4153117970,
