{
  "generation": 69,
  "fitness": 2628.676470588235,
  "food_eaten": 35,
  "timestamp": "2024-12-11T16:06:54.774127",
  "initial_state": {
    "snake_position": {
      "x": 29,
      "y": 21
    },
    "food_position": {
      "x": 3,
      "y": 12
    },
    "random_seed": [
      3,
      [
        2950327301,
        3966897856,
        2418631280,
        723830828,
        2062684519,
        369692847,
        4250493868,
        2165318490,
        2550605189,
        412446722,
        714081071,
        1786305515,
        2488442245,
        1542184403,
        3838487284,
        3146600167,
        2854119198,
        653717699,
        1774350423,
        3518586216,
        1190472520,
        1408386161,
        1672616837,
        3854308271,
        2733764459,
        1292806804,
        2736707664,
        3714546936,
        272427921,
        3079116367,
        3070283246,
        1360489328,
        3047189787,
        3285505579,
        3370247476,
        3151051692,
        968865551,
        458232208,
        1859259666,
        376107697,
        2461799000,
        3550958070,
        1617176477,
        1438683773,
        1007442060,
        2451713703,
        1142407200,
        3030620228,
        541683570,
        4290787796,
        3134484836,
        3369200370,
        3841454541,
        1621374762,
        883910113,
        1750881632,
        3861189878,
        888461729,
        3949002736,
        562716420,
        2144611136,
        3750292368,
        3254487713,
        5012898,
        1845768677,
        476862204,
        787680414,
        739574321,
        2152314088,
        2179345,
        277768511,
        787641432,
        431052305,
        745982549,
        1031973714,
        756497337,
        4093158210,
        1895610722,
        1808212871,
        1430770236,
        1571151473,
        3082525082,
        3936450507,
        948280572,
        1970764973,
        3319646369,
        3626307595,
        3893195967,
        1903754939,
        2832755918,
        226909975,
        1668641721,
        1822877108,
        3816837766,
        1034349796,
        1209523087,
        3830251527,
        967767384,
        2943760716,
        1942630883,
        152853628,
        383871890,
        725049703,
        1977222665,
        180725085,
        1814887031,
        2011159812,
        2386662353,
        1042321205,
        376924305,
        3584096839,
        156815603,
        1373122865,
        3053062939,
        2698916918,
        1186035543,
        3850306289,
        4274520964,
        1014454462,
        3742369685,
        1489908056,
        1982965301,
        1699196715,
        1496640414,
        1661791473,
        2314834788,
        1750371165,
        3449131558,
        381826195,
        392359711,
        563030163,
        904125506,
        844353910,
        3483342325,
        1318885104,
        2653979868,
        3238237684,
        1466588101,
        2828338449,
        75133890,
        472497756,
        1939203115,
        3763898877,
        118113442,
        1261248699,
        141973547,
        3293455951,
        1473918833,
        1844979912,
        779930226,
        652376326,
        1607369555,
        3323892973,
        522711714,
        2953995862,
        3127443753,
        47820559,
        2421256073,
        2952682021,
        4006750695,
        2005619264,
        286947632,
        3104220572,
        3639590086,
        2143015969,
        2710570697,
        2179549500,
        81008127,
        1982343587,
        462695527,
        3751225187,
        3293735028,
        4259006910,
        976930917,
        3978019483,
        3880304400,
        3726950139,
        4284624981,
        1625101139,
        978764611,
        2020765478,
        2601560709,
        1838558246,
        1709541466,
        2316130857,
        301149683,
        3031938951,
        1122872930,
        1827706618,
        1366467465,
        3059147078,
        1177400787,
        2170389435,
        153351293,
        3842299623,
        3707957955,
        1520581751,
        3735960497,
        2944760775,
        833415710,
        1972313779,
        2801637162,
        2466055435,
        3415227419,
        3283844626,
        190262761,
        2709723309,
        4126684026,
        79625670,
        3190028852,
        228786533,
        373774984,
        3803354856,
        3444910851,
        2876966071,
        1113556274,
        829820891,
        2843931221,
        2292061795,
        501264841,
        3617402458,
        2922197368,
        1814579798,
        3190191551,
        628335184,
        889419393,
        236740335,
        468764926,
        2972555207,
        2362446584,
        750994389,
        612872928,
        3823621635,
        805498588,
        244554988,
        554234648,
        1826517166,
        3421005774,
        4279211580,
        367217473,
        2981776611,
        1045271778,
        3217294577,
        2137487037,
        1042971073,
        294489932,
        2719801068,
        2743071597,
        3519859751,
        656951599,
        1231469775,
        3355421385,
        724442606,
        1791539247,
        3114838633,
        125137085,
        3770217054,
        3992383488,
        1529785546,
        443652224,
        2078551959,
        1457693753,
        3773390347,
        4208868467,
        2991982322,
        1765236062,
        1841159627,
        37466090,
        2202858648,
        1313322034,
        3328559961,
        1462568066,
        788669210,
        1597194388,
        3700177590,
        2628986013,
        824857658,
        1919734600,
        1022914364,
        2667817159,
        211877250,
        2698041896,
        4184551871,
        3073167764,
        3070538338,
        2535183496,
        215831247,
        2974770836,
        419267614,
        292876673,
        2499271002,
        140926042,
        779243499,
        4151410417,
        2011569079,
        555978195,
        3251320132,
        2563948358,
        586386595,
        650186255,
        2178054537,
        2249405035,
        1326699896,
        367800146,
        2367368117,
        2497327565,
        3569332476,
        312782086,
        3963048737,
        3675064952,
        3610281821,
        4189942730,
        2062361627,
        3059950080,
        1562040190,
        1533196100,
        3193321402,
        3298545243,
        2059996332,
        526505019,
        1819229268,
        1593790144,
        458003639,
        1260119928,
        248675483,
        12610217,
        1138508800,
        452752626,
        3415501720,
        1616522757,
        3554858674,
        2066310485,
        1925174712,
        1383555031,
        1271108579,
        655517822,
        3526015511,
        4288290112,
        3444832438,
        2918061692,
        3162668179,
        2921074832,
        3532786673,
        914347126,
        1542837923,
        574093469,
        3383838723,
        64417932,
        1585675162,
        812953891,
        1996202478,
        1193576063,
        3168617668,
        2726287874,
        3423902883,
        472983156,
        3761324535,
        1035141761,
        2826555147,
        1360678444,
        4118623986,
        3666555830,
        233482638,
        1777240740,
        3933638081,
        1507674848,
        330660775,
        1075997144,
        223520620,
        2545869519,
        2256974502,
        1500394728,
        771693961,
        2674171652,
        90164498,
        977198389,
        689410108,
        3610639520,
        724514735,
        188021329,
        4092441645,
        2098303681,
        1110200995,
        2876297713,
        2836909471,
        1644881874,
        3979410391,
        1385545567,
        3758081570,
        2881522713,
        4103677985,
