{
  "generation": 38,
  "fitness": 2778.4514925373132,
  "food_eaten": 37,
  "timestamp": "2024-12-11T16:06:17.013772",
  "initial_state": {
    "snake_position": {
      "x": 24,
      "y": 12
    },
    "food_position": {
      "x": 26,
      "y": 4
    },
    "random_seed": [
      3,
      [
        2986545482,
        3689872343,
        1906653258,
        2748081995,
        1751068569,
        783092248,
        3094152928,
        3846792466,
        3495537084,
        2133824609,
        3110945344,
        3058759819,
        3091549569,
        1115917816,
        885358568,
        2166388499,
        3022654125,
        2792230301,
        377467922,
        3259059551,
        224591657,
        341204496,
        1127004375,
        802244064,
        3059354219,
        2479204012,
        2644712662,
        995099274,
        268967248,
        2835902364,
        2477995606,
        223479443,
        3143568855,
        1882552178,
        3686223263,
        20908907,
        263003870,
        1286952682,
        3582078319,
        1091638831,
        447262579,
        950694124,
        751285027,
        3636522279,
        339606732,
        3742227342,
        1740965970,
        1182343783,
        1297136489,
        724400154,
        3180354040,
        1203315441,
        4173570605,
        648680938,
        1455474573,
        328428532,
        3751002632,
        49992746,
        2042540581,
        960667109,
        2603126274,
        1648622275,
        475539544,
        1951967242,
        3143861953,
        2788001137,
        1802574163,
        3100525580,
        1809197562,
        2846227149,
        667515167,
        1027264873,
        3402910202,
        1270296573,
        2785488418,
        3777966953,
        2480478817,
        2835723882,
        4138759212,
        2359406750,
        3522743110,
        1162344580,
        2964183484,
        233480976,
        1104383869,
        3522292156,
        1199942897,
        2001417689,
        1039520686,
        1212739013,
        1185898359,
        2560946953,
        2904503553,
        3753214130,
        2361750529,
        162964722,
        1379847304,
        3664314459,
        653304344,
        994215991,
        2658455007,
        752958669,
        2328619175,
        1729827408,
        834932305,
        147594488,
        3334385008,
        1516525353,
        4079244630,
        1815958291,
        2228477851,
        4250705016,
        260960610,
        2119333020,
        2038935345,
        133259597,
        707928633,
        2162598493,
        1684635340,
        2877536283,
        3994595049,
        937436214,
        2020249745,
        491988036,
        302060611,
        1215808835,
        1608723595,
        1952501288,
        2777531279,
        3558985649,
        2643752330,
        4076100733,
        2032134909,
        3052962810,
        820845866,
        1080655712,
        3898706241,
        2812797324,
        3205117033,
        4152613848,
        4033412965,
        1342203420,
        311671779,
        466011501,
        759131732,
        3235773836,
        1312326597,
        1598758598,
        1119674987,
        3816539476,
        3346650533,
        3061681818,
        842910721,
        448440441,
        2183999914,
        660025195,
        50915946,
        4096130003,
        3432841985,
        1181630573,
        2628199492,
        2273413824,
        28697611,
        1883390849,
        2101281010,
        3190169149,
        1200875042,
        2296822875,
        3967460413,
        1137729464,
        1907444010,
        2843050023,
        1324440983,
        2830985187,
        3125737985,
        3978565002,
        266107657,
        238747636,
        3302297850,
        705153963,
        1811981480,
        390033258,
        2559800878,
        255405847,
        4269218897,
        1919908946,
        1896480509,
        366580076,
        4171237838,
        1427953892,
        1138292335,
        3400681098,
        1126710113,
        3154974146,
        2260599733,
        1582711962,
        2450427761,
        1826883545,
        870190136,
        4051131423,
        766786805,
        2024911675,
        3907157006,
        4195037897,
        1523773186,
        3513917573,
        3562702182,
        3920985200,
        836859308,
        3931877693,
        2005919115,
        1531020555,
        1815770210,
        2742050164,
        3829913494,
        494800119,
        122505826,
        623255588,
        1005944217,
        3175085256,
        3906594328,
        2364753354,
        2776514759,
        1125427003,
        3882998779,
        593749844,
        23063582,
        4009495089,
        3289726583,
        920645666,
        1784431824,
        1182836589,
        330911858,
        3898747222,
        1700247164,
        3271777709,
        3493066714,
        2662882654,
        3504291158,
        3634788203,
        1246440805,
        1469350676,
        4054954899,
        187146111,
        3520030094,
        1075306781,
        563684776,
        859231930,
        2391375074,
        1300353351,
        2698027528,
        318947514,
        3953609173,
        3235095993,
        4148288387,
        1286695525,
        3490841805,
        999109609,
        199834000,
        2057596922,
        1357259052,
        1555449242,
        1269163437,
        2175618752,
        3571086854,
        2208997436,
        1655228054,
        2674827256,
        2812360921,
        2461167813,
        617191516,
        3619828003,
        4014286263,
        3512424951,
        466647782,
        2542674553,
        1697648338,
        3204384354,
        2286556882,
        2250222711,
        3567936584,
        1576933022,
        2821164755,
        29381052,
        4046849295,
        516914580,
        1342511145,
        3976401280,
        898833356,
        1405095825,
        329205504,
        1002601146,
        606777659,
        1010796692,
        3450639306,
        2951132549,
        3816877503,
        3332210495,
        236344531,
        2780632796,
        3177119374,
        4267068941,
        1001395313,
        258126238,
        854782512,
        1091332305,
        4065193278,
        191802490,
        3289189810,
        3719112024,
        2773530887,
        301387969,
        1702407650,
        1568396206,
        2784150536,
        723493164,
        3022026830,
        2622441070,
        4207538162,
        220909177,
        877320947,
        1410308410,
        719141328,
        1303929839,
        2546283106,
        3643914070,
        2367157677,
        2506413110,
        3832251666,
        1818800042,
        1615836060,
        1079637624,
        2541747158,
        3928739430,
        259518838,
        1353444021,
        12968444,
        577904174,
        2307806528,
        1833597390,
        294147297,
        2985946677,
        644057189,
        4022444305,
        244263270,
        3389123235,
        1954455477,
        3534790908,
        1133837853,
        445318639,
        1595870761,
        1991733606,
        3338709846,
        4290894939,
        4181098089,
        2629850316,
        704271445,
        957856993,
        1239193333,
        2018144393,
        3792621030,
        534210896,
        3346355239,
        735319788,
        2666814470,
        100306065,
        3615760698,
        506987591,
        4088459611,
        2229050575,
        4008788103,
        1953328605,
        3591149315,
        3717037226,
        810493266,
        1194285733,
        768010707,
        1080322168,
        17363913,
        3205674752,
        1383560861,
        3173377536,
        3954861639,
        2500908380,
        1593093867,
        588738318,
        587730958,
        3242612610,
        2603359336,
        2188108070,
