{
  "generation": 51,
  "fitness": 3003.3519553072624,
  "food_eaten": 40,
  "timestamp": "2024-12-11T16:06:32.002239",
  "initial_state": {
    "snake_position": {
      "x": -1,
      "y": 27
    },
    "food_position": {
      "x": 16,
      "y": 11
    },
    "random_seed": [
      3,
      [
        1360398976,
        1501436371,
        3111363093,
        163415459,
        2584489837,
        2897874396,
        3325783663,
        1623645317,
        2039561606,
        2082722761,
        3486355824,
        1985918829,
        443475939,
        2030401987,
        3701928601,
        1334014601,
        2336936157,
        2363422485,
        2825890027,
        3395650689,
        4220317160,
        278173349,
        3844886304,
        2995864256,
        2263084876,
        3523782479,
        1062173160,
        1368957263,
        645577910,
        2369281648,
        297459267,
        2652269101,
        3699020037,
        2040121153,
        1935212784,
        2810474016,
        2032900007,
        4291925448,
        2127067515,
        2444944230,
        1035983432,
        3560874689,
        3168362102,
        4234281811,
        2971632234,
        3153210346,
        2207409586,
        516131432,
        1546493126,
        3805098143,
        4105477611,
        2304202046,
        337631957,
        3532453187,
        533056793,
        3806460733,
        4168346253,
        3085611769,
        3439848542,
        3114903783,
        523715115,
        1790512584,
        2243115251,
        3110978071,
        1917644323,
        328393173,
        820126848,
        793131006,
        3170616766,
        1291035812,
        2065841817,
        2117661282,
        1280373253,
        206884477,
        3683266250,
        1891065292,
        473497606,
        3002829577,
        3262938554,
        314045806,
        3049575224,
        1969196809,
        3035870948,
        2312581385,
        2957561971,
        3858365506,
        1632374693,
        3991598733,
        3870597182,
        46122329,
        600489797,
        1180768513,
        890265253,
        3036674737,
        1121522856,
        1053056666,
        152756792,
        2015997998,
        3590694652,
        3738729484,
        2578302418,
        2132429086,
        3566422726,
        3176837668,
        3037954691,
        1073380784,
        4011858675,
        1456456533,
        1239101403,
        549472646,
        1495299969,
        49233898,
        1725462638,
        2423822374,
        2439896211,
        1637620840,
        2925135964,
        2051541856,
        1354409386,
        1521274512,
        2908469961,
        1720432215,
        2581168416,
        716784898,
        1559156656,
        3515710688,
        755588269,
        2210552243,
        1950328598,
        3654616753,
        1871301912,
        3331966103,
        3499096670,
        3206659809,
        2324692505,
        2204820246,
        410095695,
        1366384763,
        3425981410,
        2773087000,
        3167305534,
        481587553,
        1888764341,
        3541482135,
        3062867664,
        3593660933,
        3702848556,
        370081662,
        2761692396,
        1161398248,
        446130315,
        1936956126,
        1868072685,
        4109582564,
        1642514955,
        2917879484,
        372260530,
        2272618437,
        1521668175,
        1915244166,
        1826212683,
        1230230702,
        4249574984,
        2054896249,
        742209583,
        577120214,
        4018271762,
        640052410,
        1164456312,
        2527115581,
        94810011,
        3976373878,
        1683266994,
        1449322404,
        3482259740,
        3285248644,
        2953441339,
        2534807705,
        305466782,
        2888907268,
        4134100354,
        2689312310,
        2622201811,
        1213135471,
        1549847899,
        3848954517,
        2554093285,
        1468277958,
        936994003,
        3330923255,
        3242979967,
        1014890011,
        3084105759,
        133425329,
        242318040,
        3877401267,
        2286351966,
        3731812270,
        3557112551,
        3082281903,
        645628255,
        3263492468,
        3030203790,
        1249759926,
        2303659232,
        1418156859,
        633383113,
        2987492452,
        3144299745,
        481176582,
        678263613,
        2564834291,
        1831957086,
        130931280,
        2107620482,
        3466448051,
        3675266993,
        4032934187,
        2770855454,
        2494509847,
        579063671,
        2454933333,
        3060000517,
        4013767591,
        1711167840,
        2112914334,
        3079776802,
        3132790434,
        4162834412,
        2380740615,
        1753147740,
        2627973809,
        1262684274,
        3453685369,
        238314623,
        2223734314,
        2369355357,
        2293833936,
        962437252,
        3854660160,
        2367187949,
        3577824256,
        1643045090,
        393319887,
        1926635994,
        1935222639,
        842591376,
        2856531423,
        3387747927,
        578379886,
        3763233238,
        1591556157,
        1497888422,
        3592320637,
        2746346980,
        1347088138,
        1097484930,
        2705821027,
        4149063278,
        3961173910,
        1525201650,
        3967106080,
        3320582921,
        687231562,
        1194631545,
        673129588,
        3411111130,
        3587945060,
        2634013448,
        1936386094,
        977248898,
        1979639375,
        927880811,
        1030530399,
        2159570028,
        775898066,
        1529903393,
        3657581046,
        266700468,
        3019555142,
        2904542812,
        1665134261,
        2083508475,
        3846744288,
        2516269337,
        3839391450,
        3389975418,
        1755175379,
        2475941028,
        1537090057,
        2291245856,
        1788726640,
        2751322470,
        1677497286,
        3937954913,
        1478082742,
        603080619,
        2090225799,
        3539316932,
        3639878440,
        4204906570,
        206782777,
        3491146324,
        3686227284,
        2440798710,
        1808642791,
        2439921206,
        1376838013,
        2668784344,
        1575307321,
        720023697,
        730654741,
        3991870412,
        3712575820,
        2392740798,
        2123622084,
        568313808,
        2290775485,
        1781005589,
        3939925853,
        188904207,
        1887219326,
        3035198982,
        719094522,
        3748107465,
        489779313,
        2310158527,
        3163107241,
        3759622686,
        1977953826,
        3036639430,
        663302073,
        3036108471,
        3792462342,
        61006445,
        1305962945,
        346153326,
        866926827,
        3906586310,
        1127442617,
        395019806,
        1715370881,
        1146405277,
        324724002,
        2102371373,
        885400335,
        2534368246,
        2350513666,
        3750404035,
        3566619309,
        1404628636,
        1003532618,
        410973156,
        2968610596,
        1985988342,
        2965901275,
        3798203335,
        2845125425,
        1033991291,
        3287118246,
        164804520,
        1867772235,
        736318488,
        2676337757,
        471589267,
        1606974536,
        4110767654,
        1973389626,
        1468130646,
        1616599278,
        1549595405,
        2473267867,
        1243499365,
        1417046604,
        1657946210,
        4089183073,
        1399070506,
        1342542203,
        1366163016,
        3759024698,
        1191714025,
        3391181664,
        3866130339,
        2375099743,
        2338643694,
        805437204,
        1147573846,
        1937207488,
