{
  "generation": 30,
  "fitness": 2029.0744466800804,
  "food_eaten": 27,
  "timestamp": "2024-12-11T16:06:08.004364",
  "initial_state": {
    "snake_position": {
      "x": 6,
      "y": 7
    },
    "food_position": {
      "x": 21,
      "y": 26
    },
    "random_seed": [
      3,
      [
        2410660888,
        4161207038,
        2972540533,
        1400572587,
        554540632,
        1263000401,
        1783440349,
        2562281774,
        2829270001,
        1045948138,
        2236058167,
        2883763367,
        70158965,
        1893521518,
        2029735778,
        1525452858,
        3824194497,
        2717441151,
        3512433703,
        465012199,
        173508793,
        3053538311,
        803151482,
        3817805049,
        1632718678,
        3186625670,
        4141873230,
        3357820649,
        1992385302,
        262520181,
        2104276901,
        1299900711,
        300999142,
        3883698722,
        2753896664,
        12232006,
        1217418010,
        1975512707,
        307442960,
        3177251634,
        3507041357,
        3231529483,
        3497878858,
        980742233,
        3426409661,
        3782225039,
        3921048652,
        3064238060,
        3988302441,
        2620312664,
        2403095433,
        48532459,
        2334497572,
        1042222838,
        1338995751,
        1929772889,
        198422157,
        3380278206,
        4178911100,
        2753889438,
        3195846814,
        1951021836,
        2902713229,
        1505847293,
        1472434332,
        925620508,
        2957716286,
        3490433006,
        2456423451,
        3742649641,
        3361584886,
        888130506,
        3002176738,
        375363239,
        2649015685,
        1258037192,
        1047386293,
        2853024253,
        3358878881,
        148313001,
        2508831319,
        83636604,
        1535939605,
        1003671190,
        3770431937,
        1489505117,
        801803092,
        3058893872,
        3081098029,
        306387018,
        993742554,
        4093276755,
        1344423149,
        682513386,
        2217184470,
        2482813313,
        3498485507,
        447284030,
        1199270211,
        3085593583,
        2791430941,
        162330396,
        4183648972,
        2427375995,
        4044098156,
        4027714977,
        3974226956,
        1644545564,
        3542753245,
        2664224327,
        3398251204,
        3409426445,
        4207974146,
        1214333971,
        2335036044,
        2756580565,
        3689615279,
        3109538461,
        1626845105,
        3118303421,
        3986030160,
        3623819039,
        3939355188,
        3102644777,
        2301031370,
        1064092496,
        1794365027,
        604526720,
        537981421,
        1050500892,
        3356980912,
        943882324,
        1284688,
        775410207,
        3836652720,
        3794461543,
        557617922,
        1194057579,
        4112981844,
        3724601813,
        4206472963,
        810824694,
        3247074224,
        1598818477,
        3529557406,
        1068035813,
        448487085,
        932950613,
        1532639927,
        807916597,
        4005227939,
        1943120796,
        2081975702,
        3469532329,
        3318231399,
        59969033,
        221427936,
        410136176,
        960084204,
        528338141,
        627009043,
        1169093233,
        1490536214,
        2831946612,
        3806368887,
        1765421546,
        3682487703,
        1639793262,
        889911898,
        3785488078,
        2146996606,
        4198244628,
        724429767,
        946058462,
        2685221137,
        3657488189,
        3183559154,
        575108337,
        921910019,
        3219892583,
        2625323188,
        1013521470,
        3734316765,
        2130485814,
        390068459,
        2132640956,
        3644198537,
        222837549,
        1902908836,
        2089456722,
        2808593552,
        4265623789,
        4157855701,
        4017971053,
        1439751425,
        739345565,
        1953478772,
        2782164657,
        1976241465,
        189098770,
        2946954222,
        4207172077,
        2662558253,
        1495705522,
        3734424617,
        2760871451,
        1880969454,
        3561237462,
        1762524701,
        3224792564,
        556998917,
        158044736,
        1998639156,
        1331706416,
        3759472223,
        2786315593,
        3824226957,
        392421998,
        4237198961,
        2490321786,
        4065795849,
        2889722528,
        2824614259,
        1105740402,
        1821573242,
        735854910,
        2113511307,
        934527661,
        478587744,
        2104205311,
        489871418,
        2209909581,
        101079332,
        4148580145,
        1657417853,
        197357164,
        867056270,
        1952338658,
        506774534,
        785352700,
        1169376981,
        4133149407,
        486645252,
        3941666020,
        176044007,
        2315906549,
        1192598832,
        2079771143,
        926549983,
        1668423926,
        2228864494,
        376018198,
        3029909797,
        2213481712,
        4095711183,
        4033317629,
        1599839120,
        2832754544,
        1133170571,
        1635109999,
        3995045749,
        2783015357,
        3653212865,
        874843,
        613243352,
        1798735113,
        4042142384,
        30534711,
        2267577033,
        3088702861,
        350573391,
        2270987291,
        3568933533,
        2207027296,
        551761696,
        2846026919,
        4073604342,
        1028642384,
        3060363002,
        3518314465,
        4226517539,
        918568598,
        556146054,
        2986106316,
        2127419496,
        3454126720,
        2468422885,
        838237420,
        2337293200,
        3689670788,
        3679938579,
        326425489,
        4199591053,
        729275914,
        1852658074,
        4146174982,
        1405130361,
        1404732779,
        774104250,
        2935007592,
        1072184349,
        3502410665,
        1500993776,
        3009670481,
        2410667182,
        2274509524,
        717264216,
        2592240553,
        381823141,
        2037237352,
        1524245191,
        428147178,
        1227417096,
        1334572447,
        1138164470,
        3440110987,
        3136551706,
        3007292331,
        2464802636,
        4264351502,
        3893517396,
        981502087,
        812457718,
        3029223520,
        458672716,
        1518313694,
        1383284976,
        1597110736,
        3899721610,
        755598195,
        3739690840,
        2393412684,
        1501996670,
        1472835374,
        3798573852,
        1158361628,
        364518253,
        68848644,
        2780656866,
        3191897995,
        1335283251,
        2681842486,
        3621018150,
        3593149746,
        1874219444,
        1545967005,
        4169823891,
        1528205168,
        3026908961,
        2195549549,
        881614056,
        1512654811,
        303372889,
        2983774038,
        913743490,
        822270866,
        3833238188,
        1597788607,
        3038495084,
        2098923205,
        1100720318,
        2973967476,
        50721067,
        1098487050,
        3275251645,
        3253766848,
        1969387158,
        2751921801,
        1807818366,
        2868859775,
        2794877670,
        365385506,
        788981419,
        2858776873,
        2141281925,
        3762687321,
        606652339,
        1837597499,
        1713084314,
        190150070,
        1195169069,
        2482154021,
        1498847388,
        972229189,
        3852228451,
        3931425450,
        2481335069,
        3434898196,
        3697279370,
        3093045232,
