{
  "generation": 42,
  "fitness": 2629.026073619632,
  "food_eaten": 35,
  "timestamp": "2024-12-11T16:06:21.666306",
  "initial_state": {
    "snake_position": {
      "x": 13,
      "y": 30
    },
    "food_position": {
      "x": 3,
      "y": 8
    },
    "random_seed": [
      3,
      [
        1147834642,
        2889145913,
        4126107818,
        1374711603,
        3695080055,
        3177289415,
        1717838433,
        227591519,
        1805713552,
        3606815093,
        3072151585,
        3826882755,
        4232578936,
        3775287538,
        1324785011,
        1969130345,
        2372774872,
        3451846239,
        1362151575,
        3761667307,
        3947808444,
        796865521,
        2015176575,
        1733210097,
        3120732029,
        2353713000,
        2420971472,
        2298375399,
        3326056059,
        2186039241,
        138333541,
        1065352028,
        3177704905,
        3776898544,
        4218134672,
        2138795149,
        2579518590,
        1091146845,
        246442451,
        3842647702,
        3969652186,
        356339736,
        66878129,
        2105741327,
        2039348530,
        2008121758,
        3958127492,
        2290468464,
        3953214661,
        3319339259,
        1465624315,
        1064986278,
        1488067165,
        3553542590,
        924683070,
        3454261926,
        1021206528,
        1818661198,
        3825779463,
        3977443874,
        2508905150,
        3130472189,
        3233009176,
        3234889877,
        2182013425,
        3903435934,
        3705522684,
        3251600672,
        1796582068,
        2937356498,
        2581147842,
        219313778,
        260819221,
        4231351583,
        1187881572,
        8976187,
        92252522,
        3720271159,
        550362895,
        3884237001,
        3934054000,
        3609267155,
        203570099,
        4111322973,
        3596769669,
        690303,
        2811706484,
        1295901671,
        768847630,
        3424137800,
        1418795855,
        3976348531,
        4116874610,
        142664314,
        1842828149,
        3528102388,
        3226300625,
        2112024132,
        2131433380,
        1642851244,
        680650153,
        3629123567,
        4266962336,
        1380880339,
        2288230466,
        549757521,
        3228619200,
        3177442301,
        459414161,
        2336107786,
        3609164866,
        4201601780,
        806431664,
        3148126086,
        4153521906,
        2504673299,
        522693556,
        2351596206,
        2945256987,
        2110216530,
        2731000840,
        3627658511,
        2809826241,
        798525997,
        3804174120,
        4141959651,
        3823788881,
        2610752419,
        3768558837,
        2944972021,
        4171648719,
        21165635,
        4290619993,
        3636800999,
        2442625725,
        1739440304,
        766364647,
        196266323,
        1782948524,
        873887739,
        3271775555,
        1680887887,
        988770037,
        1489712927,
        2588499645,
        2842386489,
        1141972282,
        605777122,
        2577927178,
        760537527,
        2527192754,
        2787290085,
        1075847383,
        249410324,
        217578408,
        3860462753,
        370201225,
        1168728707,
        1986878535,
        4093384835,
        1731026183,
        2193516475,
        2503466216,
        818469555,
        1695530910,
        2692212673,
        4165684752,
        3803303304,
        2488994242,
        3417183609,
        1029694347,
        3283562822,
        1383603757,
        2737166577,
        3274354339,
        461043647,
        694735452,
        510926826,
        2786202347,
        2206831619,
        824732633,
        1265134202,
        335018709,
        3359382060,
        1555556034,
        4120640980,
        665783619,
        3200651969,
        2158901776,
        403065865,
        1100097432,
        2276587464,
        474207001,
        3541624031,
        891553927,
        929638939,
        3050867566,
        293900294,
        3394294127,
        1864150963,
        1533152185,
        3483812847,
        4070046763,
        3046731294,
        3191760970,
        1016818982,
        306448070,
        1476150293,
        1939107833,
        2030348998,
        2155772375,
        352334866,
        1297693728,
        4235560700,
        2877758356,
        3438969720,
        541108915,
        2759214544,
        656768291,
        2178652258,
        3499885191,
        1826643319,
        2207524058,
        1437403008,
        3778928667,
        2658267326,
        3356428962,
        1222845143,
        1889676971,
        15664644,
        3976310086,
        4227512772,
        4045494506,
        1620811323,
        2112248007,
        2763618573,
        1790509747,
        2035449543,
        1057871580,
        749674283,
        904812077,
        2163167950,
        691940591,
        3560696862,
        2572976850,
        1474478529,
        3207078399,
        3209075454,
        2264736722,
        3565411629,
        2879452314,
        2118791072,
        2718866117,
        878294775,
        389037028,
        880390899,
        2752049969,
        486895137,
        518080955,
        3832160750,
        2992865725,
        646942750,
        1999634588,
        2732191747,
        3233383248,
        648468926,
        138853159,
        1053655830,
        2977790871,
        1630503105,
        2379419834,
        3613155591,
        106475724,
        601407316,
        2986547699,
        1865769793,
        4075909793,
        4133641555,
        1483015256,
        956771796,
        3513817924,
        75117073,
        3635773268,
        3784542706,
        1924830486,
        3597153076,
        2686819189,
        2520795554,
        974464948,
        371311880,
        4081802247,
        4198115686,
        3432225915,
        289882793,
        2297199243,
        1578618562,
        141918155,
        2017522008,
        2666399334,
        3007166010,
        3506570524,
        3505462265,
        2058576456,
        913806899,
        1020469861,
        1814496964,
        2155591530,
        27657857,
        3958977956,
        596706057,
        1115461674,
        811242158,
        345414600,
        2758849196,
        3460197655,
        2904797312,
        695277546,
        1137160791,
        2264461320,
        882563617,
        2127892561,
        1849730226,
        1226408101,
        3363599221,
        525587022,
        1571707714,
        3708165223,
        915383967,
        1450374356,
        2829571992,
        1209183845,
        4071601324,
        2494048390,
        667076618,
        4164172108,
        2651646686,
        1125804160,
        1127925711,
        2760394699,
        3466040798,
        365297194,
        1010541814,
        3050641486,
        2124656104,
        3726896344,
        3588431527,
        1194623425,
        3130493188,
        963811813,
        106389006,
        3640040402,
        2293893333,
        2854373141,
        724888393,
        3789623919,
        332666269,
        4237607149,
        4256212907,
        1718618883,
        199072046,
        2700644122,
        1406752618,
        2621943038,
        229368653,
        5309291,
        1422674728,
        3391006007,
        2545905251,
        2674368865,
        1888939187,
        25026185,
        3827025103,
        3345905652,
        2144566776,
        266107693,
        40918120,
        2394774818,
        2550131964,
        1459746744,
        811026400,
        138936031,
        925858978,
        3996137606,
        1693991927,
        1322994238,
        3482857084,
        2947984611,
        4236247946,
        2719570453,
        3343260565,
