{
  "generation": 3,
  "fitness": 827.8448275862069,
  "food_eaten": 11,
  "timestamp": "2024-12-11T16:05:48.736017",
  "initial_state": {
    "snake_position": {
      "x": 17,
      "y": 30
    },
    "food_position": {
      "x": 15,
      "y": 12
    },
    "random_seed": [
      3,
      [
        1353312992,
        498436013,
        1343684274,
        3437462562,
        2693324025,
        1288429597,
        1263822874,
        2330180392,
        2137761826,
        2487413947,
        1049028450,
        1918113141,
        1098380770,
        4275010035,
        1626458653,
        2238245607,
        1140393974,
        685495873,
        3976394216,
        2809707245,
        3057789493,
        1245648310,
        588947930,
        757009808,
        3480183817,
        960653310,
        1310647836,
        3203378639,
        3221812228,
        1457071152,
        1445379946,
        353626178,
        1702778086,
        1892987585,
        513325422,
        2051555347,
        2666447744,
        2272967107,
        761061138,
        3979341103,
        3577199392,
        513502485,
        374463540,
        561409257,
        1665556428,
        1218516806,
        3068407037,
        544106458,
        2115219281,
        3355006452,
        1790660556,
        2340905856,
        3005879031,
        670290486,
        3594260144,
        1684129128,
        1801411575,
        1770735141,
        481158984,
        2568441765,
        3742151802,
        945673788,
        3449558738,
        2807206381,
        3412986851,
        3875642303,
        1718068162,
        50043685,
        3623323655,
        2525632548,
        3645974467,
        19993162,
        3466519478,
        4218050759,
        14672360,
        1471369579,
        3567318063,
        982996380,
        4180611175,
        3527092010,
        249550875,
        1641142042,
        2526658886,
        3043929703,
        1718902911,
        2469443847,
        3257688707,
        772196763,
        1078958991,
        1319325819,
        2995300212,
        1571554956,
        884155695,
        155695939,
        2380455269,
        1166984300,
        810037688,
        1249152798,
        1118012578,
        3313032062,
        3094705278,
        3804574204,
        2439141355,
        1381766867,
        755618774,
        1188520174,
        384507706,
        2997586468,
        1107801187,
        64729542,
        3081486935,
        363352348,
        968649837,
        3569607957,
        2953884384,
        34918283,
        874552664,
        2335509335,
        3808274229,
        361396645,
        1158124353,
        240020416,
        4058134822,
        1497563045,
        2806533927,
        1161358498,
        3179954048,
        3867698691,
        4116916892,
        2879282303,
        1352443369,
        2112566155,
        2269749454,
        1182328363,
        933723693,
        2053886853,
        185225243,
        3365823377,
        540433993,
        1520437464,
        870406818,
        1750810134,
        395030675,
        1460355571,
        3168134100,
        3610440870,
        1825323756,
        1669257480,
        2607810116,
        39063540,
        3237736302,
        1051510671,
        987846086,
        4032618418,
        3819859841,
        3242104014,
        3883552227,
        4007533372,
        3930973393,
        789023587,
        2237313989,
        2058215434,
        2667550754,
        518021881,
        4159148725,
        4010158245,
        636580028,
        2819670446,
        880540602,
        657041790,
        4284354125,
        1759835365,
        1100248142,
        2374542245,
        3295962733,
        2469499308,
        1881507968,
        1979972016,
        1573438448,
        1334632566,
        215371157,
        2409504849,
        3047959233,
        3966587213,
        2670140685,
        577024555,
        2468432441,
        3259525201,
        1463058457,
        3331649382,
        3932421581,
        61394055,
        2592683300,
        426868474,
        3348681412,
        4265848045,
        3900820237,
        2491393914,
        2289104940,
        2612993506,
        4145547017,
        232113291,
        1911856573,
        3433261878,
        4278286676,
        320239342,
        2536909069,
        3299802807,
        1433800527,
        315467502,
        1603138572,
        4244359195,
        2856464878,
        2085255125,
        2567280781,
        3152014606,
        1502522089,
        303288634,
        3700330175,
        2253933001,
        969158842,
        457706188,
        624352430,
        4071212234,
        2560589621,
        1332556666,
        339385481,
        2302765155,
        733289216,
        502084480,
        3051290551,
        802781418,
        1291079248,
        800931121,
        3252947092,
        3825780235,
        4125151464,
        1275640798,
        160564812,
        3223037389,
        3750873837,
        3870051693,
        143880523,
        3038323451,
        2381222193,
        3764062187,
        2334448635,
        3294332897,
        2428550503,
        2338754085,
        975690059,
        3832736656,
        1665928469,
        3231946939,
        1339912247,
        1199390206,
        673243576,
        3608880097,
        28672662,
        28343830,
        4022282811,
        1075176,
        3675433626,
        1328760498,
        3485754328,
        1687267799,
        2683141438,
        1322577145,
        3838853089,
        3684955421,
        3982307683,
        1226987119,
        540645970,
        447157348,
        3806101514,
        1810541429,
        1231625414,
        3811805052,
        182738450,
        806215909,
        741451305,
        3699669290,
        65209161,
        1915670618,
        2883865233,
        823763343,
        1111669472,
        2838632888,
        2273911183,
        4228101763,
        1456578905,
        2987568532,
        1368071341,
        4152021382,
        1971784366,
        323862883,
        2934507248,
        838657633,
        1125003,
        1996375138,
        654433851,
        2021758172,
        2936610259,
        2346794304,
        1266252254,
        2599482075,
        3608649895,
        1724781316,
        4213516358,
        3477778603,
        2863229956,
        376867567,
        3760346712,
        175394147,
        3749355258,
        3277705115,
        2658275841,
        1842107126,
        1190573919,
        3039047894,
        3851368559,
        1914111183,
        3835737841,
        797741711,
        1121634559,
        3715666146,
        57000809,
        3698661442,
        227832313,
        2576935615,
        2667743988,
        178488634,
        1769257398,
        2389329925,
        3178015716,
        2391038899,
        2884522255,
        168310546,
        1211232319,
        1508541790,
        3457109477,
        3323346558,
        1298582907,
        1465149672,
        3032294439,
        1507337137,
        1668178110,
        3190694325,
        3003512086,
        2039095550,
        3097829784,
        2102697158,
        2255981973,
        2042307308,
        472336,
        1134601526,
        4260829021,
        3621345230,
        227623464,
        2765816686,
        1466220098,
        2253605118,
        3748772868,
        1241084379,
        3245423536,
        2138125127,
        3113924824,
        180220739,
        2233639294,
        3703602019,
        635739399,
        3696899107,
        4065107299,
        2313925903,
        304604675,
        1102352678,
        925943185,
        1314481305,
        2898364830,
        2452435947,
        225864162,
        482825224,
        3421166275,
        3776472713,
        502580841,
        38490010,
        857143665,
        1775588142,
        4171211582,
        61644455,
        2532647303,
