{
  "generation": 79,
  "fitness": 3303.503184713376,
  "food_eaten": 44,
  "timestamp": "2024-12-11T16:07:10.165756",
  "initial_state": {
    "snake_position": {
      "x": 6,
      "y": 24
    },
    "food_position": {
      "x": 1,
      "y": 7
    },
    "random_seed": [
      3,
      [
        409350731,
        3538902952,
        1693532293,
        884500651,
        3830547713,
        4098265805,
        2072751534,
        2955852993,
        1356423076,
        2662658640,
        3307918576,
        4014910412,
        3343918065,
        1037954552,
        144665658,
        393936950,
        1686904411,
        1625643382,
        3956409991,
        3369304588,
        1669222301,
        4106101832,
        4280076064,
        2412236425,
        2468093163,
        2402261448,
        2557515516,
        4202718559,
        4174975880,
        1957879038,
        4009929766,
        111417759,
        2384324937,
        2158546,
        105832212,
        2450688311,
        2000787089,
        3861239101,
        112677450,
        124785214,
        1014162970,
        2100481224,
        579153843,
        2479715025,
        3509516847,
        2422161533,
        4270176025,
        3078891794,
        2175942372,
        4026548186,
        1111610449,
        1477804862,
        3371706148,
        1304321278,
        2726428384,
        2373375064,
        1736468821,
        1309518862,
        2899697967,
        1240901481,
        1559373284,
        4271668516,
        1250529256,
        2316287647,
        3845402744,
        4261306947,
        4077142646,
        2826572957,
        2689658331,
        2189372838,
        700057167,
        699223477,
        2902449172,
        594001373,
        654726928,
        1499275024,
        68364931,
        2710996463,
        2931355230,
        442171444,
        1277517430,
        536777233,
        837150326,
        1761858458,
        343744134,
        3839721646,
        739587344,
        691239851,
        3864489184,
        2939543572,
        1912939723,
        3886762842,
        3273489359,
        381100325,
        4071426868,
        2710363803,
        2365656808,
        2600812810,
        3429432681,
        1483209420,
        1195753974,
        659871489,
        3574226388,
        1188187293,
        1121484783,
        2642099691,
        1059834216,
        426463086,
        4109348189,
        2577015488,
        2798838184,
        4168244837,
        3688275502,
        747271315,
        459668462,
        869941014,
        3657665231,
        1498289018,
        1684047211,
        1051691646,
        1528241692,
        1783578386,
        2450622946,
        1690154704,
        3251650218,
        1536593718,
        2796239831,
        3310944624,
        2473536937,
        857345718,
        563462549,
        1914167273,
        1985981672,
        3526217038,
        230193903,
        2515526846,
        1598033263,
        1232837240,
        604300101,
        2372905016,
        3305073800,
        517110657,
        3921601093,
        1617694814,
        3295530734,
        4078560061,
        832582978,
        3226940562,
        2010580738,
        3080944549,
        1934127180,
        2507941238,
        2707921561,
        1130723319,
        4117994327,
        2405470748,
        2846362620,
        687335322,
        1063230751,
        3263476277,
        103856258,
        2684117663,
        1700791737,
        434512688,
        376942719,
        2623243470,
        1297830293,
        3525910925,
        2882884013,
        3174586733,
        3673668480,
        363893221,
        3572599318,
        1806289292,
        10435511,
        3071544941,
        3575117113,
        1922280626,
        2312204976,
        1605082405,
        3636646935,
        3855903605,
        3226231293,
        954988222,
        1549342543,
        133678926,
        4183475133,
        3080531869,
        2417096209,
        3399439365,
        3794634835,
        3715548956,
        1395370951,
        1080761991,
        1357142048,
        2911554341,
        2339802242,
        166227318,
        388790053,
        3284071759,
        1335839671,
        2726955694,
        161323594,
        2880321736,
        1784146492,
        652699390,
        2438960879,
        659317233,
        2217008575,
        1890179863,
        1244713074,
        1836691692,
        4219426356,
        1944329771,
        1315023520,
        3465336445,
        4079952183,
        1594045994,
        2120197773,
        1632111774,
        1640951048,
        2983904765,
        870510750,
        101344154,
        2068879511,
        2941178243,
        105085710,
        2585360375,
        1317365086,
        3138809057,
        1051728232,
        3706582223,
        1828805361,
        119828974,
        65820508,
        2840694709,
        2066821979,
        3158701973,
        1142609923,
        445956969,
        385671101,
        939420921,
        961609990,
        2637254931,
        2732901959,
        3653099171,
        263093808,
        698916780,
        836161986,
        601786314,
        194477648,
        1945390481,
        474281381,
        576850428,
        3587343814,
        261185472,
        4095445723,
        3823456786,
        829509686,
        2041768146,
        2185058177,
        4098552881,
        2932411604,
        1526750036,
        3416365430,
        3270686807,
        452098115,
        4186467709,
        1680844836,
        2188271780,
        367007629,
        1075731925,
        2416821690,
        974332225,
        2547926413,
        2555470073,
        508976232,
        1558458989,
        3042217462,
        2443968039,
        610782440,
        407419157,
        1847885873,
        2567816493,
        887115410,
        1015570692,
        1658258085,
        3836211114,
        1301647181,
        506488282,
        2480041239,
        3719905300,
        3955086656,
        1249067475,
        3075746656,
        2264696398,
        1975136191,
        3971999833,
        1458996726,
        4085507980,
        1704820457,
        2096762140,
        3043436467,
        2131805387,
        1662511272,
        662441357,
        449737978,
        2443864818,
        3792906083,
        213101441,
        1962838924,
        1070185879,
        1010777355,
        3126559984,
        2941494989,
        95059801,
        1011225585,
        2406501597,
        11416110,
        2212841402,
        386172856,
        1998415317,
        1689537027,
        2434997368,
        1384698302,
        2870428166,
        2934763224,
        3421680967,
        1639433836,
        653896640,
        863476595,
        3204731906,
        76051644,
        2663484003,
        1346616866,
        865915980,
        3186287719,
        3032461285,
        2886314685,
        34109969,
        264539858,
        146233383,
        934769411,
        3128117496,
        2287406432,
        3437101302,
        4007872110,
        2627324321,
        3716905765,
        79916275,
        1404000539,
        3711918560,
        1888653924,
        3678638308,
        1425921099,
        307095038,
        3044307188,
        4102458373,
        375507948,
        442556420,
        1095826895,
        1861993385,
        2686322905,
        3253445136,
        1441845997,
        1464409601,
        209321169,
        2967994918,
        2416862150,
        922469792,
        1750107920,
        2242885391,
        1319455128,
        745767565,
        1724399558,
        2603257594,
        2071109334,
        735278866,
        2997640646,
        526650277,
        1910929023,
        610463234,
        4022824190,
        2269360743,
        2741699193,
        3362939498,
        800108527,
        2367871626,
        1365791377,
        2821830102,
