{
  "generation": 41,
  "fitness": 2853.484107579462,
  "food_eaten": 38,
  "timestamp": "2024-12-11T16:06:20.513116",
  "initial_state": {
    "snake_position": {
      "x": 6,
      "y": 18
    },
    "food_position": {
      "x": 6,
      "y": 7
    },
    "random_seed": [
      3,
      [
        275747279,
        571670061,
        1674492032,
        1034779890,
        2766476003,
        144371005,
        198835440,
        811925245,
        4020225240,
        3777415607,
        2869975333,
        3329827282,
        4022849348,
        3537303424,
        2065240735,
        3007357874,
        3725663429,
        2930480298,
        3207239942,
        2894553141,
        2585294915,
        1947164832,
        1322367093,
        2462444961,
        196814704,
        382938770,
        529405838,
        563093090,
        1998843958,
        2641379223,
        3692761370,
        3197911977,
        3810080563,
        1833343995,
        2122453252,
        1840769785,
        2565507572,
        794753182,
        253418681,
        1922457990,
        1230262200,
        3234623982,
        817702839,
        890997894,
        4214833494,
        3145409344,
        4200839301,
        4028540198,
        1226803154,
        3646368961,
        3204322881,
        4211222438,
        1152420730,
        1600300942,
        2361508303,
        2370123961,
        3095134908,
        3396296137,
        884953282,
        395348126,
        340379659,
        3715721443,
        1814082077,
        1388034749,
        3030333862,
        3714280581,
        553728227,
        495985762,
        920812050,
        3852545119,
        1640954890,
        1880963388,
        363241284,
        1387623888,
        2901252975,
        3560728058,
        2518845095,
        894216036,
        1397610448,
        3239648898,
        112961983,
        322794401,
        1946492538,
        3551212585,
        164544083,
        1574438109,
        1393828595,
        953940801,
        3955153142,
        907721736,
        2522872293,
        357068844,
        2286385596,
        3631323947,
        2727778919,
        2875322353,
        2720511356,
        3044744419,
        3682512072,
        559671466,
        2572775064,
        3552432868,
        2418394650,
        577100516,
        1270553230,
        1940912496,
        2258263834,
        3795907181,
        23184217,
        2693870740,
        85282368,
        3243102514,
        2303071466,
        1361097067,
        424207995,
        70972456,
        3872233110,
        268957327,
        443990915,
        877570507,
        3130747351,
        2551435759,
        89906317,
        843776384,
        1246277947,
        3829940466,
        390754382,
        397598194,
        367932651,
        603812641,
        2461320146,
        1739431053,
        33723611,
        2316795787,
        4271838603,
        2029927240,
        2832711574,
        2363743831,
        2071621630,
        1131610032,
        728617496,
        2378027791,
        3312624073,
        4109476528,
        1761471252,
        1139155212,
        212068235,
        3956282378,
        3363788842,
        1109665178,
        2095999729,
        3224358366,
        963146780,
        865708654,
        2694407998,
        2745847153,
        3635859372,
        3827368961,
        2925277283,
        3619832378,
        643909755,
        711644584,
        1958074643,
        2313729873,
        2741959066,
        230976541,
        960937988,
        3994573266,
        1704146477,
        400289507,
        2530864695,
        2688468171,
        703847582,
        346833214,
        2104087417,
        2759309201,
        933994303,
        2383682712,
        2399327915,
        108275171,
        1234320018,
        1110114830,
        3750329490,
        1379829715,
        2087369958,
        3044358963,
        2941773990,
        651053894,
        1659009648,
        1008949402,
        2837904664,
        571611817,
        1542063899,
        163034360,
        2831373539,
        4257188770,
        346473281,
        3343567040,
        14696838,
        3583056671,
        2618049044,
        3715016875,
        2094844355,
        3688490210,
        3559272254,
        2256728796,
        3089464239,
        3230542465,
        3513673084,
        1770843823,
        2076347693,
        2360621556,
        2491492356,
        1011636659,
        3541787879,
        3475245456,
        2699189101,
        415948496,
        3558358562,
        3947918596,
        2053649860,
        3837716040,
        2129315126,
        2472495764,
        3276069792,
        3643720087,
        386042400,
        713624962,
        2071169575,
        3321021440,
        2191340071,
        561256522,
        1605927536,
        3494222759,
        3958520220,
        2234534016,
        300014883,
        1018550605,
        2618541961,
        3765363930,
        4135080140,
        2557962653,
        2726723714,
        57766336,
        443457433,
        4076810735,
        3440764455,
        1933140735,
        3768680139,
        2291408472,
        3529378102,
        198063452,
        995724888,
        1221155681,
        3655113597,
        27479515,
        2005708865,
        1716879454,
        3540152534,
        960354517,
        1665021946,
        931205933,
        2575497814,
        3710196596,
        2464924301,
        901031168,
        3194899316,
        2999634857,
        3576498910,
        1902655787,
        965286875,
        240077958,
        1826376985,
        4265334035,
        12216441,
        1214323525,
        3125325208,
        84150683,
        3788778920,
        685280556,
        426709391,
        3191714269,
        1481658636,
        2546257911,
        3817077169,
        2820560327,
        353970353,
        3245018684,
        350561421,
        657652439,
        2587710119,
        3988508214,
        890442019,
        1800372639,
        188909458,
        3707485592,
        133452255,
        548811428,
        2445236789,
        1111281932,
        2288656307,
        2743579409,
        3852703888,
        3600384223,
        4225715311,
        523595238,
        3108179240,
        3414312510,
        2732064988,
        1824395513,
        4075192073,
        3250211955,
        1515404905,
        1272316088,
        3759512029,
        1319565999,
        517186669,
        2907532062,
        1906544180,
        2590952375,
        2614313596,
        3121808597,
        1568540498,
        1581794338,
        3837326392,
        1005752696,
        1271431629,
        1138050557,
        3802080131,
        2548083665,
        2988301037,
        2186159076,
        2859550968,
        857985496,
        3254375126,
        25987999,
        934348009,
        4041663424,
        1736656156,
        1813837750,
        991228698,
        1750585883,
        4084951017,
        3247955735,
        438232073,
        605764629,
        3887042817,
        2221200244,
        649248831,
        1970356178,
        2182285242,
        3476561700,
        1348473206,
        3691809945,
        419406720,
        791055847,
        1616890250,
        2782426686,
        3810816529,
        281962238,
        381616227,
        2542678316,
        4201562154,
        2294211200,
        710673046,
        1675876613,
        1717504482,
        518175210,
        3805434127,
        2427868378,
        3016964397,
        2483691200,
        860381509,
        2881389465,
        1451658231,
        3532558404,
        3827838169,
        860689574,
        4084719566,
        2041050126,
        473982032,
        512918678,
        599272270,
        556928755,
        828243265,
        3189968628,
        3674100952,
        1618358656,
        243270261,
        3920141565,
        3574667865,
