{
  "generation": 13,
  "fitness": 978.2284768211921,
  "food_eaten": 13,
  "timestamp": "2024-12-11T16:05:52.590253",
  "initial_state": {
    "snake_position": {
      "x": -1,
      "y": 25
    },
    "food_position": {
      "x": 22,
      "y": 28
    },
    "random_seed": [
      3,
      [
        1723319460,
        3338022510,
        402902915,
        3201945011,
        1716910119,
        197266337,
        2745184201,
        2469341297,
        2719060172,
        713843825,
        47499857,
        1657819571,
        1420936004,
        129662795,
        3043138529,
        115931369,
        702788855,
        986140226,
        301925291,
        3991668291,
        3657735703,
        1708441479,
        2755548,
        2515438340,
        1808909614,
        62843579,
        3035864296,
        3447711337,
        726911812,
        217866598,
        3451323353,
        4155309292,
        1252266933,
        1638308711,
        2529646375,
        1494683771,
        3670051023,
        2408846595,
        237368139,
        3007042021,
        3624816828,
        3558849238,
        2936295715,
        1466829893,
        1412261307,
        2569884602,
        657768005,
        3333541080,
        1464201095,
        4022429620,
        1584556066,
        3828116442,
        3169826029,
        2645768790,
        2198481444,
        3458506802,
        147134365,
        1458304961,
        1106546,
        2765046054,
        271271951,
        2719443126,
        3709813534,
        151406413,
        111030006,
        3968854176,
        4243310640,
        3771883093,
        709834457,
        876969589,
        3947981835,
        1730198629,
        3983881398,
        788324372,
        1802599359,
        3459413915,
        1306221743,
        1290540083,
        12842316,
        3555233050,
        370941135,
        3743435392,
        4215985692,
        4197821797,
        1612582233,
        3799760349,
        3870027271,
        2432938952,
        1039782342,
        1892188940,
        1473053390,
        2842788675,
        2264785665,
        1613302978,
        1691712631,
        1606382662,
        3088921828,
        881983777,
        4015639101,
        2466288912,
        1734968244,
        3398230067,
        3524211435,
        2506404035,
        3303009186,
        1421351132,
        3579564394,
        2810716096,
        1463317663,
        1066444460,
        1088656342,
        39991898,
        3419075036,
        3396044529,
        800318599,
        1389472231,
        4025519581,
        3468783079,
        3518425858,
        483169281,
        1606120691,
        2425672211,
        2410472306,
        3481160853,
        1370172153,
        2056791361,
        107464382,
        1594459972,
        2699580379,
        1900740106,
        525237517,
        1905413013,
        2850526613,
        539721304,
        3751861969,
        2232840444,
        3676221503,
        102778536,
        2786067282,
        2280717816,
        553535523,
        536486043,
        270461929,
        2444652790,
        2928123595,
        339893504,
        41021885,
        330541175,
        1509278894,
        3059527124,
        2173582965,
        60451354,
        4042837720,
        665495452,
        2837578894,
        3725307144,
        3680223493,
        2842547150,
        3919636875,
        2375398758,
        1459279921,
        3756034515,
        2577522727,
        1237538997,
        2953371384,
        434655730,
        3609665835,
        9254888,
        1475916747,
        1128377761,
        1641240510,
        2945418016,
        3554566097,
        1749834688,
        4085893752,
        1729389718,
        174958155,
        1326221378,
        2586945355,
        1300804603,
        3017854772,
        2008128938,
        2799007340,
        2234751120,
        1547089466,
        2699580991,
        2483700846,
        2955545880,
        1558610234,
        587234761,
        1025115613,
        3293667981,
        2005041482,
        3466809422,
        2745582039,
        1807061800,
        3500147367,
        2503635782,
        2271492986,
        2505966980,
        3153889301,
        3933034367,
        3986091493,
        4028383304,
        1650179367,
        4106050493,
        725744877,
        1040250050,
        3781839832,
        3865517065,
        1062410661,
        3866045560,
        4255330496,
        1552936144,
        685639532,
        2671456065,
        3382450593,
        1286972958,
        3718694713,
        2282718855,
        2414438616,
        900541529,
        1411076020,
        96280952,
        2644151735,
        1859308156,
        2466781038,
        771713178,
        2084787783,
        258469917,
        93540410,
        2996068444,
        3710948871,
        4186182233,
        4202692127,
        1679921997,
        433182309,
        732960375,
        1215309122,
        1895827006,
        1045853439,
        3912714761,
        3372291557,
        425187249,
        2119360564,
        3639601037,
        318363661,
        508220318,
        2592881319,
        3997596439,
        1547137463,
        582771212,
        741492397,
        3445542177,
        1525279430,
        2155620462,
        2508309271,
        2237066759,
        3322504533,
        1539798166,
        2584040899,
        2906511993,
        1703696218,
        3759138544,
        1787494954,
        727638513,
        295749842,
        4067381070,
        2154959742,
        2925952774,
        247196191,
        1732297374,
        2343606511,
        515392424,
        4107974660,
        1598484317,
        3355207651,
        1805697945,
        3616670401,
        3982563000,
        3128981256,
        4217455978,
        2097884048,
        3027471024,
        1463516646,
        2708230412,
        258980673,
        1785616490,
        4056240151,
        3622192841,
        2360618677,
        3825577723,
        3382479052,
        32680046,
        1606856068,
        3517720908,
        3696954944,
        2291225356,
        296626040,
        3123497052,
        1501583258,
        3113816076,
        50199882,
        1288780916,
        152593685,
        2047755005,
        2899004574,
        586810409,
        1205518595,
        4210858599,
        610853920,
        1504768086,
        2928568630,
        115770466,
        2179566166,
        4035238262,
        1740043567,
        1433884530,
        436524868,
        553525380,
        2199954132,
        1228599698,
        3894712210,
        1990491473,
        1143409971,
        3819015048,
        4201720576,
        2828414877,
        1488010023,
        342370499,
        3022245752,
        3138349667,
        2867737568,
        252667407,
        2610156813,
        1368516227,
        332660938,
        2249065882,
        1097905526,
        3807399416,
        2931575893,
        2813515923,
        1374746484,
        1551869947,
        1546583802,
        307387619,
        3723936536,
        1107319246,
        3035421449,
        176595566,
        1708077387,
        2834333231,
        342003563,
        910474171,
        2651821973,
        2484371873,
        3527078748,
        2329610255,
        3086189438,
        3847926957,
        4072915790,
        1979554379,
        635100628,
        2184867599,
        2424398884,
        444210930,
        3438756693,
        1666824674,
        2138322585,
        2091597960,
        375216479,
        4140569027,
        1831975956,
        2043460115,
        3339238064,
        1405889764,
        2309316425,
        1596365155,
        3457811412,
        3728212500,
        870921249,
        374594875,
        1171409629,
        3388783081,
        599725372,
        1333044883,
        2947530229,
        3034138938,
        128239242,
        1217823548,
