{
  "generation": 68,
  "fitness": 2704.560810810811,
  "food_eaten": 36,
  "timestamp": "2024-12-11T16:06:53.331013",
  "initial_state": {
    "snake_position": {
      "x": 18,
      "y": 11
    },
    "food_position": {
      "x": 11,
      "y": 28
    },
    "random_seed": [
      3,
      [
        2359662207,
        3879326224,
        4172956112,
        3883809306,
        2800724674,
        1483900050,
        1492711913,
        851054234,
        1567251964,
        2928209435,
        4191455498,
        438516754,
        664891862,
        1445156630,
        2012712634,
        2463150118,
        2829374117,
        2870270712,
        3517196334,
        2104504399,
        477073652,
        1952710609,
        3030156986,
        719299002,
        4218441351,
        1145541835,
        617168835,
        3518512828,
        1818575225,
        2247179484,
        3976601282,
        2308402978,
        2126869547,
        2027276553,
        1475174802,
        2754244931,
        2082700708,
        2361057817,
        2036170035,
        721849505,
        1350404821,
        998454621,
        1615851199,
        3285464055,
        1358719822,
        2267877496,
        1441522320,
        3408173488,
        501514413,
        2288543901,
        1636423380,
        2247366431,
        1334000193,
        2997195347,
        126694909,
        742057160,
        3864362390,
        3957950057,
        3345005259,
        2106241125,
        1597235578,
        2001492562,
        2595456374,
        1191642180,
        3776949568,
        932645761,
        963375910,
        988415117,
        1104313427,
        147532327,
        239280679,
        2206644726,
        494886902,
        144877810,
        1770951235,
        1749703170,
        1963642919,
        3494597285,
        4259874969,
        410553333,
        2929911889,
        502002707,
        768732212,
        1146423657,
        58977747,
        3195094795,
        2717651228,
        4167414001,
        2418636192,
        3608332569,
        2284941778,
        1234078496,
        1474128770,
        767301613,
        4184508129,
        3556360644,
        522741804,
        2655080012,
        3910064014,
        2316133379,
        2040124149,
        3412350549,
        2130742807,
        2342378648,
        2485356800,
        2802235674,
        2411374584,
        4008302110,
        3850464924,
        3092510732,
        344237845,
        1275966528,
        128728996,
        3810481095,
        2799050590,
        2160628879,
        1251701574,
        1083337706,
        2405947270,
        1137411872,
        2509803342,
        2002192850,
        3454660903,
        1716382488,
        1509427579,
        745666193,
        1728825520,
        2917553080,
        3317289305,
        3319328361,
        2669356547,
        243685,
        748804638,
        3870786511,
        1011827475,
        678862758,
        1470794802,
        197957238,
        347880560,
        3828752538,
        308097505,
        3394384883,
        3603776086,
        3083261710,
        3715290603,
        577970671,
        2653568748,
        1388192320,
        3077958822,
        2689604214,
        243660374,
        3302099491,
        2400468673,
        1660673328,
        3457101288,
        2670765423,
        1306683507,
        3613240240,
        1828207240,
        4147806143,
        4211429019,
        2936025270,
        473683939,
        253169676,
        1949959274,
        4226715241,
        1548676920,
        610175131,
        524067990,
        3297770139,
        2490789369,
        2868883274,
        3172087027,
        1073108657,
        1777196298,
        3049920005,
        833462187,
        117097248,
        2912927678,
        3093407431,
        615480251,
        3178492437,
        1876416137,
        510253346,
        806722564,
        2752918696,
        2242121210,
        2382368941,
        1191702764,
        367256878,
        2845338689,
        3443274966,
        815442487,
        2750735822,
        1085627047,
        4251846265,
        2197849040,
        3230094888,
        3473266792,
        1744662095,
        2753658997,
        378310234,
        1601290403,
        789225370,
        3254435228,
        4138195434,
        3592892522,
        746148511,
        1096397007,
        1877865484,
        2747480057,
        1824151240,
        3524470804,
        3243439792,
        2831506911,
        76826261,
        4253271228,
        3210674649,
        3343208332,
        3794819824,
        3704407568,
        1805436437,
        493272854,
        1899527691,
        2472792234,
        2589270752,
        2520993911,
        4183953871,
        736866708,
        2386253115,
        2878541878,
        3049385597,
        1496621762,
        3584803256,
        1520610181,
        2394022110,
        2106309169,
        453394767,
        3258484656,
        1659378997,
        2077256546,
        2391305148,
        3585835264,
        1889358827,
        2702156681,
        1053698347,
        524611208,
        4090523741,
        77118077,
        438204926,
        1095709088,
        395556675,
        1451810685,
        1284929377,
        1464266576,
        914767582,
        2032778384,
        3602722229,
        2078800756,
        1558897413,
        780242197,
        3831530435,
        2172445038,
        8355112,
        2696623155,
        4169756428,
        3342432615,
        3217065631,
        3672621433,
        2808749496,
        1978900319,
        43521205,
        313307499,
        219720322,
        1815739863,
        3982981344,
        699035905,
        1780329195,
        157496033,
        4135481249,
        320693014,
        1051648041,
        1523052246,
        2487040225,
        1801326765,
        566887222,
        1519358005,
        3257982242,
        113621871,
        3107872651,
        2159320156,
        3127492703,
        2958670490,
        2030727211,
        1418453116,
        357399504,
        1653994702,
        441369529,
        75296357,
        3471760712,
        150325959,
        1118224952,
        2395357572,
        69380154,
        854643058,
        282287670,
        3889680844,
        1263712496,
        2106803225,
        701637,
        3257281126,
        3942592876,
        4287678793,
        645175556,
        322095730,
        4238235359,
        1969952843,
        1271487531,
        2422318423,
        1117575506,
        4038782644,
        4202031679,
        1481116384,
        2878925906,
        2928570416,
        1149047201,
        3409508335,
        3438555898,
        4076609879,
        3669390187,
        2457538471,
        4085707035,
        704413856,
        941576900,
        3675732167,
        3044825603,
        576001263,
        2766007816,
        3865693555,
        4021108881,
        1812072591,
        3593730048,
        2102160315,
        1549156420,
        4115303594,
        1607181185,
        1196363653,
        3194495653,
        1436977278,
        1759093028,
        1008749375,
        1385679920,
        644984823,
        2311129093,
        4190047665,
        555230308,
        751478520,
        4214218548,
        2367466628,
        3745334633,
        1843292742,
        3748044835,
        2969536062,
        1417947280,
        555117833,
        1036701859,
        1420699595,
        2108241691,
        3421958575,
        4094419379,
        2112125584,
        3777327538,
        3845555591,
        1607720169,
        1464527686,
        3272046904,
        542739917,
        3930349779,
        3167663929,
        3988198114,
        1872356988,
        769047878,
        1588698180,
        547246958,
        1548484005,
        2367801488,
        3774954433,
        2533978485,
        666294523,
        806000258,
