{
  "generation": 70,
  "fitness": 3453.8121546961324,
  "food_eaten": 46,
  "timestamp": "2024-12-11T16:06:56.317374",
  "initial_state": {
    "snake_position": {
      "x": 17,
      "y": 7
    },
    "food_position": {
      "x": 6,
      "y": 7
    },
    "random_seed": [
      3,
      [
        3869208020,
        555487109,
        4073723397,
        1171592357,
        3494038124,
        4155159344,
        1945458016,
        2560830645,
        1416025473,
        3573786234,
        2907719378,
        2527635027,
        1266088652,
        4132467491,
        60972060,
        3969740856,
        2101981776,
        636881358,
        3579716366,
        2375944588,
        3923015264,
        1387445023,
        1939172036,
        1355544943,
        2861895186,
        344968495,
        3412108569,
        3419028940,
        2116559265,
        3314321756,
        1317472665,
        3430641562,
        1757560193,
        3749169798,
        1322378219,
        2034917986,
        303111387,
        3847745321,
        3131874053,
        3753612679,
        795706960,
        3534574379,
        3928647255,
        1362048290,
        60521048,
        912344352,
        1621120043,
        2964042999,
        534367515,
        3581518306,
        1397574583,
        2916187405,
        1801356876,
        2907777177,
        2389026356,
        1765264934,
        1510431891,
        476050185,
        3341887031,
        1326670597,
        1079297198,
        3890827091,
        240195654,
        264795608,
        1391749552,
        2416593322,
        583992092,
        2026196928,
        3671631413,
        173227130,
        3531098413,
        163439606,
        934801899,
        661334279,
        2396872857,
        3115458700,
        1505436359,
        1445081827,
        3060093904,
        898640385,
        3023899448,
        2513961073,
        210052854,
        3321260658,
        3144334283,
        3942308850,
        1300970543,
        2560801035,
        1178495601,
        3424449147,
        4182881702,
        2223121399,
        3902042898,
        2945270169,
        1753485402,
        2301240973,
        2260764150,
        2073284143,
        664590572,
        1870414190,
        1894303454,
        2530667300,
        2137092270,
        3057618246,
        207722498,
        2847043208,
        4048091198,
        1784302237,
        656756013,
        2409148103,
        437843,
        3340705340,
        3315262584,
        251575835,
        334421653,
        763649054,
        1732539402,
        3653116281,
        3935169691,
        341421480,
        2772307874,
        2613068132,
        2341204794,
        212232121,
        1067782934,
        2134092178,
        2638062485,
        3076424431,
        691341452,
        1727042803,
        2820025789,
        1362240214,
        3240320167,
        2660889847,
        1738651265,
        2343933615,
        2721967125,
        3087792243,
        2743638775,
        2787637028,
        2301625504,
        193930779,
        1365293399,
        54838274,
        2149238424,
        3918874705,
        3606006128,
        2023030026,
        3102586766,
        3916503501,
        1939704024,
        14988585,
        2379922391,
        4217394088,
        2595751138,
        1131705591,
        1340328113,
        2171886976,
        3739831765,
        2329247876,
        2462704633,
        3395833662,
        117489875,
        2355406721,
        2412102608,
        1871917584,
        1676381356,
        904960130,
        1680296159,
        3620319452,
        1781201413,
        3030053436,
        1091270482,
        401963197,
        320670924,
        86845238,
        1385492402,
        4276940058,
        3148172543,
        3379760512,
        2038381973,
        3108669233,
        2342228006,
        1619676460,
        3197621362,
        2602023558,
        968196510,
        906172853,
        1622969075,
        1197213634,
        418002733,
        1936534815,
        1958559472,
        3477434777,
        2403931733,
        4236263951,
        719581987,
        2881896020,
        3995655475,
        2250246028,
        3246538432,
        4171626413,
        3599983186,
        1371854050,
        2662959322,
        1303388152,
        64158161,
        1827659644,
        797763717,
        3852112578,
        291758049,
        1949662689,
        2628769626,
        1248286180,
        588042115,
        531042325,
        777019936,
        3532009702,
        97725892,
        2468094221,
        4199457661,
        3121382188,
        703299168,
        2048444862,
        3075649412,
        459734875,
        3526754133,
        4046719647,
        3606049048,
        3568365515,
        2734859883,
        1142938368,
        3845708377,
        1255395700,
        3226469242,
        3592093589,
        3145542609,
        4115561233,
        747741663,
        2657906030,
        748145057,
        589201160,
        3763916708,
        1186821162,
        2098610699,
        2186056330,
        880019787,
        1503384791,
        302965595,
        962131590,
        4010884049,
        3083847412,
        2156217827,
        589987435,
        2073068025,
        3291019819,
        3080750951,
        4118052328,
        312645196,
        3758709944,
        2412635672,
        920016067,
        777678066,
        2417009204,
        2898134941,
        795067577,
        1338274694,
        991835870,
        2977729014,
        1170685294,
        3842106253,
        4176067184,
        3007342739,
        545544393,
        164474675,
        797270421,
        737446081,
        565394658,
        1559055584,
        3831160381,
        3834318790,
        3670525040,
        1698688789,
        2056819240,
        1200161728,
        1775932154,
        2098223886,
        2846723471,
        918829395,
        2127694916,
        766386415,
        13081301,
        2979242021,
        1970464909,
        679660643,
        121989958,
        2560119165,
        748764183,
        3015325563,
        3511633714,
        327075878,
        605447357,
        396967,
        1678890460,
        3406689895,
        3685093657,
        2385835520,
        2113787824,
        4245603114,
        599264134,
        720354340,
        2775268576,
        1649251288,
        2770370525,
        2784705061,
        332393334,
        98128507,
        1464351613,
        2810791017,
        4290992846,
        1145090100,
        3411609919,
        952844281,
        1857591626,
        2158263523,
        579436314,
        3282666735,
        2767778263,
        1505999563,
        1816002523,
        4084400361,
        831466732,
        4074544600,
        3811279036,
        228727780,
        1371516991,
        1249436442,
        2718101931,
        1970953702,
        2524685817,
        1638784624,
        275502551,
        3057011394,
        2970861131,
        948228026,
        2684064328,
        2579252264,
        2078789003,
        13304446,
        1386971690,
        1813101458,
        3669916174,
        2413023917,
        1957391530,
        2011356879,
        3474069379,
        698406681,
        719373638,
        1176555748,
        1747210601,
        1439953485,
        3270941488,
        678837225,
        2152949931,
        2845876709,
        3653988942,
        3416580978,
        2348792965,
        1531506088,
        1465911791,
        2720495786,
        170278376,
        2379182570,
        2578603746,
        3196583191,
        418323478,
        2187879936,
        957271248,
        2803620902,
        1607131095,
        4199369970,
        2280093107,
        2130477172,
        2490720779,
        2576538133,
        904453319,
        4000653536,
        86590668,
        2291695062,
        1155161173,
