{
  "generation": 48,
  "fitness": 3228.180473372781,
  "food_eaten": 43,
  "timestamp": "2024-12-11T16:06:28.235173",
  "initial_state": {
    "snake_position": {
      "x": 25,
      "y": 18
    },
    "food_position": {
      "x": 29,
      "y": 3
    },
    "random_seed": [
      3,
      [
        731984661,
        2085491627,
        2143123483,
        2137103896,
        720712150,
        1561285199,
        4069597927,
        1231243964,
        739567559,
        1253506833,
        2011545080,
        3020269293,
        2240260101,
        4105932750,
        3060668420,
        1240288822,
        173863977,
        243628347,
        884612569,
        2529229971,
        4149895350,
        983108538,
        3235130005,
        885864417,
        71192251,
        1778140265,
        2173249749,
        3091477338,
        3899290258,
        3645775120,
        3380567119,
        1731386953,
        407649041,
        2887904272,
        3219272453,
        1989049269,
        1190854917,
        3171991824,
        2865269440,
        1916942628,
        4184188629,
        359038322,
        3959653982,
        100699689,
        2135803801,
        2206609102,
        107795390,
        2640609676,
        2619087523,
        3215935162,
        738897923,
        151925277,
        1981485279,
        1878730801,
        1977637860,
        2156277847,
        1248627928,
        2264305450,
        3031331501,
        2536512848,
        2451016288,
        3403179170,
        457089973,
        257053816,
        3125738865,
        2807178204,
        1739999623,
        3489379505,
        581930988,
        279440697,
        3630355336,
        3279828560,
        2376337181,
        1064022727,
        3376616437,
        124657129,
        3707010662,
        1218421784,
        2601552746,
        4051481511,
        8507716,
        3933742493,
        3097833329,
        2805305143,
        1443937918,
        3943962099,
        1866639391,
        243347057,
        3296640182,
        1049366467,
        3761068792,
        3040813530,
        1634807308,
        3411741700,
        262273080,
        3231543688,
        2317493398,
        200739385,
        408295530,
        530469024,
        1453329491,
        738732774,
        721647920,
        4287925354,
        615494016,
        3972532836,
        2837868347,
        832866554,
        121400618,
        2467510196,
        4108538731,
        1736341097,
        436044136,
        1260389972,
        3256896328,
        898836246,
        3867631756,
        1754798427,
        2327386486,
        25173616,
        2558502844,
        2773078440,
        828429112,
        77359377,
        2336757398,
        3984588112,
        4139518384,
        1027098645,
        1973175374,
        2802739196,
        2146252574,
        493366871,
        813832359,
        1906142496,
        990548674,
        738464621,
        2424859059,
        2775003231,
        924269195,
        951749579,
        4244532753,
        2827134641,
        2399971724,
        97756116,
        2967902706,
        671492411,
        2500778177,
        3431423001,
        1915434664,
        2849840652,
        2217524604,
        1610398502,
        1753609899,
        415772872,
        2126184336,
        1757685578,
        2257253714,
        4200958267,
        1717159260,
        2174524884,
        135221346,
        1867846953,
        1552409831,
        1573459496,
        1405659011,
        2806028048,
        1192696643,
        1991444740,
        1088166209,
        4174255049,
        3696859718,
        1207125545,
        1861863478,
        4125435116,
        2715729684,
        1478023203,
        2574329096,
        4053267100,
        450157055,
        3966396037,
        2609841454,
        4072221409,
        4175899354,
        4192981645,
        4272531,
        3838617186,
        1302125533,
        4179608409,
        4117592430,
        2158146412,
        960894134,
        3909928897,
        2727395128,
        1047112329,
        1437255228,
        231082594,
        2118703218,
        2267453732,
        691440180,
        1661963114,
        320793410,
        1264748809,
        1331418618,
        716936717,
        4096151040,
        3928085802,
        3530700295,
        2845766262,
        1294002173,
        2865100640,
        1823706094,
        867286894,
        3982031788,
        3092242971,
        773370597,
        916390059,
        2021185963,
        3256192306,
        926739627,
        1792543811,
        1467198880,
        2188785860,
        3512394269,
        3811324593,
        2579340750,
        2295580507,
        2867345403,
        1236187013,
        3441798924,
        3083375285,
        746825235,
        4230479098,
        2313702706,
        4128629720,
        3682791720,
        2265639755,
        4105354068,
        1704604705,
        4281022742,
        1031043945,
        4050227156,
        1270317940,
        33431224,
        3769332524,
        3961853347,
        3713103099,
        3552514557,
        1381906080,
        1977669603,
        3398383824,
        3934907980,
        4233904078,
        773065571,
        845142835,
        429181170,
        1808746253,
        3434182321,
        3413678411,
        2058539028,
        947638640,
        2182164656,
        2266739636,
        1130800411,
        563461303,
        2357681465,
        4291168362,
        2789934467,
        1530818012,
        3032962480,
        2909753019,
        3704938870,
        3670243586,
        1769313989,
        696180175,
        3777442518,
        131249935,
        4278423223,
        474473104,
        9996129,
        2011755143,
        3045253447,
        3603694705,
        1763245101,
        1380862259,
        2089596316,
        1408319694,
        1809206491,
        691191147,
        1768389620,
        2057518581,
        777467260,
        3763841557,
        4165867596,
        4215918995,
        859279164,
        711692858,
        3982515072,
        2265721795,
        2478173164,
        4276402636,
        1571888995,
        4058011374,
        3542759762,
        2022806072,
        181192869,
        76998947,
        599724746,
        3772603362,
        757028851,
        3775989939,
        4019620953,
        1410196280,
        980795845,
        3099147369,
        2313829965,
        3049257390,
        4052473382,
        39862034,
        2362985462,
        2808359296,
        172400847,
        2479433294,
        2439443546,
        963587164,
        3569992122,
        716979989,
        2904308097,
        3162444762,
        1344146170,
        3655220717,
        3353683457,
        3757296529,
        3403989139,
        2584073683,
        1771665045,
        3388610838,
        477145330,
        235929223,
        3829557593,
        2772654393,
        231493794,
        978726051,
        3346094248,
        1611552322,
        92201044,
        1305188193,
        3216576864,
        3649400710,
        1342517768,
        2671285295,
        1470045388,
        2404149848,
        1065113651,
        988957405,
        3552520437,
        3741109806,
        3941826131,
        1394449877,
        2251282634,
        4185695858,
        3862676761,
        1381608072,
        4217898497,
        2210790799,
        599966555,
        1172736601,
        29379241,
        1082233864,
        3088292471,
        2307077824,
        4145436834,
        1776100337,
        3909370760,
        687005543,
        3663711398,
        2170895756,
        1261775764,
        2328343929,
        1434969165,
        2280860906,
        1251361796,
        835022481,
        3308781015,
        1362554763,
        3071604989,
        3562524054,
        1623487372,
        2772294283,
        3367256139,
        1823668495,
