{
  "generation": 47,
  "fitness": 3228.681506849315,
  "food_eaten": 43,
  "timestamp": "2024-12-11T16:06:27.114774",
  "initial_state": {
    "snake_position": {
      "x": 22,
      "y": 7
    },
    "food_position": {
      "x": 26,
      "y": 1
    },
    "random_seed": [
      3,
      [
        1383269569,
        601983670,
        1365100039,
        2035468372,
        1279169022,
        483085471,
        4222289949,
        3848539410,
        1090417879,
        198120822,
        1613123300,
        3035094430,
        2424374338,
        1616371776,
        1527082651,
        3654199870,
        4212541385,
        1373149806,
        1062436156,
        1296283143,
        3436276529,
        245631806,
        1867484254,
        2431276475,
        1761351497,
        2702345176,
        2588178329,
        1314658314,
        1978171025,
        4278787577,
        1685896928,
        3451240134,
        1407255009,
        66550515,
        2456990946,
        3199102171,
        3314467933,
        3575488444,
        463747754,
        1848310438,
        4033221837,
        1412649326,
        258633767,
        3765896417,
        3768929820,
        1107125636,
        90628302,
        2851368004,
        1020250034,
        2794896062,
        3447125784,
        3416620629,
        337567328,
        1220154991,
        966627997,
        1790746944,
        1640497608,
        2938522967,
        2037151107,
        691604188,
        2366167942,
        3819728603,
        3927289457,
        3591840077,
        2795330936,
        2215853153,
        276858824,
        618840104,
        3384112889,
        2864766481,
        4199987154,
        4026523662,
        3392388832,
        1716985008,
        3964811322,
        426370030,
        4155644044,
        2943796759,
        2565581741,
        2994487060,
        1868473573,
        821636413,
        461269639,
        2325744221,
        2222965556,
        3872213168,
        1690181571,
        3278721794,
        2828542555,
        2850360301,
        4261873948,
        3404806096,
        2872948547,
        1204635961,
        2280724797,
        2497714714,
        2496415798,
        1441674524,
        4000090097,
        626908185,
        585362119,
        3421796202,
        2703818313,
        3684005028,
        2912962555,
        2511221354,
        3628810554,
        511235767,
        380592103,
        1941426407,
        3408557980,
        605584611,
        867076418,
        3732324435,
        62441659,
        2746748956,
        2964115082,
        756144378,
        761255603,
        795891596,
        395490110,
        2711300472,
        2938996008,
        3274165728,
        1631115876,
        901985845,
        598984203,
        1256038326,
        2262935214,
        625215242,
        497472752,
        995938386,
        2988376192,
        2579599429,
        2855781005,
        1419534423,
        1754992718,
        334752768,
        3524590728,
        4173075568,
        395912331,
        2145706087,
        12530546,
        1427620098,
        1809323410,
        2437028002,
        1598035318,
        606182286,
        3651947579,
        1336433716,
        1309790350,
        3421449892,
        1567012921,
        1996729363,
        2124931387,
        667622544,
        1745267171,
        1398342742,
        1977532186,
        2049428404,
        83255466,
        2917714,
        549383621,
        2140484850,
        339826727,
        3949867739,
        1484012891,
        2349060656,
        1857204342,
        3949527836,
        3153603710,
        2580427969,
        1214308510,
        3928546511,
        2867107497,
        540822364,
        3451104643,
        1227494158,
        3526957246,
        758035888,
        3560922960,
        3346322557,
        479834210,
        1823015343,
        1349913073,
        1421981554,
        720397780,
        1150178215,
        4152931382,
        4140008654,
        2341527798,
        3257819326,
        1996557081,
        3126965166,
        1957197301,
        1120406399,
        1694560295,
        1500250113,
        2347862780,
        2956412396,
        1060462227,
        1519240666,
        3611585224,
        4181619544,
        3428857330,
        2673879526,
        2648895855,
        3273000430,
        2408386880,
        2578453154,
        617363958,
        1610364527,
        3015133829,
        2483903084,
        1616846818,
        2110851505,
        3241983846,
        3175922848,
        167107611,
        332311971,
        3526663816,
        1357064497,
        2844302136,
        2578184727,
        3848354886,
        313706249,
        1916320744,
        3090199761,
        734914714,
        2903301276,
        3875757134,
        1732755149,
        3590249994,
        3303851024,
        728157163,
        2226697563,
        4014838039,
        1776611340,
        312029762,
        2507332651,
        2380448246,
        623541054,
        282397129,
        1394486972,
        2770923825,
        1987424247,
        1890088128,
        2903790207,
        2365163694,
        1447599319,
        3104361588,
        1341406290,
        1664758710,
        4096603667,
        3849576632,
        2839256255,
        2564896232,
        4147134523,
        2681748757,
        1286848873,
        3222428310,
        3126220801,
        1486604685,
        2852131272,
        1408707606,
        351285078,
        578510649,
        4192278323,
        1878705935,
        2330307870,
        3034748406,
        644109271,
        3249709414,
        999049948,
        3968440498,
        3178559536,
        749091615,
        3686697566,
        3664137084,
        1188454095,
        3396893512,
        3671521695,
        2119410036,
        1177182975,
        1985012311,
        37844933,
        989856782,
        3035363031,
        3548455395,
        4291093943,
        3477877659,
        1851100474,
        2354799044,
        3234252115,
        1560607098,
        710687003,
        2375883729,
        2164388194,
        360151438,
        1233089580,
        2944830979,
        3698213193,
        3411108346,
        2537045908,
        211322508,
        3950928502,
        656565592,
        4115785910,
        2168995176,
        1949916907,
        2093691766,
        260137517,
        1438078397,
        2519210602,
        4024578458,
        2476288381,
        3544635267,
        3430368121,
        2658779006,
        3326867191,
        615349650,
        2384906574,
        2772541962,
        2442661181,
        1983994412,
        2573547772,
        1575499754,
        3932310128,
        3916398207,
        169651597,
        1173515914,
        2782913217,
        1749762480,
        1200076645,
        4271680535,
        1877620970,
        3645646550,
        928758809,
        1770570485,
        3432220399,
        547962943,
        1251430916,
        834814468,
        4093459622,
        3116221844,
        3987262326,
        3607715581,
        4082776950,
        1849548549,
        232837333,
        119802244,
        2114365929,
        4293306919,
        3276468756,
        3403352713,
        1288318229,
        166868174,
        944620242,
        1926815867,
        2618243616,
        3463618990,
        1952288215,
        699468933,
        3883880784,
        3737532067,
        1278261295,
        3376120366,
        3698878041,
        2550486690,
        1965873515,
        632843594,
        1365749717,
        3946400371,
        470766371,
        3057180780,
        2813039498,
        1154009439,
        1279556082,
        3229562744,
        1504112840,
        2389413700,
        3848428061,
        4158890208,
        3056476588,
        1396481182,
        4255773600,
        28041360,
        173470344,
        3854908265,
