{
  "generation": 11,
  "fitness": 603.4285714285714,
  "food_eaten": 8,
  "timestamp": "2024-12-11T16:05:51.669379",
  "initial_state": {
    "snake_position": {
      "x": 28,
      "y": 18
    },
    "food_position": {
      "x": 21,
      "y": 28
    },
    "random_seed": [
      3,
      [
        2072608820,
        2840781431,
        3624978719,
        3301355747,
        3077411482,
        1683700129,
        3199261588,
        1172843227,
        2664262333,
        485019286,
        3542384878,
        3031500503,
        3849531458,
        66168685,
        1109661337,
        148981857,
        3261144563,
        4072462886,
        1685991979,
        2369096466,
        1544790579,
        3675971522,
        1360607801,
        901795822,
        2423595024,
        2706847248,
        4283661111,
        2558077064,
        3242529441,
        812239041,
        605725075,
        1343050357,
        1400347827,
        1285739612,
        2344911978,
        1466373526,
        1987389790,
        2706034361,
        2995556806,
        2830356376,
        1709381579,
        2060680836,
        1553497932,
        3498213424,
        3589154254,
        413583354,
        2736750710,
        587491096,
        510280018,
        3540205012,
        4276099782,
        3832754345,
        2712206033,
        3174880024,
        3079099738,
        150204223,
        2646592819,
        1076984087,
        2119561377,
        1610688026,
        1369960726,
        2062420557,
        709704807,
        2633158325,
        3813584455,
        2569140401,
        1593896926,
        3293741811,
        1315376208,
        4146462290,
        4029581016,
        934771876,
        455420141,
        4274506455,
        1754948656,
        2399303669,
        4081657519,
        1462492180,
        1156624612,
        3506893560,
        654916031,
        1093379628,
        2301484985,
        1066820932,
        3715375485,
        506892089,
        4104422262,
        489813687,
        3336935190,
        574355851,
        1380979894,
        3211835174,
        1202568155,
        2929347752,
        2594886931,
        4157695508,
        1416723961,
        3555693175,
        258792838,
        3878398276,
        710007410,
        1553480613,
        86520592,
        1544784172,
        2601164825,
        883200738,
        2915767029,
        877265880,
        3617281497,
        2552457270,
        3708221708,
        952798130,
        2276710167,
        756318644,
        4164383760,
        738124070,
        2042987894,
        3090674057,
        2591573330,
        2193107061,
        3202317635,
        1719060555,
        142144954,
        3016804331,
        784546333,
        72353097,
        2141509997,
        498601249,
        1550333963,
        1207515916,
        3938468480,
        4104978445,
        1057405863,
        2802572665,
        3273377690,
        1676389190,
        2701148058,
        2619031806,
        2315457885,
        2595298116,
        3646649799,
        376130873,
        1602273632,
        2479676696,
        95946516,
        3832104839,
        2729953290,
        917101449,
        4084981719,
        4072197678,
        160436635,
        3351984926,
        966456216,
        3266197492,
        1280038059,
        3142048234,
        2217056326,
        3016242359,
        3617282533,
        4273932113,
        1840398637,
        1669389934,
        2241342854,
        503064244,
        258410873,
        1105045794,
        3795777808,
        3007776058,
        759157548,
        2566788472,
        1837160915,
        1680008661,
        2209655750,
        1469021686,
        3346897955,
        2346811753,
        2258225505,
        2727742645,
        2780531801,
        3158984983,
        3298570128,
        1549913877,
        178524032,
        3704617808,
        415751778,
        3536986962,
        809545639,
        1090584754,
        1595132656,
        2378966227,
        829787821,
        1221737884,
        2542537995,
        1527513427,
        619582940,
        1839150543,
        4119713991,
        950157844,
        144854808,
        701064639,
        3585273570,
        3816128586,
        2083270589,
        2485292574,
        1844333245,
        2479863601,
        868541690,
        2634515088,
        339908443,
        847617781,
        2013676030,
        3527757549,
        4264823835,
        1572210134,
        12265802,
        1924292756,
        2509962831,
        771815163,
        1670650799,
        3918290924,
        1517346767,
        145035180,
        1307059267,
        4239681446,
        2141106748,
        1257370588,
        2765576585,
        780320127,
        449445946,
        988404100,
        78647590,
        1545025480,
        612542787,
        2365124803,
        4232676709,
        748543028,
        4242417728,
        3547147475,
        3561622619,
        1561780861,
        2133004870,
        878438359,
        748610536,
        2158660216,
        1195975413,
        508063693,
        3055507103,
        3943633333,
        442727204,
        3588358258,
        4004109140,
        2744417843,
        2424912854,
        1216136441,
        3222532802,
        1299776095,
        1102923154,
        3271278565,
        2680955212,
        149638170,
        340467904,
        2264925670,
        896339615,
        1600197337,
        1586682567,
        4275469435,
        1425520353,
        4051658526,
        2661026550,
        3385704822,
        3021987953,
        3612387663,
        3029674480,
        2415266076,
        3067157924,
        2893988335,
        596662896,
        3656179142,
        2479344292,
        1861030418,
        1292935503,
        4085746517,
        3882802429,
        1440306945,
        2509782042,
        449687913,
        1625867608,
        1701552428,
        2668641120,
        3875675787,
        2787442975,
        559568745,
        3779879231,
        2181672013,
        4157034170,
        1363578388,
        2426704922,
        809233950,
        1468604562,
        2252076083,
        1540912290,
        213160918,
        1566150562,
        3669065888,
        2925502028,
        1987705329,
        2675566605,
        4066892079,
        3024645393,
        2376994753,
        849054547,
        871975941,
        1889896495,
        1938703271,
        1257401504,
        3573510215,
        3407505152,
        1332636600,
        2451466993,
        622763161,
        1428151275,
        4095047736,
        3019061563,
        71863946,
        115805351,
        1182799162,
        187774959,
        3076542346,
        2285410790,
        1877542297,
        3946113912,
        3532436424,
        1018393435,
        211080203,
        3229976379,
        2486190847,
        598455031,
        119399520,
        2235904239,
        909995930,
        4185904311,
        161712182,
        489706616,
        3396979297,
        1598223602,
        3846674748,
        3525912502,
        4021220208,
        2375450673,
        1915785975,
        3016930187,
        1442703851,
        3601490683,
        1743962580,
        735514718,
        2332396855,
        2531970395,
        3481715568,
        2547126730,
        3825495780,
        2230606487,
        1080155562,
        1986826050,
        2226371840,
        1957521657,
        1003418397,
        2688428588,
        3115446183,
        191672653,
        4205429855,
        1340149813,
        1751249095,
        2654382971,
        3496660946,
        4099249808,
        3436019701,
        2792663273,
        2235648834,
        2450234775,
        2419608807,
        1821317221,
        4118738912,
        3556489840,
        3439731111,
        3545898836,
        676056972,
        4234784831,
        444632054,
        3126536156,
