{
  "generation": 99,
  "fitness": 3228.241206030151,
  "food_eaten": 43,
  "timestamp": "2024-12-11T16:07:44.739664",
  "initial_state": {
    "snake_position": {
      "x": 23,
      "y": 7
    },
    "food_position": {
      "x": 25,
      "y": 18
    },
    "random_seed": [
      3,
      [
        655123514,
        3153029025,
        1812483503,
        1187144960,
        2921152929,
        2287781857,
        2391006049,
        1351097032,
        1656054999,
        2591635496,
        1154009580,
        3868572997,
        396149473,
        2355978373,
        3491745123,
        2519420418,
        1241176972,
        1663920679,
        3886303005,
        3596640813,
        2428739858,
        3875538553,
        1445439946,
        600748639,
        2465155165,
        644313512,
        2825952238,
        1352327929,
        1444470815,
        1266002664,
        3485063559,
        1940441957,
        4040059191,
        445151836,
        2661980244,
        2042399752,
        1204308296,
        3394100245,
        922032664,
        204746480,
        2534966194,
        3684816676,
        2683485246,
        273599530,
        4254359742,
        3376087344,
        2702257781,
        1773318867,
        2713146205,
        1546805520,
        1718162792,
        1782683185,
        782744287,
        3988175989,
        3551907889,
        2161436868,
        2761851509,
        1786163466,
        2204275596,
        1217973376,
        4294906942,
        1248936722,
        3979461872,
        4074090396,
        2973606656,
        2330233983,
        3321637886,
        1756081289,
        3741174082,
        1595382904,
        1435078835,
        4003779487,
        3017634063,
        2770646865,
        800024531,
        2203016377,
        4204868506,
        2648222629,
        3559214195,
        857320322,
        228733213,
        1642801243,
        3160977579,
        2480911711,
        2329077356,
        3411629215,
        3088906972,
        3798627096,
        357251443,
        4273063692,
        3206467101,
        3849808199,
        3887163961,
        1282484256,
        3041603492,
        2577550503,
        1078831301,
        2830362973,
        2452533618,
        2797933147,
        2611950969,
        2910069817,
        3435159675,
        2888831590,
        425793714,
        870179403,
        2196103610,
        950107567,
        4127094795,
        1518577462,
        2283046716,
        130612278,
        3917528726,
        3280624947,
        1308016338,
        3932540087,
        1087526034,
        445181084,
        1258549143,
        2414992905,
        843811661,
        166790126,
        2670703278,
        3311737884,
        200844248,
        1634970410,
        1562092937,
        29861185,
        742577660,
        357011838,
        1866851371,
        2324646134,
        2247618872,
        3917264077,
        3075427009,
        493472861,
        956311056,
        1499981273,
        3662854079,
        2244072299,
        2481642015,
        2892834757,
        2974887043,
        546491296,
        684401831,
        2822850043,
        2067779396,
        1905646965,
        384379197,
        3324215258,
        2240400685,
        2655206821,
        2704763240,
        2521553817,
        1186768102,
        3485224056,
        4232275338,
        4064064099,
        3947110219,
        2122995457,
        1385898954,
        1853906737,
        943009494,
        2091241829,
        1937227223,
        2626053987,
        3301336490,
        2329371624,
        1394185369,
        872803142,
        241020781,
        2261746042,
        1537997968,
        1956478156,
        894236617,
        370408730,
        2205957481,
        3210378481,
        2729536781,
        2546956807,
        1422754453,
        3385295576,
        3332167177,
        282731764,
        2905451251,
        2653798166,
        3066121339,
        3125452935,
        1932245134,
        3149533331,
        4240674676,
        562274519,
        2582431865,
        1013891842,
        1961794497,
        808584206,
        3547074460,
        4234642674,
        2389028945,
        828037303,
        2268486048,
        3719891091,
        3365161532,
        85465800,
        178533398,
        2414669987,
        2363952514,
        1156276764,
        4206410669,
        1942159236,
        2442575018,
        2938445389,
        1530467864,
        3034515481,
        1669776181,
        2110272524,
        960194847,
        4277490652,
        3417936890,
        3953161356,
        1652723096,
        1672036849,
        126444131,
        2708388068,
        1942707024,
        3702601997,
        2390538428,
        2125291225,
        2707411860,
        2947765625,
        4224171253,
        938489463,
        2375678206,
        3099823601,
        3820078020,
        4115062726,
        2372338694,
        743751881,
        1775934742,
        4277172324,
        1253168928,
        2674488803,
        3276192699,
        2675564958,
        2244965585,
        181581286,
        2325197301,
        3170021684,
        2681287690,
        3080728101,
        2194536649,
        2109280108,
        147461479,
        3412242806,
        1962197322,
        2715244359,
        3141193810,
        1400042691,
        1663376892,
        357739975,
        3415727826,
        2489773909,
        2987572628,
        3376472191,
        2223546009,
        1494334035,
        271887674,
        314046993,
        75618671,
        1330032847,
        2114592246,
        3273052627,
        3521682474,
        2120616479,
        293057437,
        257368543,
        2967978558,
        923791994,
        2514010507,
        2388994851,
        2116952671,
        36237015,
        300634330,
        3168406565,
        3413113894,
        1229830518,
        1326892732,
        1638217719,
        1780145867,
        858200663,
        202205957,
        2521668102,
        2506556764,
        3148763323,
        1703546398,
        2770173680,
        3572470334,
        1412496540,
        945586855,
        3580466906,
        2640990247,
        3131083420,
        1107320260,
        1825429091,
        393855763,
        1435445745,
        446928321,
        4279747531,
        3227835306,
        3016385276,
        572700938,
        1553535207,
        1370033825,
        4254936465,
        4178019462,
        1259472902,
        2078474054,
        3313266427,
        2128228058,
        3299715468,
        400770986,
        373969272,
        520170072,
        1625372272,
        3385119858,
        3946430238,
        4006478716,
        1423322870,
        1006660341,
        2773329016,
        2043390596,
        3151911514,
        3994803242,
        2872599900,
        1724800580,
        2619826504,
        832466864,
        1872513888,
        1496318082,
        3863471034,
        4021226480,
        1619169252,
        1361676204,
        2056351821,
        4106032426,
        3809290431,
        2549066017,
        1220664969,
        1503752288,
        2741179966,
        2898344149,
        831482041,
        1749514023,
        4091444132,
        4025473253,
        3504908507,
        1975283697,
        2022375556,
        3295831914,
        3601421722,
        2076982696,
        501148294,
        830905524,
        3476562693,
        39660668,
        2462547313,
        2256357577,
        1028100382,
        3483087777,
        1937684026,
        1352140261,
        1983903646,
        3172285675,
        1312176287,
        4250448526,
        1951961704,
        3459085874,
        1016368,
        2571242272,
        1598801092,
        2509691313,
        4227529047,
        2732320677,
        1838202876,
        3186962762,
        1961705952,
        2558407868,
        2172584854,
        548317767,
