{
  "generation": 81,
  "fitness": 3453.379040156709,
  "food_eaten": 46,
  "timestamp": "2024-12-11T16:07:13.418919",
  "initial_state": {
    "snake_position": {
      "x": 13,
      "y": 5
    },
    "food_position": {
      "x": 1,
      "y": 17
    },
    "random_seed": [
      3,
      [
        186533520,
        201298394,
        559417021,
        1547324527,
        4182972898,
        2628330930,
        3795649162,
        2683306442,
        2918423971,
        1930613439,
        1950571120,
        506230330,
        79313412,
        1405229928,
        3641974355,
        4103326770,
        4161118934,
        1286757660,
        1505410300,
        1641783626,
        2055070533,
        3662870404,
        3138167212,
        1608908535,
        2057250799,
        174946299,
        3209450062,
        1750341273,
        736332251,
        2780676578,
        2872020930,
        2170707040,
        2317212459,
        70841868,
        1868235465,
        3709660474,
        846666730,
        257411965,
        592884927,
        528998262,
        1135764949,
        9249740,
        1136351389,
        157798932,
        1452178702,
        2170411939,
        3149809907,
        2026854232,
        2982127204,
        774801241,
        3212840026,
        1562915967,
        1331587808,
        402860895,
        1160986818,
        2089125047,
        1453448020,
        1554630097,
        2613129617,
        1257044513,
        815888030,
        3991751062,
        888541210,
        596485575,
        4071610633,
        588930421,
        3856691837,
        2244238959,
        2397521970,
        3810361664,
        3479525120,
        538557971,
        333557438,
        1625273211,
        3689947114,
        1770285022,
        1460918718,
        2777580905,
        1199323911,
        677133910,
        2193540212,
        3921910705,
        3285465158,
        404283640,
        3980483916,
        1595676461,
        2160353327,
        1540092775,
        2267723145,
        170441369,
        2805430199,
        98945250,
        3484995322,
        1474616497,
        2336824733,
        1764776480,
        2456483427,
        2722573413,
        1112775866,
        370254516,
        541035612,
        327215693,
        3037280378,
        426437068,
        2074983200,
        1015409201,
        1997860079,
        3981048795,
        926133335,
        3146912104,
        4241064370,
        2908746835,
        3138180526,
        2533026390,
        662347027,
        3172389776,
        2219098237,
        1963185695,
        363871997,
        878838770,
        727025024,
        3577359104,
        1561978858,
        4023835184,
        3329862519,
        2457099956,
        525408643,
        3868418914,
        2353000352,
        2447246470,
        680758094,
        1102622422,
        2873050694,
        2748846335,
        3624237974,
        1506339366,
        4023750818,
        1395810203,
        2520233433,
        3501683378,
        3899289793,
        762036133,
        3965441388,
        192075077,
        266776450,
        2447319908,
        545948569,
        3240303996,
        756823965,
        4240165000,
        2139958764,
        4121312005,
        2023567559,
        2099849775,
        1251123809,
        3863484938,
        1329498632,
        842012870,
        2573499399,
        3848157582,
        3476058375,
        706114300,
        3580834548,
        2939353772,
        1850514233,
        3399678957,
        1496080413,
        4024865639,
        3370589802,
        2255054537,
        1872269654,
        1133167575,
        2260388364,
        1343914486,
        1806821496,
        310968003,
        2625522898,
        1134182719,
        3212880427,
        2855478333,
        2652727504,
        134280321,
        25897309,
        753807025,
        461853358,
        2930940300,
        3786179212,
        2152321951,
        1585213592,
        46474938,
        3123007662,
        1797510350,
        983554585,
        2447743992,
        324815354,
        3779886948,
        3333135827,
        1601672110,
        2192069002,
        2725534427,
        375181904,
        907611547,
        2516506548,
        2587520187,
        2094817461,
        3778075709,
        3078297900,
        2068397301,
        2324497976,
        3821575530,
        2098101089,
        543361608,
        3461436212,
        2242648104,
        3781797936,
        4047573963,
        4053764673,
        1189044436,
        149582712,
        671104118,
        3395048841,
        1147152506,
        1697505039,
        1506500797,
        3184248397,
        517619837,
        1679245753,
        1044542172,
        513277018,
        3073549173,
        441316168,
        3284025132,
        2424606681,
        2247586737,
        3877489413,
        4131729494,
        3437868690,
        534217054,
        333321925,
        1539235240,
        329206240,
        560898781,
        105745775,
        2605079229,
        1070381941,
        1523927627,
        1675598736,
        1934711773,
        2058484687,
        1627324733,
        3573600961,
        2245041091,
        3360081131,
        1311021433,
        2628546277,
        997774925,
        1072840892,
        3162978445,
        997460503,
        4275554166,
        3292779262,
        1670868388,
        1010655830,
        724612037,
        344671070,
        2863555548,
        2171143516,
        4272178127,
        3855312481,
        1616153735,
        2709860193,
        3774487568,
        1904835417,
        3095774843,
        4017454055,
        3008974623,
        3524373096,
        2830283707,
        521078586,
        1214590447,
        3801279154,
        2093349217,
        3830129500,
        3104116329,
        3588814623,
        2099390198,
        2468733072,
        4274779833,
        1902122962,
        3097127569,
        1722805454,
        1193014596,
        1183068015,
        3922256553,
        1144728023,
        1007147962,
        1507146441,
        3831856320,
        1114733181,
        4074572779,
        1698797995,
        547807594,
        106273810,
        1270461937,
        1103178513,
        4079876355,
        647610657,
        3772780728,
        1721841724,
        4172011937,
        1945211071,
        4154076955,
        2059716418,
        1317293211,
        4049315448,
        980022560,
        2277890520,
        213032571,
        2249546897,
        331964643,
        1396307015,
        544169919,
        790031955,
        313578669,
        158293541,
        1504627711,
        3423621106,
        3382799741,
        1834518752,
        1609718849,
        4237370606,
        3416201980,
        4009417106,
        3750297959,
        2739906128,
        712836222,
        4028250216,
        4267597092,
        3164046709,
        3099783341,
        1160187219,
        1200714342,
        923047693,
        1505667588,
        2505475253,
        1269931658,
        557092065,
        1578232036,
        3850453078,
        3426698087,
        2772752396,
        3647064623,
        1414937757,
        1146376182,
        1784558682,
        1702485885,
        1188822298,
        117791612,
        3331239497,
        1609066576,
        3392114201,
        438937990,
        3299088577,
        2050880646,
        3822298775,
        393477636,
        394452801,
        1517707270,
        2636028935,
        376427098,
        310013060,
        2669990317,
        3039780365,
        1715715708,
        2814672518,
        862033032,
        1334451854,
        2666102920,
        2496729968,
        526029464,
        4024075738,
        3282385394,
        3231763708,
        3881119111,
        38175752,
        3843850781,
        3532831080,
        3097362668,
        532989260,
        2757285195,
