{
  "generation": 64,
  "fitness": 2628.193430656934,
  "food_eaten": 35,
  "timestamp": "2024-12-11T16:06:47.810601",
  "initial_state": {
    "snake_position": {
      "x": 10,
      "y": 27
    },
    "food_position": {
      "x": 28,
      "y": 16
    },
    "random_seed": [
      3,
      [
        2161899543,
        599807368,
        3724246202,
        165124497,
        2865149418,
        4079287585,
        1219934945,
        1421547822,
        3973438174,
        2642374474,
        2867169765,
        1414807567,
        4108453580,
        1154471728,
        383020749,
        1019273963,
        3402106910,
        1810350393,
        341201225,
        2741895312,
        658722097,
        1467285153,
        4243332088,
        2643371475,
        1295706164,
        2886919167,
        139864590,
        3042505509,
        1493054950,
        1647280005,
        99953150,
        2668887282,
        3921957813,
        1796702481,
        4098307364,
        671042198,
        356881824,
        1398649782,
        826227159,
        3174482944,
        1591270722,
        1100519605,
        668920173,
        2599960583,
        3563892620,
        365875276,
        884222605,
        1602159091,
        2037860399,
        2392217781,
        1856290541,
        2489137844,
        491634303,
        3944922093,
        3884617384,
        1812592255,
        2594337890,
        2488113274,
        672669170,
        1646778492,
        4082698858,
        2387214117,
        1805830984,
        328589856,
        2273647736,
        1520848259,
        3917991075,
        3981282689,
        2639275808,
        3504757660,
        3168041496,
        2007240535,
        3951820327,
        1791539681,
        1236410425,
        719482440,
        1457586459,
        4120804838,
        1350857627,
        2245093711,
        1003897224,
        2167529479,
        655428512,
        4166446734,
        3339415278,
        3455566160,
        2077117648,
        3907617249,
        2596672018,
        604716397,
        4089533511,
        3927747105,
        368303626,
        1717791394,
        348326112,
        2828003358,
        4146594871,
        725765278,
        333232989,
        2492024251,
        1089765987,
        4270635490,
        3886919523,
        2687702586,
        4220409973,
        1955991031,
        3414758474,
        1320864858,
        1159885144,
        3627509378,
        3273624443,
        876674691,
        731157404,
        1373969005,
        1132086560,
        2862195700,
        801013450,
        2453574849,
        2633431134,
        1873817368,
        1594440233,
        2948385586,
        3050912371,
        2835946017,
        1024469710,
        2277622147,
        598377256,
        3827618824,
        1223323548,
        716155047,
        85120030,
        2080094115,
        3113912669,
        967096706,
        2742840284,
        3119159447,
        2559209615,
        4176797379,
        3099480118,
        3731150070,
        3430630625,
        3111902193,
        1555061111,
        2372545374,
        1166337022,
        408262927,
        273329579,
        817678067,
        3281478678,
        3550590887,
        2864325178,
        3428725602,
        2839671521,
        2314522399,
        100635419,
        887210713,
        1444951929,
        3545256344,
        894201345,
        385483038,
        1500788707,
        3305227520,
        3085578244,
        1651946058,
        4197515937,
        1487092626,
        3988195674,
        54857579,
        4246053267,
        281103190,
        2943531683,
        735436489,
        409616087,
        1881376436,
        3738041725,
        3159392622,
        2174076850,
        4138794254,
        2594349998,
        585482428,
        394737466,
        838925164,
        1869861419,
        4275297972,
        2619757643,
        2674455007,
        2875645140,
        1262104518,
        2477765829,
        3283534018,
        2272133213,
        3444944335,
        3695733698,
        463437371,
        761238281,
        3125113870,
        3247233545,
        2538690702,
        3217825513,
        715429768,
        3975458922,
        3987961176,
        2100299771,
        614248477,
        1757551257,
        2798297377,
        2363082842,
        835013920,
        2495630714,
        809078073,
        4143978071,
        3589884050,
        3697470773,
        1232603980,
        3052733291,
        986435649,
        3190875155,
        1563215058,
        42441351,
        2462168752,
        2173320540,
        1123636667,
        4049541104,
        3179217911,
        1024944625,
        280815578,
        3905435049,
        2922725353,
        3420548158,
        2257298537,
        4201366451,
        3420926220,
        2605853878,
        483305295,
        4244683937,
        759058508,
        413111954,
        3095261712,
        3594529364,
        4052556879,
        2365226576,
        3775531732,
        2083210154,
        2043349364,
        2844830965,
        4095675807,
        3519802769,
        1463478585,
        824943502,
        1077271726,
        4200395762,
        2921036326,
        861983507,
        1844791863,
        2747250810,
        3251027660,
        1189237631,
        277265227,
        2545253011,
        2771196500,
        2365862280,
        1981734677,
        1017014506,
        3046471768,
        3713651325,
        992017066,
        1306116265,
        37156382,
        3912299509,
        2349795391,
        746613722,
        280678179,
        1714720077,
        2452990221,
        3048440065,
        3971921021,
        3266983379,
        2845485602,
        2663638474,
        3531496118,
        260058749,
        2243508655,
        239200435,
        2288440563,
        2726434215,
        2013444477,
        4130160901,
        296720905,
        3740347406,
        2427796976,
        1913355003,
        1910683642,
        325684032,
        3698631672,
        2445499098,
        4185555368,
        784988229,
        3793429401,
        1051794224,
        1862527845,
        497986905,
        2002724566,
        2259843056,
        336608496,
        1795655876,
        1708550329,
        4205343520,
        1359370520,
        4287601026,
        378823323,
        2057303380,
        407378143,
        2773265674,
        1674330542,
        503794292,
        4169646997,
        3157631488,
        205265242,
        493565907,
        1679819301,
        1483516193,
        328390172,
        625173499,
        3438141946,
        1224218841,
        901605958,
        3607283874,
        2209817569,
        1205086985,
        1791792805,
        1718713306,
        3866251090,
        4230960419,
        1992013784,
        159703724,
        574092072,
        2298931622,
        3875774364,
        3571037534,
        3021390716,
        3307128799,
        4123349660,
        1862736581,
        189494025,
        2826718286,
        4144908366,
        2288093592,
        2771840684,
        3000005528,
        2216461445,
        92769974,
        4233233248,
        2115277078,
        3367588463,
        2210238306,
        1427552937,
        425472637,
        380890355,
        3444767026,
        2353464711,
        2416955642,
        608601338,
        2048678643,
        3738737758,
        2231465218,
        2213947356,
        4211945923,
        2416462804,
        1259903790,
        599812971,
        1913322197,
        64690116,
        2168633692,
        4045550320,
        1954618719,
        157649078,
        2363475538,
        714314867,
        1421941710,
        1564191699,
        3167442414,
        3662786464,
        897411205,
        1722402427,
        2247333781,
        1001495773,
        1229568437,
        2775331610,
        573656559,
        2659813906,
