{
  "generation": 26,
  "fitness": 2329.0294627383014,
  "food_eaten": 31,
  "timestamp": "2024-12-11T16:06:03.538638",
  "initial_state": {
    "snake_position": {
      "x": 20,
      "y": 25
    },
    "food_position": {
      "x": 20,
      "y": 7
    },
    "random_seed": [
      3,
      [
        623107535,
        3783060351,
        3759835847,
        4228432424,
        2961318433,
        4069832806,
        3890654745,
        268256350,
        2740224179,
        1393940995,
        2433215388,
        2825441001,
        3527495343,
        782945704,
        368351971,
        729006825,
        1342604931,
        3462170713,
        3879648341,
        2776539462,
        2287452348,
        3439621640,
        3513933932,
        2672720019,
        1816459260,
        2688082132,
        2790602989,
        1060231738,
        347514421,
        2411015517,
        230472601,
        1806557716,
        4237751108,
        3036930569,
        3081352657,
        2639766451,
        3509944384,
        2489584992,
        3807712479,
        2408832561,
        1414097171,
        2590918814,
        4097526048,
        1709173810,
        3523648458,
        831494054,
        370149835,
        1039607704,
        2453121186,
        1959342410,
        2166691159,
        1630678443,
        722311506,
        1494624954,
        3181497493,
        3079426152,
        1793500864,
        3853361961,
        3967917903,
        3316122182,
        642233379,
        720708733,
        92296568,
        1815938637,
        3852950474,
        3314411227,
        282778129,
        2830023141,
        3695426994,
        2523983688,
        358261049,
        222574673,
        723803771,
        2242517003,
        40330959,
        3730656189,
        2225747640,
        880847082,
        679899690,
        2000808367,
        2576005795,
        3619724809,
        1770245534,
        190995365,
        4121955111,
        3547747874,
        3517211168,
        2568604093,
        559120381,
        1312674059,
        2687239973,
        2698378140,
        1077932975,
        2611175572,
        554785818,
        652019158,
        1751820418,
        581113404,
        2030228742,
        1902034363,
        3705758755,
        4038279707,
        2593272556,
        4232688790,
        52342029,
        1507976167,
        2330746083,
        1282617596,
        1393491628,
        2364578093,
        2732005874,
        3904675314,
        3638928421,
        1777305019,
        2966527505,
        1601683083,
        2362831507,
        781424799,
        691858099,
        3838212965,
        3294727494,
        3750075097,
        3506803228,
        932414710,
        2721736225,
        2265920246,
        3698204613,
        95835020,
        4198782640,
        3520494498,
        328260372,
        1860705136,
        11104997,
        1699483557,
        3542748027,
        2953698468,
        3850018579,
        501097159,
        4272668546,
        1541501599,
        2555827252,
        3955125038,
        4042025491,
        609008951,
        656344338,
        913451524,
        232362468,
        3569511784,
        744938450,
        273568720,
        3910304783,
        2502115840,
        275938356,
        2206068009,
        2392325241,
        2697394325,
        3445647545,
        2516971017,
        2548742501,
        3448418778,
        2953569151,
        3305420721,
        4052943646,
        2089239223,
        3205725209,
        3467799457,
        3636638752,
        2218261692,
        2092459291,
        2550551877,
        375806630,
        1284170426,
        2000756651,
        3807231958,
        3117353339,
        3105287420,
        1936760818,
        2059923304,
        722122417,
        4088013265,
        3371694853,
        133353516,
        2535899304,
        3581220562,
        3667160653,
        3745879915,
        4254390323,
        136275258,
        4078943961,
        1676419607,
        58654286,
        4237690750,
        227709946,
        3583898844,
        2641699771,
        2977168471,
        520487454,
        1648717088,
        2989881315,
        3305064640,
        3991268754,
        1364890478,
        2576461149,
        3363828919,
        2635191015,
        3941134742,
        537155178,
        1577410221,
        2572623025,
        572284434,
        3178231448,
        929996326,
        3173638988,
        3938445642,
        2397297343,
        1581183542,
        3632256543,
        1666803489,
        4005464608,
        2919088082,
        218352427,
        227245435,
        1052368753,
        96399101,
        3048777374,
        299229790,
        1478401442,
        2642306382,
        3664817083,
        443479262,
        4120935399,
        2799015953,
        3149972289,
        1263291609,
        1164550181,
        2006982217,
        963151289,
        3104168731,
        1811458477,
        1519646454,
        1621011266,
        1247872752,
        1903228462,
        2892232264,
        1708656157,
        2119446134,
        3072184484,
        1427724838,
        1829787210,
        340251596,
        989436596,
        2669905080,
        3986496778,
        4277473512,
        113332848,
        981511836,
        807833,
        4257456031,
        1172323994,
        3151489714,
        1798402695,
        135220489,
        2542019648,
        105525326,
        3934793246,
        2765771352,
        2851065649,
        4210620874,
        4084977189,
        2377063747,
        2680096417,
        1760253390,
        4248458570,
        1946337574,
        3734238023,
        2645374889,
        2904155403,
        3841603528,
        3675012535,
        139386460,
        2098245764,
        1225150767,
        2227127333,
        645473778,
        1734066903,
        1352286825,
        2388359411,
        1970411370,
        3044056842,
        3282541203,
        662131015,
        1471709700,
        1233553373,
        4260661696,
        3273349852,
        197116859,
        586758729,
        1493877558,
        2845223511,
        410676635,
        3860341667,
        3413429664,
        318849011,
        2689721001,
        3949958254,
        2778623146,
        1547908087,
        1546426702,
        2510190988,
        268344015,
        1553660877,
        2164333294,
        3902412943,
        1375764238,
        1863602881,
        314853791,
        1595585648,
        1055867411,
        1765073582,
        295165116,
        2451994711,
        2477872548,
        2824570255,
        1198303628,
        474679865,
        3388895194,
        1072450527,
        1975568930,
        2101925557,
        1241679270,
        1487883187,
        518953700,
        1500680138,
        4006338623,
        2592662965,
        2660174937,
        2127018663,
        3961280735,
        2132657670,
        2172937076,
        4223095029,
        3753421155,
        4276476414,
        4281631711,
        716055556,
        2611795664,
        2752743121,
        2842817800,
        3733230878,
        4105302594,
        4065764210,
        1209744434,
        3129857474,
        1387707121,
        3652294675,
        3241498022,
        799571679,
        1196416795,
        3046208121,
        1547498236,
        4082992107,
        3042188238,
        3497240710,
        495929150,
        2925821017,
        3000543203,
        1179525832,
        3876095484,
        2557955140,
        521788122,
        3351758064,
        3760417899,
        1170010724,
        1135282456,
        1379894428,
        1473821591,
        2002113092,
        321997021,
        3734378775,
        3419608572,
        3907152488,
        1678859012,
        3289433883,
        1908628369,
        449158208,
        1225904743,
        2041822219,
        2993933773,
        151658988,
