{
  "generation": 9,
  "fitness": 603.7037037037037,
  "food_eaten": 8,
  "timestamp": "2024-12-11T16:05:50.824784",
  "initial_state": {
    "snake_position": {
      "x": 25,
      "y": 9
    },
    "food_position": {
      "x": 29,
      "y": 13
    },
    "random_seed": [
      3,
      [
        1972810644,
        1758436425,
        1924346063,
        1012003267,
        3745230398,
        3686704528,
        1994365388,
        1125197394,
        3854525,
        3588649266,
        743724108,
        2208792697,
        803363374,
        1144648221,
        2096838891,
        1988023535,
        283436305,
        3252649939,
        1508930025,
        37190038,
        3661423366,
        3651918691,
        3056001711,
        3034497131,
        935881534,
        91965608,
        4277287736,
        3879576628,
        2968437512,
        1088947428,
        1939009643,
        3806529578,
        406379499,
        3076552054,
        413630684,
        530118669,
        3903272726,
        1740105136,
        2598798184,
        4038596341,
        4223098755,
        2052891628,
        2394683067,
        3553447074,
        2849530384,
        855063248,
        980325419,
        75234178,
        2399278998,
        1879155663,
        2263313423,
        1645050384,
        3522031653,
        1232629910,
        2023974189,
        2513682365,
        843000860,
        3538859942,
        2313579615,
        3581796897,
        785379831,
        2999622456,
        1971575501,
        2050458549,
        3644411009,
        2600512702,
        2502260339,
        784472979,
        1102203662,
        1118335358,
        2236883077,
        1503755491,
        2153232111,
        1807861652,
        2915355320,
        2899613920,
        2223081886,
        3017236285,
        1901044331,
        2448776824,
        2321749941,
        3271732176,
        2575773761,
        1679195597,
        863880324,
        1231824166,
        3569584885,
        689417567,
        872151334,
        2112572464,
        1195035731,
        976725698,
        2245525879,
        1843357655,
        1720513247,
        2008818846,
        1612217516,
        905278961,
        4020561623,
        2097713374,
        2872438321,
        1269393703,
        1554541372,
        3168053781,
        1598640259,
        3294529605,
        1645964000,
        2350391131,
        1566110125,
        47388691,
        24673527,
        740510241,
        291822629,
        1944987435,
        3248044278,
        401819912,
        3515421188,
        3470703856,
        4166356179,
        488576328,
        1093565280,
        3209308697,
        851739369,
        3805830630,
        3247649208,
        1622607350,
        1060134732,
        159430351,
        3205433362,
        3694084890,
        2658728032,
        1521937389,
        4264062330,
        1224272639,
        2220207342,
        1346097909,
        3014010641,
        1155763126,
        787123213,
        2422996348,
        3712492633,
        1979089446,
        3348384586,
        3056350848,
        3372917112,
        1530344935,
        2325782967,
        63963413,
        2875323592,
        2118865347,
        971061452,
        348825179,
        3569663769,
        3587447713,
        687169563,
        24007922,
        2786038797,
        2964530928,
        3887032373,
        3573894526,
        2559521547,
        1661972225,
        433542264,
        2610758275,
        4100224973,
        2550987238,
        3171068008,
        332485985,
        2892303365,
        2048613596,
        4041946783,
        2311392268,
        1525533641,
        1441225886,
        3547544438,
        3116765548,
        532399592,
        1915646956,
        1910260834,
        752934631,
        3831601512,
        4254885908,
        2032737742,
        1060323749,
        2062191208,
        360568781,
        773542616,
        995377986,
        2570977186,
        3703496091,
        4108966176,
        2508508241,
        2876988738,
        1595109617,
        1458793147,
        614423045,
        2863669569,
        4204272709,
        653156116,
        716476934,
        825829979,
        1272059764,
        115946332,
        3373771757,
        1427878155,
        238826815,
        3122782553,
        2266493112,
        3640553552,
        3390993226,
        352164438,
        3654852478,
        654459790,
        2242708603,
        2873743700,
        1852523059,
        3955427649,
        315891612,
        1546787044,
        1096844064,
        3959361083,
        2863766252,
        1417280585,
        2192447871,
        844926791,
        385557692,
        4140766764,
        3689695325,
        930381134,
        1253061264,
        1533223948,
        2990588451,
        469842009,
        3767563952,
        3060660171,
        4160773720,
        509763463,
        3463048250,
        663236773,
        4225741150,
        2923833436,
        843334385,
        2789534721,
        1747424022,
        1435272809,
        1877326926,
        3598970541,
        4156944900,
        3546446125,
        2154305050,
        747793981,
        4143334195,
        15959521,
        495859562,
        3662063209,
        1214133500,
        1737029771,
        4233463451,
        741087900,
        3270468151,
        3054234154,
        3937557390,
        455839790,
        1840227753,
        2570079964,
        3168238768,
        2817537976,
        3808160509,
        759303332,
        1792418963,
        3416706574,
        1618194350,
        2671721956,
        1779540630,
        2729193401,
        2951124565,
        2173543064,
        2911699365,
        3402220401,
        3223631332,
        3769472003,
        1683301339,
        2109277077,
        443150796,
        948398030,
        769523417,
        331694875,
        1347385822,
        3202323174,
        2401384757,
        2766096290,
        2755249148,
        4251899496,
        2145913699,
        4103649256,
        3252839993,
        168519056,
        2340393981,
        3346961077,
        3419008052,
        959419772,
        391567571,
        2560337791,
        1508459214,
        3291682573,
        3422185728,
        3223079541,
        1844811002,
        1378489462,
        2201478575,
        1731957035,
        1798276101,
        636752568,
        246533510,
        3389819963,
        3430776379,
        3966058029,
        510571728,
        2846975913,
        2918004414,
        4159367948,
        184362824,
        3688832726,
        3033733114,
        936662167,
        1103865579,
        2375126011,
        1220772778,
        4094936984,
        906960212,
        1721016455,
        870388837,
        1502914983,
        2728032925,
        2908441570,
        4239519428,
        3926419080,
        312036089,
        3648493885,
        1195060272,
        4169871982,
        1676701733,
        698957177,
        921972365,
        1041818931,
        490880119,
        3695776722,
        2723912254,
        1215110058,
        2074518088,
        204878369,
        506293915,
        977914147,
        2896101037,
        1785387304,
        2699040254,
        3800221591,
        2154866671,
        809686998,
        2801251658,
        1139198766,
        2013667729,
        2051907984,
        49930178,
        2372822138,
        4055427806,
        2059622612,
        1367436038,
        1101336382,
        1671421204,
        2389878852,
        3428847451,
        2655936455,
        2710688044,
        150686551,
        3537029603,
        1827257154,
        531551387,
        3158516269,
        3775137447,
        4236692425,
        3045191221,
        3707804767,
        1091254251,
        323115428,
        3983920636,
        1342884268,
        896557516,
        4225322573,
        2492190738,
