{
  "generation": 96,
  "fitness": 3528.466076696165,
  "food_eaten": 47,
  "timestamp": "2024-12-11T16:07:39.327817",
  "initial_state": {
    "snake_position": {
      "x": 7,
      "y": 13
    },
    "food_position": {
      "x": 27,
      "y": 29
    },
    "random_seed": [
      3,
      [
        618110275,
        287462333,
        3434101293,
        62422727,
        3202741341,
        2514198259,
        4163508161,
        1594892541,
        859778891,
        3326398179,
        4229802495,
        2233308760,
        3047831153,
        2390594553,
        2747924646,
        1679187836,
        1682243468,
        1650587621,
        2734237116,
        2523802823,
        1946049671,
        1947139178,
        1937536591,
        2834029344,
        4007357399,
        4113768818,
        542267908,
        3252788667,
        3244732190,
        1597348647,
        3760934280,
        3114772458,
        1577776811,
        115991464,
        3624856152,
        1710821525,
        2544276107,
        1173956098,
        1197483657,
        29980035,
        3523952930,
        2825124725,
        3661467241,
        1561477991,
        47343647,
        2714360876,
        1952350511,
        566930463,
        2898731688,
        2958245835,
        660934216,
        1678971189,
        3739028459,
        308294308,
        4087638937,
        2514957903,
        1966843832,
        1765548546,
        100951882,
        758836827,
        4151001608,
        541007379,
        1751537337,
        3503653943,
        1568499139,
        1195726301,
        3284221046,
        3326451558,
        3915150358,
        3937559086,
        3629508563,
        2744188613,
        3894830057,
        2252727763,
        3553828692,
        3818589488,
        3490784868,
        2117253585,
        2544256478,
        685663701,
        432526771,
        4068060910,
        1492987890,
        3526149326,
        351450573,
        3452835534,
        684869757,
        4190451352,
        2825643259,
        949104056,
        372592793,
        242063904,
        3134513505,
        2055130142,
        257043084,
        1691856226,
        2304612210,
        16409776,
        208780440,
        1049467213,
        1264718743,
        3513225139,
        2704635581,
        550882119,
        398789016,
        2329414607,
        1761280408,
        2160516300,
        2863639470,
        2520011939,
        1789679626,
        423875421,
        1544819123,
        551117375,
        2241533182,
        1271103727,
        961957256,
        4219803512,
        375494607,
        2784608023,
        242616233,
        2578026595,
        866031274,
        1313698998,
        4122560202,
        2272480094,
        3503754562,
        136793426,
        2044599344,
        1687860423,
        2815398179,
        844265803,
        1207530549,
        240070414,
        2026891243,
        3589472301,
        715897407,
        549329064,
        291836884,
        1450590066,
        1884123717,
        3787793595,
        754532571,
        1916991676,
        875226416,
        3038875499,
        4108370753,
        3038649344,
        2942826433,
        4162090846,
        4282098297,
        1420430576,
        4006132567,
        3192318313,
        4002994136,
        3670758115,
        449669136,
        2409021528,
        975010446,
        1268135586,
        547303445,
        166656011,
        1388236491,
        652902639,
        1911952433,
        2640401551,
        210184365,
        1168962187,
        81096338,
        2224883075,
        425817529,
        4267009451,
        3153526697,
        73613051,
        1592427650,
        1625985554,
        3753079456,
        3592098088,
        2299176586,
        1860010980,
        2071920035,
        3539289206,
        3030056447,
        2563137355,
        1061781874,
        2167016614,
        3566956327,
        3862567545,
        4270499036,
        2176677867,
        1178370281,
        1308031464,
        3194189732,
        2409355381,
        3716993013,
        1701140673,
        3915349381,
        634848414,
        2907015052,
        2822259858,
        932743063,
        3197492590,
        3546211163,
        1204100438,
        1174970369,
        2159803618,
        3447086345,
        2465709853,
        545284958,
        3415913823,
        3543155925,
        2175879331,
        2716794475,
        3895093150,
        2984739616,
        3485569346,
        2620946307,
        829354585,
        4052556720,
        3213683467,
        963979833,
        2594808641,
        1056625507,
        767665738,
        2338750439,
        1529623419,
        511639977,
        2022007889,
        3265208170,
        3235177116,
        1074516767,
        545846196,
        3165202110,
        1586650773,
        2819733213,
        2177190625,
        2335430910,
        3044526466,
        980211439,
        1949138333,
        3076136914,
        1200602090,
        3545524041,
        1760915546,
        2112259921,
        4086291924,
        361188254,
        3734354276,
        1042402651,
        3236652436,
        1793445101,
        156180123,
        3862255526,
        4053138359,
        2643617112,
        269931307,
        513297135,
        813592136,
        4050554028,
        2785481288,
        2231805589,
        2426476129,
        317720637,
        3056643419,
        797149847,
        646973639,
        1408936447,
        4065782534,
        1336239808,
        4075495476,
        83543792,
        1705779539,
        4141184311,
        1167352090,
        756942357,
        2398073966,
        938471822,
        1963861367,
        1908637477,
        145606463,
        1047430079,
        4121882879,
        551309775,
        2793240711,
        1413072598,
        2097117616,
        3951259069,
        1331262559,
        435095102,
        1542043409,
        3865972695,
        1353884634,
        3700990010,
        3133505641,
        1705307743,
        2456039961,
        664596404,
        2471661227,
        3106879665,
        1696031928,
        3589139337,
        776523083,
        1531847724,
        920236207,
        2598482069,
        2552949863,
        1034926589,
        835766292,
        1565266943,
        3459929464,
        3095527815,
        3427353762,
        4149629348,
        1815560603,
        634516018,
        3100877980,
        3299423664,
        2570559954,
        434471490,
        4136155757,
        478064787,
        1727783160,
        1647080959,
        1336941242,
        928736451,
        768559159,
        2476901523,
        304305172,
        2912677274,
        1646183113,
        2927752565,
        3412283049,
        3558506929,
        3135553980,
        655986952,
        90284437,
        3310330561,
        2248636762,
        2160043826,
        4224737459,
        4226703919,
        2315984177,
        1433593627,
        1809477061,
        3412857264,
        4248804682,
        1955742410,
        889545069,
        391662654,
        4062600966,
        603185440,
        1573884880,
        1070757893,
        3596007598,
        1888929300,
        207290984,
        3602304721,
        571096923,
        1371447950,
        450506471,
        2035713762,
        2064580293,
        4259829114,
        1386453604,
        1518261695,
        3044066783,
        3321072092,
        2069963682,
        2524125593,
        564974915,
        836493787,
        3741818397,
        2499763176,
        1886630607,
        1590663454,
        4012159907,
        1767034665,
        1198418911,
        1735977626,
        2845026237,
        984769798,
        97131611,
        3770002069,
        2079659851,
        3519411717,
        228377515,
        285188136,
        1407819479,
        4043094517,
        2126304256,
