{
  "generation": 74,
  "fitness": 2853.9473684210525,
  "food_eaten": 38,
  "timestamp": "2024-12-11T16:07:01.975139",
  "initial_state": {
    "snake_position": {
      "x": 19,
      "y": 15
    },
    "food_position": {
      "x": 21,
      "y": 14
    },
    "random_seed": [
      3,
      [
        2007306270,
        3737468716,
        2529145627,
        561842092,
        2221241058,
        2337171456,
        2451564438,
        3434560116,
        3160381423,
        3074340939,
        1849043669,
        1023066045,
        2624568103,
        774970938,
        3134224247,
        47804383,
        4161943553,
        827438121,
        1683077288,
        4035465864,
        1522299803,
        1014743938,
        1190503681,
        754074208,
        522033938,
        1434745356,
        835303064,
        2802758384,
        965447769,
        2978385249,
        1716224846,
        3749585029,
        1849539250,
        4177217001,
        160697210,
        1418314794,
        1606650966,
        1488112190,
        3475661150,
        4231742203,
        1580204793,
        2064251287,
        3922076461,
        4254514000,
        3893950060,
        1545701957,
        1034026820,
        4203894069,
        3738904177,
        651035001,
        343327296,
        526794750,
        938606836,
        3815947601,
        1412115968,
        3330874296,
        681657793,
        1160106267,
        3403366859,
        3746183285,
        2496694340,
        1437998920,
        2224557944,
        1084898887,
        3054079281,
        3379474786,
        3557135231,
        2384054390,
        1257643344,
        1263204361,
        3021373542,
        1116139782,
        2999805321,
        151672296,
        1694124880,
        625384181,
        2400379431,
        4240973013,
        722924436,
        458202620,
        1776972898,
        3543525497,
        3267443470,
        442682124,
        1863735068,
        1975847094,
        1538916001,
        1007503239,
        2563527335,
        4037900075,
        3543972659,
        3826006927,
        3170148815,
        697248775,
        1919829644,
        673554931,
        1699489915,
        1026895668,
        3318415248,
        2918308553,
        2408292770,
        341902405,
        2350040834,
        2803354128,
        1751356447,
        2154401542,
        4161002243,
        2464096336,
        3099739228,
        2646857706,
        1587806493,
        1496434407,
        3459801267,
        2626491898,
        1551344453,
        2285213240,
        3038300118,
        675461419,
        1716404582,
        150376709,
        1779745767,
        3855802739,
        3103125548,
        2496501476,
        438734955,
        420809637,
        2401805544,
        3745706519,
        268389568,
        2600499269,
        3557246875,
        2424807376,
        897937423,
        4042813019,
        2366626913,
        2288813715,
        2153403772,
        2899754360,
        4136009382,
        2921289248,
        1245308645,
        275818359,
        3499711379,
        3852347493,
        3106997667,
        319606133,
        3117881229,
        3365233670,
        730926928,
        2084971365,
        3697608866,
        510230842,
        4068294819,
        694227952,
        1800116713,
        898687050,
        2014115834,
        1975101767,
        4149327754,
        1473196197,
        1681307052,
        3649245252,
        910823885,
        1561264518,
        2193274984,
        1301263394,
        2981191689,
        2058840471,
        1374271577,
        3124774212,
        3482296097,
        2761529519,
        4232261085,
        1161417594,
        3831250940,
        731180567,
        859477031,
        1927349604,
        3802660754,
        2121729305,
        2577276773,
        1224028962,
        1326553276,
        3028843609,
        2938677850,
        3278856147,
        3854188337,
        4198037972,
        1811672946,
        49681556,
        2294336495,
        2827554097,
        2982189014,
        1952392430,
        1040127353,
        3484369881,
        481162362,
        2837903249,
        226589158,
        1929383964,
        4061025508,
        3552426379,
        3562766361,
        1861924289,
        531784292,
        1941962084,
        422857153,
        2281811388,
        1978846058,
        3416729706,
        990033961,
        2349954718,
        4281531929,
        4104712585,
        3713097605,
        1021592349,
        3983882188,
        2761563210,
        3134823731,
        3079347169,
        792298811,
        3073461173,
        1644664371,
        133633728,
        2729060543,
        411244351,
        372566945,
        1997816592,
        166281304,
        1797137703,
        1394631251,
        2909305646,
        2386176437,
        3042317207,
        1299205132,
        980413882,
        2858002582,
        2819503120,
        1959218405,
        1025240440,
        4170513051,
        204635262,
        3763496718,
        3012705756,
        3808942118,
        1205963367,
        3273579574,
        3880019385,
        695879444,
        1299524693,
        2134621724,
        2475972857,
        196753667,
        2470727176,
        4039454038,
        1306615222,
        541795814,
        4120663817,
        553504592,
        1045630837,
        3854085633,
        2114763026,
        4225922109,
        1559950587,
        60964596,
        1617148343,
        2496904797,
        2143779495,
        1531480807,
        3511066577,
        1336177408,
        144743946,
        116643282,
        3067614103,
        2006267694,
        1905884982,
        2287651571,
        3698187456,
        1629650010,
        3589479234,
        1856978234,
        1303499576,
        1088017714,
        2542531876,
        2033293298,
        2150131418,
        872245504,
        2499531933,
        680266585,
        2409630189,
        1431438520,
        1198864208,
        2853201036,
        955062027,
        1784683457,
        1947194741,
        3279891230,
        3902170112,
        2877666625,
        776723823,
        683618205,
        2542801472,
        1593042364,
        3627497709,
        2789759178,
        375621707,
        1915541450,
        2580309229,
        2307374408,
        2119981583,
        3003059119,
        1356645287,
        974288488,
        825872540,
        4218474017,
        2502338650,
        1345779233,
        1107696095,
        1612595004,
        2209276924,
        2333650869,
        1407979897,
        2999768387,
        1553155413,
        328165143,
        2144358249,
        1529585871,
        2187769114,
        2760373652,
        783583142,
        303974664,
        1517765317,
        1270616328,
        4149640466,
        577988591,
        3340989653,
        1991775841,
        1012563238,
        381542116,
        3775303163,
        340592014,
        2155453964,
        3307389517,
        1532082466,
        1312048895,
        793319938,
        752653149,
        2835314159,
        307761203,
        1996002183,
        3634972045,
        1516353249,
        1359069759,
        863847904,
        2496100560,
        801517301,
        11430481,
        497878359,
        3376191781,
        2224893211,
        3566736287,
        3621853494,
        1405401539,
        3121443399,
        3117102592,
        1965869261,
        4171017948,
        3569182075,
        2235574959,
        2990530765,
        399891427,
        4197926807,
        3725301842,
        4251841438,
        3258612908,
        2200785057,
        1680235425,
        2867863063,
        910084206,
        3868988032,
        879938841,
        2160913473,
        2092812375,
        3965218325,
        1936982493,
        1609560967,
        1713558517,
        2297587661,
        2245598533,
