{
  "generation": 95,
  "fitness": 3078.462837837838,
  "food_eaten": 41,
  "timestamp": "2024-12-11T16:07:37.673065",
  "initial_state": {
    "snake_position": {
      "x": 9,
      "y": 6
    },
    "food_position": {
      "x": 1,
      "y": 28
    },
    "random_seed": [
      3,
      [
        2695647462,
        3776848430,
        1764945632,
        4142817904,
        973631693,
        3644228486,
        2057485440,
        1746493476,
        952551003,
        3891729897,
        3067783224,
        1874697931,
        2210129614,
        1505401066,
        1789345755,
        3731714609,
        1994241388,
        1105345959,
        2477197960,
        2076140798,
        3519356181,
        2587270106,
        4182508663,
        3265622257,
        784733275,
        1299943044,
        229097727,
        2124288411,
        1483180916,
        868216797,
        3283618926,
        2807481441,
        497905762,
        2850632716,
        2955762326,
        855545006,
        3925011796,
        3872146614,
        2988202671,
        1569564276,
        2122169214,
        4077193965,
        183380459,
        200548674,
        1415391896,
        2890766331,
        3545952818,
        2854602123,
        4053448646,
        3624785874,
        3678215536,
        1757975801,
        2172716232,
        89201226,
        626107081,
        3128242341,
        1295713547,
        3513943450,
        4189402815,
        3902302567,
        3959807611,
        590754710,
        2132194577,
        1247648491,
        416346558,
        4130156388,
        531703950,
        260082114,
        4068361218,
        3280668755,
        1026290640,
        2888141900,
        998471687,
        1218757205,
        1034930494,
        290004045,
        2104204380,
        3941148691,
        1462911002,
        1318891613,
        2745131421,
        950449923,
        1643804859,
        307456002,
        1082222369,
        2342119549,
        3086774632,
        88610388,
        939537226,
        1974279465,
        1048531908,
        2475410012,
        1946291358,
        116616446,
        3576767244,
        3676439646,
        3484797108,
        405166327,
        3361730904,
        164535834,
        1403277020,
        860862418,
        312777535,
        1443859527,
        2291632638,
        373357590,
        2774207351,
        2211912542,
        1100459158,
        3118757541,
        1919822514,
        114155032,
        4049872969,
        3710197878,
        904774232,
        1608708854,
        4026153610,
        1400141345,
        799070290,
        3445975096,
        398761990,
        1597743717,
        2967299132,
        2598465551,
        3855865134,
        1318931915,
        2651057798,
        529730045,
        442317048,
        2109681448,
        93105444,
        226939539,
        1061655467,
        178832910,
        3282199267,
        3764300605,
        1023351523,
        3397077610,
        3069727972,
        1506810004,
        3714894393,
        3813616195,
        1767263896,
        3124791683,
        3156596945,
        2750454189,
        709876760,
        3007844330,
        63324523,
        4183641723,
        1471028915,
        1150504322,
        86375340,
        1471425835,
        3531133142,
        3873265994,
        780119887,
        214650721,
        3040233350,
        1542460743,
        2866962310,
        895248588,
        3422144660,
        2908608193,
        1424206134,
        1734076326,
        2942739981,
        1374202107,
        252253010,
        3351616467,
        3465662800,
        3538690260,
        328458727,
        3944831988,
        97198088,
        3105225470,
        1465371089,
        2556574048,
        860813493,
        4233138523,
        1111398551,
        2640654768,
        2087707029,
        2121789472,
        576717176,
        3200841377,
        4202882299,
        785708755,
        859878586,
        3349118445,
        2527162445,
        3215149136,
        745010353,
        3243407392,
        3024169150,
        1456252442,
        4163537761,
        2580334398,
        2369427729,
        125054396,
        959036298,
        1053211158,
        3328574465,
        3856594345,
        771031820,
        2469357092,
        2917501675,
        3843554250,
        2832127605,
        3894399915,
        774232217,
        3505971429,
        1123012262,
        3630290177,
        3983132544,
        987861703,
        81252815,
        1571504145,
        317194289,
        2664823574,
        1180907859,
        1758759020,
        3706981624,
        4195337194,
        129674839,
        3760034262,
        3030654554,
        267845206,
        3516827921,
        2762167378,
        750920535,
        2094238154,
        2006040465,
        1099713432,
        4099393089,
        3912752026,
        410102645,
        831083771,
        3889831585,
        444192063,
        1669123541,
        1268045569,
        1756941245,
        1113553028,
        3176067879,
        3508903778,
        1371142905,
        836542964,
        449715647,
        644028449,
        1239612923,
        1752144791,
        3120319904,
        777951155,
        1018808721,
        2222525962,
        2153389682,
        1782680878,
        2400352845,
        702336257,
        3450946169,
        1427528496,
        1188672703,
        3090821087,
        1875826178,
        2434778729,
        1779678391,
        706489581,
        1685288233,
        3170726157,
        1636132800,
        3866192751,
        3160084697,
        4006861782,
        1775227333,
        1049342526,
        3179028970,
        46086499,
        1097248055,
        2028030767,
        1396217664,
        1137864249,
        499972897,
        1890642614,
        3453229237,
        2243893760,
        3196798223,
        3291974635,
        853009977,
        1995815868,
        1936511532,
        2585342730,
        429272457,
        3821163092,
        3406456428,
        727370059,
        1973005536,
        1314018245,
        1512262220,
        1683379561,
        2441420257,
        62553753,
        4243732960,
        931463254,
        1173048072,
        3612399244,
        2218044419,
        2571520944,
        3844519426,
        1359827153,
        1328440879,
        3581389175,
        1279757702,
        1884096,
        3254853364,
        3359097649,
        3751205025,
        300706765,
        625845706,
        2044149953,
        891731297,
        2838544967,
        2085561465,
        1700540367,
        151682636,
        428177623,
        42375533,
        1321108235,
        2757042448,
        423139270,
        27110143,
        647755961,
        2973163675,
        3979737176,
        1345670237,
        2417117608,
        3025245082,
        3003052057,
        1330191410,
        90246080,
        2666029980,
        3861892397,
        3674593348,
        2193382702,
        3565122891,
        4096933785,
        2409927150,
        1070299861,
        217943678,
        4056788809,
        3371445760,
        2630397615,
        308036403,
        1056234997,
        1478290510,
        339069274,
        2304769295,
        1062457050,
        3477752667,
        3866648,
        368201280,
        1896857944,
        3578723125,
        309051559,
        3166075116,
        2042320078,
        1201825460,
        2770832534,
        3367825455,
        416961226,
        1217296142,
        797286124,
        2502623808,
        263438906,
        3798715447,
        381865737,
        2064424611,
        3560644659,
        999774320,
        4070036140,
        3236832559,
        3937995091,
        437746907,
        799115535,
        795589598,
        239670515,
        1944490337,
        2781919335,
        1523057854,
        3713518493,
        2797980268,
