{
  "generation": 58,
  "fitness": 2928.6066584463624,
  "food_eaten": 39,
  "timestamp": "2024-12-11T16:06:40.407450",
  "initial_state": {
    "snake_position": {
      "x": 13,
      "y": 13
    },
    "food_position": {
      "x": 22,
      "y": 3
    },
    "random_seed": [
      3,
      [
        535814864,
        1439743638,
        2932668886,
        2852839827,
        3699231239,
        1423129302,
        3545967748,
        2018604097,
        1424390798,
        292513723,
        2654028812,
        3081733796,
        1312360783,
        2790625484,
        2379909837,
        2082764753,
        4186021351,
        3856779767,
        3056015574,
        3589807324,
        3511650888,
        2180312332,
        3534052380,
        4035000901,
        3167808730,
        330200028,
        1039509588,
        2746840106,
        3928663587,
        1499701039,
        3129299729,
        115490750,
        3099563429,
        4026767599,
        4160156318,
        1355621408,
        3552943087,
        1513956958,
        2144793341,
        849580893,
        2903679386,
        3525906186,
        1564420988,
        1807557220,
        685762881,
        2286696651,
        2612019708,
        2753130112,
        1387595879,
        1352529370,
        2253440059,
        851482030,
        613241225,
        1085897455,
        3437576051,
        1220740352,
        3616160456,
        3899201562,
        2998797801,
        279767930,
        597446219,
        1369457342,
        1823955911,
        723081982,
        2227374482,
        2491272346,
        1664159383,
        3187005842,
        1621718941,
        2033731116,
        3888770301,
        471595052,
        2651864788,
        538376866,
        2074701701,
        3872012248,
        1814512975,
        1918751459,
        3598025418,
        3342937678,
        2991199504,
        173491742,
        1448685105,
        132644233,
        2895134846,
        4257608265,
        1005478203,
        21546679,
        2545641165,
        577240542,
        3919130965,
        3360965562,
        3044115301,
        3061096862,
        916316565,
        544703539,
        717163240,
        2111009492,
        1724322740,
        1966311466,
        1550552874,
        1486569964,
        1483294743,
        4262546561,
        3322641704,
        1058419691,
        2938586200,
        4077668884,
        657970976,
        1437799266,
        3547062545,
        3581033918,
        3665416952,
        557230506,
        2912329194,
        1683820269,
        4249476047,
        1670408101,
        820024451,
        2872591398,
        1223406267,
        4190022816,
        3261859794,
        1141116673,
        3429373925,
        3029448526,
        788641449,
        1110841541,
        4060691113,
        4237657317,
        236452512,
        1798906248,
        2638542720,
        3297249418,
        2870371129,
        1778009405,
        1273407875,
        1264890815,
        1149357311,
        1380360465,
        1766213329,
        866123731,
        2514513921,
        1006325359,
        2338175454,
        456777565,
        2161533969,
        1288543690,
        195629776,
        1109757960,
        2115254814,
        2375518139,
        364023207,
        2359676153,
        2595616407,
        3833037937,
        2227024486,
        2978312609,
        1657817013,
        4013190226,
        1880173246,
        2491879986,
        955848268,
        4012615523,
        1173360567,
        3206162218,
        3370605567,
        2090482885,
        3005340499,
        3177248656,
        269254174,
        584452260,
        1139116319,
        1601342776,
        3554775169,
        3274492628,
        2250615210,
        3521502677,
        2518658023,
        2549698227,
        1264922705,
        2968834818,
        3370697632,
        458982886,
        1056038249,
        1878129714,
        2937880291,
        3901639346,
        3483944156,
        1426655716,
        3688086499,
        4075077746,
        1568237277,
        3224504565,
        1514015426,
        3302906943,
        3098690519,
        1675818956,
        819185350,
        4127619388,
        1057077633,
        4293314454,
        1729728468,
        3014493202,
        4117150775,
        513351852,
        22708781,
        3972313291,
        2554619730,
        1643691751,
        1135360972,
        225691596,
        2895850222,
        4276507362,
        2517971411,
        3274061313,
        3120012979,
        300541267,
        3973327043,
        3289220385,
        526576085,
        748418462,
        2225240097,
        862504006,
        955917228,
        2956096110,
        1975434763,
        3356498834,
        3329431093,
        1075180875,
        2388446021,
        2059368071,
        3032498393,
        1669431351,
        970866723,
        2968240168,
        3110354831,
        1326911101,
        3721504726,
        1603021830,
        1344226941,
        4239577992,
        1337222269,
        4073840057,
        1375030135,
        3388694461,
        2293354149,
        3952615266,
        2233816790,
        2879421871,
        2904881273,
        3142711709,
        2978672043,
        3565027807,
        4124693715,
        3994497586,
        2788648666,
        536321865,
        4171955808,
        916712249,
        3253119639,
        1576709799,
        2082681483,
        279278621,
        2414274109,
        2449635420,
        1604719233,
        2217660893,
        1727680587,
        2709324025,
        357503025,
        2435581027,
        3913933136,
        3352117743,
        676551747,
        3953354415,
        2030526161,
        1353571298,
        2938432925,
        3066818158,
        3283009990,
        1380661070,
        1824043295,
        1444092726,
        2970180630,
        1970614634,
        3126013524,
        419224286,
        3819360419,
        2264818508,
        2922416577,
        3216265196,
        3357453107,
        3620429477,
        689935799,
        4274122730,
        3760394318,
        3955339353,
        3185144881,
        3825701616,
        2882525872,
        2777293962,
        2868087147,
        206965594,
        536702876,
        40065085,
        1672524570,
        3662966661,
        107293268,
        1801082309,
        2908492924,
        3109033872,
        2440233374,
        3126970548,
        468689579,
        4293683774,
        2847117595,
        2676257083,
        473040100,
        3965941408,
        3960677942,
        1275825309,
        31750943,
        1134328290,
        2942884823,
        3976450446,
        1074942662,
        2067807643,
        3683660347,
        3690591927,
        1284109374,
        44790281,
        1449533831,
        1595599350,
        1407479154,
        257191956,
        1448993840,
        311371810,
        2988901732,
        3852228869,
        3709905257,
        1799872420,
        3601912414,
        1007232402,
        2951484326,
        1269567759,
        1730418324,
        1418466990,
        1012377035,
        1916367350,
        1822077980,
        1766822305,
        3068562272,
        321470216,
        715544343,
        4191703960,
        3127586091,
        3168932028,
        2125791893,
        1408099872,
        3968312255,
        3160230164,
        1592960894,
        3645886944,
        1479744939,
        541779071,
        1989361333,
        509570162,
        13820941,
        3451781821,
        42782050,
        3826938489,
        1744603816,
        1466608927,
        125141508,
        2952295048,
        1377170738,
        2143149510,
        2350183267,
        1815525359,
        1147757637,
        118690623,
        622258635,
        907999791,
        2127267033,
        3912314053,
        3239725790,
        2062372037,
        917887890,
