{
  "generation": 5,
  "fitness": 305.55555555555554,
  "food_eaten": 4,
  "timestamp": "2024-12-11T16:05:49.388793",
  "initial_state": {
    "snake_position": {
      "x": 28,
      "y": 16
    },
    "food_position": {
      "x": 19,
      "y": 1
    },
    "random_seed": [
      3,
      [
        674958231,
        1472989442,
        3593515525,
        3398307581,
        668504285,
        3986065015,
        2410475074,
        2722735351,
        2321231511,
        1792681131,
        1853717732,
        572979175,
        1433105568,
        1431782417,
        879320132,
        496056029,
        1992965060,
        1130707231,
        661720194,
        1512770785,
        3653531233,
        2256938647,
        735579663,
        4128629520,
        1895512790,
        1677003969,
        2512800006,
        911068909,
        4134013687,
        3017519182,
        836741552,
        2251796840,
        3219414402,
        2808375754,
        177311939,
        42268828,
        2859763585,
        2712594641,
        2924643759,
        49749353,
        2597468060,
        2005885832,
        11449515,
        2266728271,
        3035472959,
        3925297516,
        984699214,
        1060080845,
        647945957,
        3982160599,
        984635498,
        3539402082,
        2375167082,
        3634379632,
        2508968260,
        1856430053,
        4027669070,
        3749947329,
        1512811083,
        2067617808,
        3048504363,
        440590280,
        2825453047,
        3946142066,
        1664892967,
        1719562153,
        1136986445,
        1712518839,
        4229578754,
        395077482,
        342513521,
        3655267640,
        2238176699,
        2582343609,
        3177565513,
        1401979185,
        3771971643,
        3665075261,
        1549532219,
        2920584010,
        685496848,
        961158574,
        2131806470,
        1830304338,
        24167152,
        4142121520,
        930200131,
        406158893,
        1025185997,
        2995043673,
        3196130495,
        3774180234,
        1230902510,
        3033001523,
        128282503,
        3399333457,
        2616152943,
        1248914953,
        3776623544,
        1288040496,
        4288471745,
        3212940982,
        3802466052,
        1991991428,
        2003333067,
        172524532,
        3256990258,
        475183845,
        3780995107,
        2854715435,
        306031844,
        905650163,
        2576725721,
        2598371683,
        1685243805,
        1291079660,
        3894547209,
        2815689169,
        1830744428,
        685524909,
        1803185282,
        1867685367,
        3357315536,
        4240780631,
        1001273234,
        417930759,
        1949478652,
        1356493129,
        2785640567,
        3569703704,
        1205368572,
        3265352136,
        1850412403,
        2248915523,
        995183603,
        247909302,
        3834508910,
        430811345,
        1251752913,
        1672717931,
        1120907826,
        77847592,
        3094912338,
        64600816,
        2825015432,
        1730973134,
        1561614848,
        4125139753,
        2691341583,
        819166714,
        1474756340,
        1016931781,
        2575016461,
        1810379502,
        3194405225,
        1627093841,
        2540073479,
        997958526,
        529900935,
        2087863964,
        418248531,
        4041712093,
        610506359,
        834091979,
        1195396595,
        3776569101,
        3991082719,
        1127231352,
        2483706829,
        3264693152,
        2626578293,
        1271142958,
        3323830155,
        3921754038,
        1461868824,
        899445931,
        945806748,
        2423288987,
        3602809161,
        2327846118,
        949658466,
        737106907,
        289248447,
        1937234111,
        807259494,
        3872398361,
        3495966298,
        2126899138,
        2791993237,
        673630441,
        1188708158,
        1092826706,
        529481410,
        2670099306,
        4036499042,
        3024506887,
        2577550026,
        1243234424,
        1331841552,
        1828069881,
        4145707350,
        2200048838,
        3422112043,
        3747597655,
        483032301,
        451168958,
        3309130396,
        3420277117,
        1250113151,
        684888377,
        82981278,
        2437301228,
        2895649585,
        1442877787,
        1587237283,
        3965289848,
        550223880,
        2822868270,
        198350598,
        238206395,
        3521915303,
        110220426,
        2701189888,
        1584976597,
        1390037101,
        4203503020,
        3750776267,
        926934832,
        292244094,
        4155555548,
        3686032591,
        494515804,
        3919414608,
        1437408698,
        3502232791,
        568454764,
        1466533768,
        3991525089,
        2553395863,
        274031748,
        1755708480,
        2929403397,
        1309060526,
        4095904545,
        2973718005,
        1293298683,
        29859382,
        1796538042,
        1345078137,
        1383355652,
        1531693570,
        21248303,
        2094249672,
        956745674,
        2456694557,
        1233267675,
        3553252121,
        4176378229,
        1960334654,
        2612990912,
        3797600017,
        2537128847,
        3131895507,
        2133105719,
        3957200591,
        1580622925,
        2515194069,
        3376858508,
        3799117003,
        2776536264,
        1075640629,
        3370623716,
        4185155506,
        3171118607,
        261662633,
        2704635802,
        2219316852,
        780632324,
        1412438146,
        844833017,
        94273371,
        2499477355,
        2046482191,
        3326630922,
        2413777552,
        3145105662,
        235409503,
        1770257707,
        4189098925,
        4247364889,
        2654864887,
        3958463719,
        3751918568,
        376979050,
        724061918,
        3210932057,
        3067069612,
        410354130,
        1132241478,
        3190689554,
        2076994023,
        3060407263,
        3535627722,
        1148667708,
        2597872339,
        3578798604,
        1473837458,
        2113270453,
        700772226,
        3850658617,
        2273963856,
        2678398352,
        273516904,
        3894497114,
        3959928915,
        2173628188,
        1548666858,
        3243101790,
        656352513,
        3032159909,
        1545666164,
        2607735235,
        4111576533,
        754200513,
        927566938,
        697390915,
        307067393,
        3655187706,
        3324012855,
        869860282,
        1629978578,
        951305554,
        2334014428,
        2444214998,
        3192669785,
        2263791324,
        2785291963,
        941670783,
        2773227824,
        1564117672,
        3599865081,
        1838607151,
        223819289,
        548877737,
        2625571296,
        1671306925,
        1693282839,
        3466477518,
        2487121103,
        1581431716,
        1818537719,
        3944801852,
        1072077966,
        1554291391,
        86283240,
        110729391,
        1773584851,
        226922637,
        968618584,
        3090967706,
        2185685261,
        4097690861,
        1968150770,
        4069493601,
        2702553688,
        1838473717,
        76680941,
        2672297411,
        811348713,
        3893469539,
        2910661986,
        226653752,
        3186661542,
        45641129,
        3241824785,
        2047699049,
        2110501781,
        1272490487,
        3194557491,
        2060463565,
        4200728912,
        1406048895,
        2177449585,
        1181445912,
        3767701302,
        3756513965,
        3847861634,
        2158640159,
        2143442018,
        1896112985,
