{
  "generation": 54,
  "fitness": 2553.65329512894,
  "food_eaten": 34,
  "timestamp": "2024-12-11T16:06:35.601379",
  "initial_state": {
    "snake_position": {
      "x": 27,
      "y": 13
    },
    "food_position": {
      "x": 19,
      "y": 8
    },
    "random_seed": [
      3,
      [
        966013906,
        1321647788,
        2767297280,
        2706079183,
        632923968,
        3811465136,
        1760066737,
        3376451763,
        2529035819,
        1533577522,
        2818970301,
        890176151,
        261398242,
        19014179,
        2792071572,
        716798947,
        3146536736,
        2617638896,
        535684280,
        447853520,
        270822832,
        356060632,
        1911906783,
        592138412,
        1555403715,
        2444557380,
        4048423884,
        2216084201,
        625206478,
        2304629953,
        1918423171,
        3080950064,
        4062980770,
        889619902,
        508914656,
        3236981625,
        3188204100,
        293105874,
        1631180920,
        1882328714,
        1301989985,
        879219551,
        3546704716,
        2706889504,
        3600295111,
        1953370379,
        3090413819,
        4245533865,
        3184955570,
        1235284803,
        3103936914,
        4293638557,
        3710919814,
        3127541813,
        3647606502,
        2326055278,
        4241331284,
        2935329276,
        453218262,
        4057894121,
        2284473288,
        2700260231,
        3813403336,
        3405444119,
        3501112080,
        2785379801,
        4140160458,
        618116571,
        2934353211,
        4263369863,
        135537780,
        2095309542,
        3624163699,
        3872749737,
        3339614627,
        1170264008,
        2532613541,
        3385650862,
        3326575044,
        422861947,
        2105103663,
        1147407407,
        4133187945,
        762203412,
        929526989,
        2628035,
        4261336680,
        1447103329,
        2256058871,
        910321722,
        843037240,
        1982220106,
        2613095885,
        102952409,
        866705284,
        564061641,
        1803818949,
        2036709520,
        4286862524,
        2436348280,
        3066523817,
        1585656687,
        3373667124,
        1225817592,
        1521052729,
        982534357,
        3078166644,
        475711165,
        158371892,
        1848222797,
        3950991450,
        2907499190,
        393942927,
        1731589848,
        2175512477,
        3579448361,
        3270690831,
        44470711,
        4166068116,
        544361948,
        3544804601,
        519281317,
        2079344220,
        1737929575,
        4196363983,
        3961298598,
        3145040684,
        3043495685,
        3825257241,
        1919998527,
        1470735230,
        496813384,
        1853790828,
        1794852685,
        3977514577,
        2605722975,
        2708239989,
        843320860,
        2776762541,
        1954488558,
        740762869,
        1988723583,
        3193692967,
        1656241724,
        1664429990,
        2223755890,
        1624032992,
        1296872666,
        829482401,
        285830086,
        164652436,
        1921870399,
        2066363683,
        2172980709,
        2534161688,
        266635168,
        2732334130,
        2575244045,
        1477872087,
        2452508512,
        3610205975,
        316886821,
        2287622241,
        743512288,
        2061845821,
        3057246000,
        167735477,
        4037095846,
        933100595,
        1585054067,
        3625433017,
        1588311851,
        2630376993,
        3679215518,
        3566799008,
        1219628441,
        3513414896,
        1323958147,
        165120682,
        796363818,
        138274990,
        88027503,
        3227312178,
        2808833806,
        1661995275,
        1131588562,
        4200602058,
        3900775761,
        3716517220,
        3867428752,
        40575141,
        3521404551,
        4171708249,
        3094511006,
        1849116462,
        2522250713,
        741970517,
        255420849,
        3602726042,
        2508132791,
        2974562986,
        3321806473,
        3577783652,
        2880285351,
        1037466328,
        1854066220,
        601449326,
        101275989,
        2037890735,
        2771135614,
        3495097741,
        2461190956,
        4123549663,
        3137998069,
        2414282413,
        1353691746,
        3929146908,
        1286335116,
        3126437383,
        204659299,
        3787559533,
        3571768489,
        773379619,
        963226539,
        3791269816,
        274786219,
        1867036102,
        2080598796,
        3213968560,
        285819147,
        2628385097,
        2749618810,
        66823952,
        1281998148,
        2179189585,
        2198754126,
        1860500949,
        2291754731,
        1478338276,
        2555476802,
        1712126593,
        913177852,
        2656730891,
        2373286646,
        2195414823,
        1053673864,
        1054898789,
        1943106782,
        2869572373,
        3241586834,
        4118203625,
        3499356258,
        578819003,
        2555510206,
        1823886634,
        3377180661,
        2887981960,
        3916645339,
        1982509794,
        288897107,
        3133438518,
        2027249287,
        2996427618,
        3919880683,
        753437929,
        1256247769,
        392993364,
        2876059757,
        425882738,
        10141958,
        2161749303,
        3699733855,
        3012689778,
        2534863414,
        2761046304,
        446196377,
        2112962056,
        792575222,
        3285640161,
        3601747228,
        482205364,
        2370822358,
        1659750658,
        2872717902,
        3339478935,
        3317506291,
        3289682689,
        3430252670,
        2744776026,
        1557580537,
        460863254,
        1437823885,
        3557324395,
        2184753145,
        1229558708,
        1279853640,
        1434627892,
        3199575996,
        4174790653,
        2780441058,
        3378519516,
        2866112875,
        17599361,
        3531717657,
        2504793534,
        2405392814,
        51424240,
        3354105076,
        3827702251,
        2184795100,
        3860692397,
        3542446505,
        2882783513,
        1458569588,
        3539007562,
        1368242808,
        2330927689,
        2010191289,
        4134701550,
        696808630,
        231140897,
        2524118448,
        1776560913,
        1144271155,
        3767931024,
        1950848761,
        151692293,
        4120608732,
        2130436181,
        2698396781,
        2735406328,
        4209038951,
        852658715,
        2756416861,
        1088013927,
        2898989439,
        2254544052,
        2649982854,
        3708483913,
        905411230,
        4027798198,
        160378583,
        3633220211,
        2681147784,
        725040010,
        13930200,
        610050996,
        183915121,
        3283963355,
        3412569636,
        45259053,
        2004491792,
        1922374676,
        3192915700,
        3945345096,
        2946039846,
        3158984106,
        374091280,
        4174395733,
        2953269631,
        2472569319,
        2757842452,
        477339388,
        402957172,
        3750723363,
        2804960251,
        2232525707,
        2286158997,
        806215372,
        2320285074,
        2981412482,
        3759155121,
        3426795428,
        2109706429,
        3187254258,
        3152876218,
        4150565580,
        618684147,
        3118862902,
        2389926019,
        3778457640,
        3368247153,
        1968148570,
        3193786761,
        1236507174,
        2227769635,
        260019779,
        2664554186,
        3705068729,
        2596062116,
